"matchId","difficulty","opponentVersion","humanDisc","ranked","eligible","decisionActor","decisionId","ply","candidateId","column","landingRow","exclusionReason","selected","lowerBound","upperBound","nodes","leaves","cutoffs","maxDepth","budgetExhausted","humanWinningReplies","playableThreats","unsupportedThreats","utility"
"bench-20260922-0-1","normal","benchmark-c4-policy-1.0.0-local","2","false","true","policy","bench-20260922-0-1-ply-1","1","c3","3","0","","true","-1","1","8","7","0","1","false","0","0","0",""
"bench-20260922-0-1","normal","benchmark-c4-policy-1.0.0-local","2","false","true","policy","bench-20260922-0-1-ply-1","1","c2","2","0","","false","-1","1","8","7","0","1","false","0","0","0",""
"bench-20260922-0-1","normal","benchmark-c4-policy-1.0.0-local","2","false","true","policy","bench-20260922-0-1-ply-1","1","c4","4","0","","false","-1","1","8","7","0","1","false","0","0","0",""
"bench-20260922-0-1","normal","benchmark-c4-policy-1.0.0-local","2","false","true","policy","bench-20260922-0-1-ply-1","1","c1","1","0","","false","-1","1","8","7","0","1","false","0","0","0",""
"bench-20260922-0-1","normal","benchmark-c4-policy-1.0.0-local","2","false","true","policy","bench-20260922-0-1-ply-1","1","c5","5","0","","false","-1","1","8","7","0","1","false","0","0","0",""
"bench-20260922-0-1","normal","benchmark-c4-policy-1.0.0-local","2","false","true","policy","bench-20260922-0-1-ply-1","1","c0","0","0","","false","-1","1","8","7","0","1","false","0","0","0",""
"bench-20260922-0-1","normal","benchmark-c4-policy-1.0.0-local","2","false","true","policy","bench-20260922-0-1-ply-1","1","c6","6","0","","false","-1","1","8","7","0","1","false","0","0","0",""
"bench-20260922-0-1","normal","benchmark-c4-policy-1.0.0-local","2","false","true","policy","bench-20260922-0-1-ply-3","3","c3","3","2","","false","-1","1","8","7","0","1","false","0","0","0",""
"bench-20260922-0-1","normal","benchmark-c4-policy-1.0.0-local","2","false","true","policy","bench-20260922-0-1-ply-3","3","c2","2","0","","true","-1","1","8","7","0","1","false","0","0","0",""
"bench-20260922-0-1","normal","benchmark-c4-policy-1.0.0-local","2","false","true","policy","bench-20260922-0-1-ply-3","3","c4","4","0","","false","-1","1","8","7","0","1","false","0","0","0",""
"bench-20260922-0-1","normal","benchmark-c4-policy-1.0.0-local","2","false","true","policy","bench-20260922-0-1-ply-3","3","c1","1","0","","false","-1","1","8","7","0","1","false","0","0","0",""
"bench-20260922-0-1","normal","benchmark-c4-policy-1.0.0-local","2","false","true","policy","bench-20260922-0-1-ply-3","3","c5","5","0","","false","-1","1","8","7","0","1","false","0","0","0",""
"bench-20260922-0-1","normal","benchmark-c4-policy-1.0.0-local","2","false","true","policy","bench-20260922-0-1-ply-3","3","c0","0","0","","false","-1","1","8","7","0","1","false","0","0","0",""
"bench-20260922-0-1","normal","benchmark-c4-policy-1.0.0-local","2","false","true","policy","bench-20260922-0-1-ply-3","3","c6","6","0","","false","-1","1","8","7","0","1","false","0","0","0",""
"bench-20260922-0-1","normal","benchmark-c4-policy-1.0.0-local","2","false","true","policy","bench-20260922-0-1-ply-5","5","c3","3","2","","false","-1","1","8","7","0","1","false","0","0","0",""
"bench-20260922-0-1","normal","benchmark-c4-policy-1.0.0-local","2","false","true","policy","bench-20260922-0-1-ply-5","5","c2","2","1","","false","-1","1","8","7","0","1","false","0","0","0",""
"bench-20260922-0-1","normal","benchmark-c4-policy-1.0.0-local","2","false","true","policy","bench-20260922-0-1-ply-5","5","c4","4","0","","true","-1","1","8","7","0","1","false","0","2","0",""
"bench-20260922-0-1","normal","benchmark-c4-policy-1.0.0-local","2","false","true","policy","bench-20260922-0-1-ply-5","5","c1","1","0","","false","-1","1","8","7","0","1","false","0","2","0",""
"bench-20260922-0-1","normal","benchmark-c4-policy-1.0.0-local","2","false","true","policy","bench-20260922-0-1-ply-5","5","c5","5","0","","false","-1","1","8","7","0","1","false","0","1","0",""
"bench-20260922-0-1","normal","benchmark-c4-policy-1.0.0-local","2","false","true","policy","bench-20260922-0-1-ply-5","5","c0","0","0","","false","-1","1","8","7","0","1","false","0","1","0",""
"bench-20260922-0-1","normal","benchmark-c4-policy-1.0.0-local","2","false","true","policy","bench-20260922-0-1-ply-5","5","c6","6","1","","false","-1","1","8","7","0","1","false","0","0","0",""
"bench-20260922-0-1","normal","benchmark-c4-policy-1.0.0-local","2","false","false","policy","bench-20260922-0-1-ply-7","7","c3","3","2","proven_win_available","false","-1","1","8","7","0","1","false","0","1","0",""
"bench-20260922-0-1","normal","benchmark-c4-policy-1.0.0-local","2","false","false","policy","bench-20260922-0-1-ply-7","7","c2","2","1","proven_win_available","false","-1","1","8","7","0","1","false","0","1","0",""
"bench-20260922-0-1","normal","benchmark-c4-policy-1.0.0-local","2","false","false","policy","bench-20260922-0-1-ply-7","7","c4","4","1","proven_win_available","false","-1","1","8","7","0","1","false","0","1","0",""
"bench-20260922-0-1","normal","benchmark-c4-policy-1.0.0-local","2","false","false","policy","bench-20260922-0-1-ply-7","7","c1","1","1","proven_win_available","false","-1","1","8","7","0","1","false","0","1","0",""
"bench-20260922-0-1","normal","benchmark-c4-policy-1.0.0-local","2","false","true","policy","bench-20260922-0-1-ply-7","7","c5","5","0","","true","1","1","1","1","0","0","false","0","0","0",""
"bench-20260922-0-1","normal","benchmark-c4-policy-1.0.0-local","2","false","false","policy","bench-20260922-0-1-ply-7","7","c0","0","0","proven_win_available","false","-1","1","8","7","0","1","false","0","1","0",""
"bench-20260922-0-1","normal","benchmark-c4-policy-1.0.0-local","2","false","false","policy","bench-20260922-0-1-ply-7","7","c6","6","1","proven_win_available","false","-1","1","8","7","0","1","false","0","1","0",""
"bench-20260922-0-2","normal","benchmark-c4-policy-1.0.0-local","1","false","true","policy","bench-20260922-0-2-ply-2","2","c3","3","1","","true","-1","1","8","7","0","1","false","0","0","0",""
"bench-20260922-0-2","normal","benchmark-c4-policy-1.0.0-local","1","false","true","policy","bench-20260922-0-2-ply-2","2","c2","2","0","","false","-1","1","8","7","0","1","false","0","0","0",""
"bench-20260922-0-2","normal","benchmark-c4-policy-1.0.0-local","1","false","true","policy","bench-20260922-0-2-ply-2","2","c4","4","0","","false","-1","1","8","7","0","1","false","0","0","0",""
"bench-20260922-0-2","normal","benchmark-c4-policy-1.0.0-local","1","false","true","policy","bench-20260922-0-2-ply-2","2","c1","1","0","","false","-1","1","8","7","0","1","false","0","0","0",""
"bench-20260922-0-2","normal","benchmark-c4-policy-1.0.0-local","1","false","true","policy","bench-20260922-0-2-ply-2","2","c5","5","0","","false","-1","1","8","7","0","1","false","0","0","0",""
"bench-20260922-0-2","normal","benchmark-c4-policy-1.0.0-local","1","false","true","policy","bench-20260922-0-2-ply-2","2","c0","0","0","","false","-1","1","8","7","0","1","false","0","0","0",""
"bench-20260922-0-2","normal","benchmark-c4-policy-1.0.0-local","1","false","true","policy","bench-20260922-0-2-ply-2","2","c6","6","0","","false","-1","1","8","7","0","1","false","0","0","0",""
"bench-20260922-0-2","normal","benchmark-c4-policy-1.0.0-local","1","false","true","policy","bench-20260922-0-2-ply-4","4","c3","3","2","","false","-1","1","8","7","0","1","false","0","0","0",""
"bench-20260922-0-2","normal","benchmark-c4-policy-1.0.0-local","1","false","true","policy","bench-20260922-0-2-ply-4","4","c2","2","0","","false","-1","1","8","7","0","1","false","0","0","0",""
"bench-20260922-0-2","normal","benchmark-c4-policy-1.0.0-local","1","false","true","policy","bench-20260922-0-2-ply-4","4","c4","4","0","","true","-1","1","8","7","0","1","false","0","0","0",""
"bench-20260922-0-2","normal","benchmark-c4-policy-1.0.0-local","1","false","true","policy","bench-20260922-0-2-ply-4","4","c1","1","0","","false","-1","1","8","7","0","1","false","0","0","0",""
"bench-20260922-0-2","normal","benchmark-c4-policy-1.0.0-local","1","false","true","policy","bench-20260922-0-2-ply-4","4","c5","5","0","","false","-1","1","8","7","0","1","false","0","0","0",""
"bench-20260922-0-2","normal","benchmark-c4-policy-1.0.0-local","1","false","true","policy","bench-20260922-0-2-ply-4","4","c0","0","0","","false","-1","1","8","7","0","1","false","0","0","0",""
"bench-20260922-0-2","normal","benchmark-c4-policy-1.0.0-local","1","false","true","policy","bench-20260922-0-2-ply-4","4","c6","6","1","","false","-1","1","8","7","0","1","false","0","0","0",""
"bench-20260922-0-2","normal","benchmark-c4-policy-1.0.0-local","1","false","true","policy","bench-20260922-0-2-ply-6","6","c3","3","2","","false","-1","1","8","7","0","1","false","0","0","0",""
"bench-20260922-0-2","normal","benchmark-c4-policy-1.0.0-local","1","false","true","policy","bench-20260922-0-2-ply-6","6","c2","2","0","","false","-1","1","8","7","0","1","false","0","0","0",""
"bench-20260922-0-2","normal","benchmark-c4-policy-1.0.0-local","1","false","true","policy","bench-20260922-0-2-ply-6","6","c4","4","1","","true","-1","1","8","7","0","1","false","0","0","0",""
"bench-20260922-0-2","normal","benchmark-c4-policy-1.0.0-local","1","false","true","policy","bench-20260922-0-2-ply-6","6","c1","1","1","","false","-1","1","8","7","0","1","false","0","0","0",""
"bench-20260922-0-2","normal","benchmark-c4-policy-1.0.0-local","1","false","true","policy","bench-20260922-0-2-ply-6","6","c5","5","0","","false","-1","1","8","7","0","1","false","0","0","0",""
"bench-20260922-0-2","normal","benchmark-c4-policy-1.0.0-local","1","false","true","policy","bench-20260922-0-2-ply-6","6","c0","0","0","","false","-1","1","8","7","0","1","false","0","0","0",""
"bench-20260922-0-2","normal","benchmark-c4-policy-1.0.0-local","1","false","true","policy","bench-20260922-0-2-ply-6","6","c6","6","1","","false","-1","1","8","7","0","1","false","0","0","0",""
"bench-20260922-0-2","normal","benchmark-c4-policy-1.0.0-local","1","false","true","policy","bench-20260922-0-2-ply-8","8","c3","3","2","","false","-1","1","8","7","0","1","false","0","0","0",""
"bench-20260922-0-2","normal","benchmark-c4-policy-1.0.0-local","1","false","true","policy","bench-20260922-0-2-ply-8","8","c2","2","0","","false","-1","1","8","7","0","1","false","0","0","0",""
"bench-20260922-0-2","normal","benchmark-c4-policy-1.0.0-local","1","false","true","policy","bench-20260922-0-2-ply-8","8","c4","4","3","","false","-1","1","8","7","0","1","false","0","0","0",""
"bench-20260922-0-2","normal","benchmark-c4-policy-1.0.0-local","1","false","true","policy","bench-20260922-0-2-ply-8","8","c1","1","1","","true","-1","1","8","7","0","1","false","0","0","1",""
"bench-20260922-0-2","normal","benchmark-c4-policy-1.0.0-local","1","false","true","policy","bench-20260922-0-2-ply-8","8","c5","5","0","","false","-1","1","8","7","0","1","false","0","0","0",""
"bench-20260922-0-2","normal","benchmark-c4-policy-1.0.0-local","1","false","true","policy","bench-20260922-0-2-ply-8","8","c0","0","0","","false","-1","1","8","7","0","1","false","0","0","0",""
"bench-20260922-0-2","normal","benchmark-c4-policy-1.0.0-local","1","false","true","policy","bench-20260922-0-2-ply-8","8","c6","6","1","","false","-1","1","8","7","0","1","false","0","0","1",""
"bench-20260922-0-2","normal","benchmark-c4-policy-1.0.0-local","1","false","false","policy","bench-20260922-0-2-ply-10","10","c3","3","2","proven_loss","false","-1","-1","3","2","1","1","false","1","0","1",""
"bench-20260922-0-2","normal","benchmark-c4-policy-1.0.0-local","1","false","true","policy","bench-20260922-0-2-ply-10","10","c2","2","0","","true","-1","1","8","7","0","1","false","0","1","0",""
"bench-20260922-0-2","normal","benchmark-c4-policy-1.0.0-local","1","false","false","policy","bench-20260922-0-2-ply-10","10","c4","4","3","proven_loss","false","-1","-1","3","2","1","1","false","1","0","1",""
"bench-20260922-0-2","normal","benchmark-c4-policy-1.0.0-local","1","false","false","policy","bench-20260922-0-2-ply-10","10","c1","1","2","proven_loss","false","-1","-1","3","2","1","1","false","1","0","1",""
"bench-20260922-0-2","normal","benchmark-c4-policy-1.0.0-local","1","false","false","policy","bench-20260922-0-2-ply-10","10","c5","5","0","proven_loss","false","-1","-1","3","2","1","1","false","1","0","1",""
"bench-20260922-0-2","normal","benchmark-c4-policy-1.0.0-local","1","false","false","policy","bench-20260922-0-2-ply-10","10","c0","0","1","proven_loss","false","-1","-1","3","2","1","1","false","1","0","1",""
"bench-20260922-0-2","normal","benchmark-c4-policy-1.0.0-local","1","false","false","policy","bench-20260922-0-2-ply-10","10","c6","6","1","proven_loss","false","-1","-1","3","2","1","1","false","1","0","2",""
"bench-20260922-0-2","normal","benchmark-c4-policy-1.0.0-local","1","false","false","policy","bench-20260922-0-2-ply-12","12","c3","3","3","proven_win_available","false","-1","1","8","7","0","1","false","0","1","0",""
"bench-20260922-0-2","normal","benchmark-c4-policy-1.0.0-local","1","false","true","policy","bench-20260922-0-2-ply-12","12","c2","2","1","","true","1","1","1","1","0","0","false","0","1","1",""
"bench-20260922-0-2","normal","benchmark-c4-policy-1.0.0-local","1","false","false","policy","bench-20260922-0-2-ply-12","12","c4","4","3","proven_win_available","false","-1","1","8","7","0","1","false","0","1","0",""
"bench-20260922-0-2","normal","benchmark-c4-policy-1.0.0-local","1","false","false","policy","bench-20260922-0-2-ply-12","12","c1","1","2","proven_win_available","false","-1","1","8","7","0","1","false","0","1","0",""
"bench-20260922-0-2","normal","benchmark-c4-policy-1.0.0-local","1","false","false","policy","bench-20260922-0-2-ply-12","12","c5","5","0","proven_win_available","false","-1","1","8","7","0","1","false","0","1","0",""
"bench-20260922-0-2","normal","benchmark-c4-policy-1.0.0-local","1","false","false","policy","bench-20260922-0-2-ply-12","12","c0","0","1","proven_win_available","false","-1","1","8","7","0","1","false","0","1","0",""
"bench-20260922-0-2","normal","benchmark-c4-policy-1.0.0-local","1","false","false","policy","bench-20260922-0-2-ply-12","12","c6","6","1","proven_win_available","false","-1","1","8","7","0","1","false","0","1","1",""
"bench-20260922-1-1","normal","benchmark-c4-policy-1.0.0-local","2","false","true","policy","bench-20260922-1-1-ply-3","3","c3","3","1","","true","-1","1","8","7","0","1","false","0","0","0",""
"bench-20260922-1-1","normal","benchmark-c4-policy-1.0.0-local","2","false","true","policy","bench-20260922-1-1-ply-3","3","c2","2","0","","false","-1","1","8","7","0","1","false","0","0","0",""
"bench-20260922-1-1","normal","benchmark-c4-policy-1.0.0-local","2","false","true","policy","bench-20260922-1-1-ply-3","3","c4","4","0","","false","-1","1","8","7","0","1","false","0","0","0",""
"bench-20260922-1-1","normal","benchmark-c4-policy-1.0.0-local","2","false","true","policy","bench-20260922-1-1-ply-3","3","c1","1","0","","false","-1","1","8","7","0","1","false","0","0","0",""
"bench-20260922-1-1","normal","benchmark-c4-policy-1.0.0-local","2","false","true","policy","bench-20260922-1-1-ply-3","3","c5","5","1","","false","-1","1","8","7","0","1","false","0","0","0",""
"bench-20260922-1-1","normal","benchmark-c4-policy-1.0.0-local","2","false","true","policy","bench-20260922-1-1-ply-3","3","c0","0","0","","false","-1","1","8","7","0","1","false","0","0","0",""
"bench-20260922-1-1","normal","benchmark-c4-policy-1.0.0-local","2","false","true","policy","bench-20260922-1-1-ply-3","3","c6","6","0","","false","-1","1","8","7","0","1","false","0","0","0",""
"bench-20260922-1-1","normal","benchmark-c4-policy-1.0.0-local","2","false","true","policy","bench-20260922-1-1-ply-5","5","c3","3","3","","false","-1","1","8","7","0","1","false","0","0","0",""
"bench-20260922-1-1","normal","benchmark-c4-policy-1.0.0-local","2","false","true","policy","bench-20260922-1-1-ply-5","5","c2","2","0","","false","-1","1","8","7","0","1","false","0","0","0",""
"bench-20260922-1-1","normal","benchmark-c4-policy-1.0.0-local","2","false","true","policy","bench-20260922-1-1-ply-5","5","c4","4","0","","false","-1","1","8","7","0","1","false","0","0","0",""
"bench-20260922-1-1","normal","benchmark-c4-policy-1.0.0-local","2","false","true","policy","bench-20260922-1-1-ply-5","5","c1","1","0","","false","-1","1","8","7","0","1","false","0","0","0",""
"bench-20260922-1-1","normal","benchmark-c4-policy-1.0.0-local","2","false","true","policy","bench-20260922-1-1-ply-5","5","c5","5","1","","true","-1","1","8","7","0","1","false","0","0","0",""
"bench-20260922-1-1","normal","benchmark-c4-policy-1.0.0-local","2","false","true","policy","bench-20260922-1-1-ply-5","5","c0","0","0","","false","-1","1","8","7","0","1","false","0","0","0",""
"bench-20260922-1-1","normal","benchmark-c4-policy-1.0.0-local","2","false","true","policy","bench-20260922-1-1-ply-5","5","c6","6","0","","false","-1","1","8","7","0","1","false","0","0","0",""
"bench-20260922-1-1","normal","benchmark-c4-policy-1.0.0-local","2","false","true","policy","bench-20260922-1-1-ply-7","7","c3","3","3","","false","-1","1","8","7","0","1","false","0","0","0",""
"bench-20260922-1-1","normal","benchmark-c4-policy-1.0.0-local","2","false","true","policy","bench-20260922-1-1-ply-7","7","c2","2","0","","false","-1","1","8","7","0","1","false","0","0","0",""
"bench-20260922-1-1","normal","benchmark-c4-policy-1.0.0-local","2","false","true","policy","bench-20260922-1-1-ply-7","7","c4","4","0","","false","-1","1","8","7","0","1","false","0","0","0",""
"bench-20260922-1-1","normal","benchmark-c4-policy-1.0.0-local","2","false","true","policy","bench-20260922-1-1-ply-7","7","c1","1","1","","false","-1","1","8","7","0","1","false","0","0","0",""
"bench-20260922-1-1","normal","benchmark-c4-policy-1.0.0-local","2","false","true","policy","bench-20260922-1-1-ply-7","7","c5","5","2","","true","-1","1","8","7","0","1","false","0","1","0",""
"bench-20260922-1-1","normal","benchmark-c4-policy-1.0.0-local","2","false","true","policy","bench-20260922-1-1-ply-7","7","c0","0","0","","false","-1","1","8","7","0","1","false","0","0","0",""
"bench-20260922-1-1","normal","benchmark-c4-policy-1.0.0-local","2","false","true","policy","bench-20260922-1-1-ply-7","7","c6","6","0","","false","-1","1","8","7","0","1","false","0","0","0",""
"bench-20260922-1-1","normal","benchmark-c4-policy-1.0.0-local","2","false","false","policy","bench-20260922-1-1-ply-9","9","c3","3","3","proven_win_available","false","-1","-1","3","2","1","1","false","1","1","0",""
"bench-20260922-1-1","normal","benchmark-c4-policy-1.0.0-local","2","false","false","policy","bench-20260922-1-1-ply-9","9","c2","2","0","proven_win_available","false","-1","1","8","7","0","1","false","0","1","0",""
"bench-20260922-1-1","normal","benchmark-c4-policy-1.0.0-local","2","false","false","policy","bench-20260922-1-1-ply-9","9","c4","4","0","proven_win_available","false","-1","-1","3","2","1","1","false","1","1","0",""
"bench-20260922-1-1","normal","benchmark-c4-policy-1.0.0-local","2","false","false","policy","bench-20260922-1-1-ply-9","9","c1","1","1","proven_win_available","false","-1","-1","3","2","1","1","false","1","1","0",""
"bench-20260922-1-1","normal","benchmark-c4-policy-1.0.0-local","2","false","true","policy","bench-20260922-1-1-ply-9","9","c5","5","3","","true","1","1","1","1","0","0","false","0","1","0",""
"bench-20260922-1-1","normal","benchmark-c4-policy-1.0.0-local","2","false","false","policy","bench-20260922-1-1-ply-9","9","c0","0","1","proven_win_available","false","-1","-1","3","2","1","1","false","1","1","0",""
"bench-20260922-1-1","normal","benchmark-c4-policy-1.0.0-local","2","false","false","policy","bench-20260922-1-1-ply-9","9","c6","6","0","proven_win_available","false","-1","-1","3","2","1","1","false","1","1","0",""
"bench-20260922-1-2","normal","benchmark-c4-policy-1.0.0-local","1","false","true","policy","bench-20260922-1-2-ply-2","2","c3","3","0","","true","-1","1","8","7","0","1","false","0","0","0",""
"bench-20260922-1-2","normal","benchmark-c4-policy-1.0.0-local","1","false","true","policy","bench-20260922-1-2-ply-2","2","c2","2","0","","false","-1","1","8","7","0","1","false","0","0","0",""
"bench-20260922-1-2","normal","benchmark-c4-policy-1.0.0-local","1","false","true","policy","bench-20260922-1-2-ply-2","2","c4","4","0","","false","-1","1","8","7","0","1","false","0","0","0",""
"bench-20260922-1-2","normal","benchmark-c4-policy-1.0.0-local","1","false","true","policy","bench-20260922-1-2-ply-2","2","c1","1","0","","false","-1","1","8","7","0","1","false","0","0","0",""
"bench-20260922-1-2","normal","benchmark-c4-policy-1.0.0-local","1","false","true","policy","bench-20260922-1-2-ply-2","2","c5","5","1","","false","-1","1","8","7","0","1","false","0","0","0",""
"bench-20260922-1-2","normal","benchmark-c4-policy-1.0.0-local","1","false","true","policy","bench-20260922-1-2-ply-2","2","c0","0","0","","false","-1","1","8","7","0","1","false","0","0","0",""
"bench-20260922-1-2","normal","benchmark-c4-policy-1.0.0-local","1","false","true","policy","bench-20260922-1-2-ply-2","2","c6","6","0","","false","-1","1","8","7","0","1","false","0","0","0",""
"bench-20260922-1-2","normal","benchmark-c4-policy-1.0.0-local","1","false","true","policy","bench-20260922-1-2-ply-4","4","c3","3","2","","false","-1","1","8","7","0","1","false","0","0","0",""
"bench-20260922-1-2","normal","benchmark-c4-policy-1.0.0-local","1","false","true","policy","bench-20260922-1-2-ply-4","4","c2","2","0","","true","-1","1","8","7","0","1","false","0","0","0",""
"bench-20260922-1-2","normal","benchmark-c4-policy-1.0.0-local","1","false","true","policy","bench-20260922-1-2-ply-4","4","c4","4","0","","false","-1","1","8","7","0","1","false","0","0","0",""
"bench-20260922-1-2","normal","benchmark-c4-policy-1.0.0-local","1","false","true","policy","bench-20260922-1-2-ply-4","4","c1","1","0","","false","-1","1","8","7","0","1","false","0","0","0",""
"bench-20260922-1-2","normal","benchmark-c4-policy-1.0.0-local","1","false","true","policy","bench-20260922-1-2-ply-4","4","c5","5","1","","false","-1","1","8","7","0","1","false","0","0","0",""
"bench-20260922-1-2","normal","benchmark-c4-policy-1.0.0-local","1","false","true","policy","bench-20260922-1-2-ply-4","4","c0","0","0","","false","-1","1","8","7","0","1","false","0","0","0",""
"bench-20260922-1-2","normal","benchmark-c4-policy-1.0.0-local","1","false","true","policy","bench-20260922-1-2-ply-4","4","c6","6","0","","false","-1","1","8","7","0","1","false","0","0","0",""
"bench-20260922-1-2","normal","benchmark-c4-policy-1.0.0-local","1","false","true","policy","bench-20260922-1-2-ply-6","6","c3","3","3","","false","-1","1","8","7","0","1","false","0","0","0",""
"bench-20260922-1-2","normal","benchmark-c4-policy-1.0.0-local","1","false","true","policy","bench-20260922-1-2-ply-6","6","c2","2","1","","false","-1","1","8","7","0","1","false","0","0","0",""
"bench-20260922-1-2","normal","benchmark-c4-policy-1.0.0-local","1","false","true","policy","bench-20260922-1-2-ply-6","6","c4","4","0","","false","-1","1","8","7","0","1","false","0","1","0",""
"bench-20260922-1-2","normal","benchmark-c4-policy-1.0.0-local","1","false","true","policy","bench-20260922-1-2-ply-6","6","c1","1","0","","true","-1","1","8","7","0","1","false","0","2","0",""
"bench-20260922-1-2","normal","benchmark-c4-policy-1.0.0-local","1","false","true","policy","bench-20260922-1-2-ply-6","6","c5","5","1","","false","-1","1","8","7","0","1","false","0","0","0",""
"bench-20260922-1-2","normal","benchmark-c4-policy-1.0.0-local","1","false","true","policy","bench-20260922-1-2-ply-6","6","c0","0","0","","false","-1","1","8","7","0","1","false","0","1","0",""
"bench-20260922-1-2","normal","benchmark-c4-policy-1.0.0-local","1","false","true","policy","bench-20260922-1-2-ply-6","6","c6","6","0","","false","-1","1","8","7","0","1","false","0","0","0",""
"bench-20260922-1-2","normal","benchmark-c4-policy-1.0.0-local","1","false","false","policy","bench-20260922-1-2-ply-8","8","c3","3","3","proven_win_available","false","-1","1","8","7","0","1","false","0","2","0",""
"bench-20260922-1-2","normal","benchmark-c4-policy-1.0.0-local","1","false","false","policy","bench-20260922-1-2-ply-8","8","c2","2","1","proven_win_available","false","-1","1","8","7","0","1","false","0","2","0",""
"bench-20260922-1-2","normal","benchmark-c4-policy-1.0.0-local","1","false","true","policy","bench-20260922-1-2-ply-8","8","c4","4","0","","true","1","1","1","1","0","0","false","0","1","0",""
"bench-20260922-1-2","normal","benchmark-c4-policy-1.0.0-local","1","false","false","policy","bench-20260922-1-2-ply-8","8","c1","1","2","proven_win_available","false","-1","1","8","7","0","1","false","0","2","0",""
"bench-20260922-1-2","normal","benchmark-c4-policy-1.0.0-local","1","false","false","policy","bench-20260922-1-2-ply-8","8","c5","5","1","proven_win_available","false","-1","1","8","7","0","1","false","0","2","0",""
"bench-20260922-1-2","normal","benchmark-c4-policy-1.0.0-local","1","false","true","policy","bench-20260922-1-2-ply-8","8","c0","0","0","","false","1","1","1","1","0","0","false","0","1","0",""
"bench-20260922-1-2","normal","benchmark-c4-policy-1.0.0-local","1","false","false","policy","bench-20260922-1-2-ply-8","8","c6","6","0","proven_win_available","false","-1","1","8","7","0","1","false","0","2","0",""
"bench-20260922-2-1","normal","benchmark-c4-policy-1.0.0-local","2","false","true","policy","bench-20260922-2-1-ply-3","3","c3","3","1","","false","-1","1","8","7","0","1","false","0","0","0",""
"bench-20260922-2-1","normal","benchmark-c4-policy-1.0.0-local","2","false","true","policy","bench-20260922-2-1-ply-3","3","c2","2","0","","false","-1","1","8","7","0","1","false","0","0","0",""
"bench-20260922-2-1","normal","benchmark-c4-policy-1.0.0-local","2","false","true","policy","bench-20260922-2-1-ply-3","3","c4","4","0","","true","-1","1","8","7","0","1","false","0","0","0",""
"bench-20260922-2-1","normal","benchmark-c4-policy-1.0.0-local","2","false","true","policy","bench-20260922-2-1-ply-3","3","c1","1","0","","false","-1","1","8","7","0","1","false","0","0","0",""
"bench-20260922-2-1","normal","benchmark-c4-policy-1.0.0-local","2","false","true","policy","bench-20260922-2-1-ply-3","3","c5","5","0","","false","-1","1","8","7","0","1","false","0","0","0",""
"bench-20260922-2-1","normal","benchmark-c4-policy-1.0.0-local","2","false","true","policy","bench-20260922-2-1-ply-3","3","c0","0","1","","false","-1","1","8","7","0","1","false","0","0","0",""
"bench-20260922-2-1","normal","benchmark-c4-policy-1.0.0-local","2","false","true","policy","bench-20260922-2-1-ply-3","3","c6","6","0","","false","-1","1","8","7","0","1","false","0","0","0",""
"bench-20260922-2-1","normal","benchmark-c4-policy-1.0.0-local","2","false","true","policy","bench-20260922-2-1-ply-5","5","c3","3","1","","false","-1","1","8","7","0","1","false","0","0","0",""
"bench-20260922-2-1","normal","benchmark-c4-policy-1.0.0-local","2","false","true","policy","bench-20260922-2-1-ply-5","5","c2","2","1","","false","-1","1","8","7","0","1","false","0","0","0",""
"bench-20260922-2-1","normal","benchmark-c4-policy-1.0.0-local","2","false","true","policy","bench-20260922-2-1-ply-5","5","c4","4","1","","false","-1","1","8","7","0","1","false","0","0","0",""
"bench-20260922-2-1","normal","benchmark-c4-policy-1.0.0-local","2","false","true","policy","bench-20260922-2-1-ply-5","5","c1","1","0","","false","-1","1","8","7","0","1","false","0","0","0",""
"bench-20260922-2-1","normal","benchmark-c4-policy-1.0.0-local","2","false","true","policy","bench-20260922-2-1-ply-5","5","c5","5","0","","true","-1","1","8","7","0","1","false","0","1","0",""
"bench-20260922-2-1","normal","benchmark-c4-policy-1.0.0-local","2","false","true","policy","bench-20260922-2-1-ply-5","5","c0","0","1","","false","-1","1","8","7","0","1","false","0","0","0",""
"bench-20260922-2-1","normal","benchmark-c4-policy-1.0.0-local","2","false","true","policy","bench-20260922-2-1-ply-5","5","c6","6","0","","false","-1","1","8","7","0","1","false","0","1","0",""
"bench-20260922-2-1","normal","benchmark-c4-policy-1.0.0-local","2","false","false","policy","bench-20260922-2-1-ply-7","7","c3","3","1","proven_win_available","false","-1","1","8","7","0","1","false","0","1","0",""
"bench-20260922-2-1","normal","benchmark-c4-policy-1.0.0-local","2","false","false","policy","bench-20260922-2-1-ply-7","7","c2","2","1","proven_win_available","false","-1","1","8","7","0","1","false","0","1","0",""
"bench-20260922-2-1","normal","benchmark-c4-policy-1.0.0-local","2","false","false","policy","bench-20260922-2-1-ply-7","7","c4","4","1","proven_win_available","false","-1","1","8","7","0","1","false","0","1","0",""
"bench-20260922-2-1","normal","benchmark-c4-policy-1.0.0-local","2","false","false","policy","bench-20260922-2-1-ply-7","7","c1","1","1","proven_win_available","false","-1","1","8","7","0","1","false","0","1","0",""
"bench-20260922-2-1","normal","benchmark-c4-policy-1.0.0-local","2","false","false","policy","bench-20260922-2-1-ply-7","7","c5","5","1","proven_win_available","false","-1","1","8","7","0","1","false","0","1","0",""
"bench-20260922-2-1","normal","benchmark-c4-policy-1.0.0-local","2","false","false","policy","bench-20260922-2-1-ply-7","7","c0","0","1","proven_win_available","false","-1","1","8","7","0","1","false","0","1","0",""
"bench-20260922-2-1","normal","benchmark-c4-policy-1.0.0-local","2","false","true","policy","bench-20260922-2-1-ply-7","7","c6","6","0","","true","1","1","1","1","0","0","false","0","0","0",""
"bench-20260922-2-2","normal","benchmark-c4-policy-1.0.0-local","1","false","true","policy","bench-20260922-2-2-ply-4","4","c3","3","1","","false","-1","1","8","7","0","1","false","0","0","0",""
"bench-20260922-2-2","normal","benchmark-c4-policy-1.0.0-local","1","false","true","policy","bench-20260922-2-2-ply-4","4","c2","2","1","","false","-1","1","8","7","0","1","false","0","0","0",""
"bench-20260922-2-2","normal","benchmark-c4-policy-1.0.0-local","1","false","true","policy","bench-20260922-2-2-ply-4","4","c4","4","0","","true","-1","1","8","7","0","1","false","0","0","0",""
"bench-20260922-2-2","normal","benchmark-c4-policy-1.0.0-local","1","false","true","policy","bench-20260922-2-2-ply-4","4","c1","1","0","","false","-1","1","8","7","0","1","false","0","0","0",""
"bench-20260922-2-2","normal","benchmark-c4-policy-1.0.0-local","1","false","true","policy","bench-20260922-2-2-ply-4","4","c5","5","0","","false","-1","1","8","7","0","1","false","0","0","0",""
"bench-20260922-2-2","normal","benchmark-c4-policy-1.0.0-local","1","false","true","policy","bench-20260922-2-2-ply-4","4","c0","0","1","","false","-1","1","8","7","0","1","false","0","0","0",""
"bench-20260922-2-2","normal","benchmark-c4-policy-1.0.0-local","1","false","true","policy","bench-20260922-2-2-ply-4","4","c6","6","0","","false","-1","1","8","7","0","1","false","0","0","0",""
"bench-20260922-2-2","normal","benchmark-c4-policy-1.0.0-local","1","false","true","policy","bench-20260922-2-2-ply-6","6","c3","3","1","","true","-1","1","8","7","0","1","false","0","0","0",""
"bench-20260922-2-2","normal","benchmark-c4-policy-1.0.0-local","1","false","true","policy","bench-20260922-2-2-ply-6","6","c2","2","1","","false","-1","1","8","7","0","1","false","0","0","0",""
"bench-20260922-2-2","normal","benchmark-c4-policy-1.0.0-local","1","false","true","policy","bench-20260922-2-2-ply-6","6","c4","4","1","","false","-1","1","8","7","0","1","false","0","0","0",""
"bench-20260922-2-2","normal","benchmark-c4-policy-1.0.0-local","1","false","true","policy","bench-20260922-2-2-ply-6","6","c1","1","1","","false","-1","1","8","7","0","1","false","0","0","0",""
"bench-20260922-2-2","normal","benchmark-c4-policy-1.0.0-local","1","false","true","policy","bench-20260922-2-2-ply-6","6","c5","5","0","","false","-1","1","8","7","0","1","false","0","0","0",""
"bench-20260922-2-2","normal","benchmark-c4-policy-1.0.0-local","1","false","true","policy","bench-20260922-2-2-ply-6","6","c0","0","1","","false","-1","1","8","7","0","1","false","0","0","0",""
"bench-20260922-2-2","normal","benchmark-c4-policy-1.0.0-local","1","false","true","policy","bench-20260922-2-2-ply-6","6","c6","6","0","","false","-1","1","8","7","0","1","false","0","0","0",""
"bench-20260922-2-2","normal","benchmark-c4-policy-1.0.0-local","1","false","true","policy","bench-20260922-2-2-ply-8","8","c3","3","2","","false","-1","1","8","7","0","1","false","0","0","0",""
"bench-20260922-2-2","normal","benchmark-c4-policy-1.0.0-local","1","false","true","policy","bench-20260922-2-2-ply-8","8","c2","2","1","","false","-1","1","8","7","0","1","false","0","0","0",""
"bench-20260922-2-2","normal","benchmark-c4-policy-1.0.0-local","1","false","true","policy","bench-20260922-2-2-ply-8","8","c4","4","1","","true","-1","1","8","7","0","1","false","0","0","0",""
"bench-20260922-2-2","normal","benchmark-c4-policy-1.0.0-local","1","false","true","policy","bench-20260922-2-2-ply-8","8","c1","1","1","","false","-1","1","8","7","0","1","false","0","0","0",""
"bench-20260922-2-2","normal","benchmark-c4-policy-1.0.0-local","1","false","true","policy","bench-20260922-2-2-ply-8","8","c5","5","1","","false","-1","1","8","7","0","1","false","0","0","0",""
"bench-20260922-2-2","normal","benchmark-c4-policy-1.0.0-local","1","false","true","policy","bench-20260922-2-2-ply-8","8","c0","0","1","","false","-1","1","8","7","0","1","false","0","0","0",""
"bench-20260922-2-2","normal","benchmark-c4-policy-1.0.0-local","1","false","true","policy","bench-20260922-2-2-ply-8","8","c6","6","0","","false","-1","1","8","7","0","1","false","0","0","0",""
"bench-20260922-2-2","normal","benchmark-c4-policy-1.0.0-local","1","false","true","policy","bench-20260922-2-2-ply-10","10","c3","3","2","","false","-1","1","8","7","0","1","false","0","0","0",""
"bench-20260922-2-2","normal","benchmark-c4-policy-1.0.0-local","1","false","true","policy","bench-20260922-2-2-ply-10","10","c2","2","2","","false","-1","1","8","7","0","1","false","0","0","1",""
"bench-20260922-2-2","normal","benchmark-c4-policy-1.0.0-local","1","false","true","policy","bench-20260922-2-2-ply-10","10","c4","4","2","","true","-1","1","8","7","0","1","false","0","1","0",""
"bench-20260922-2-2","normal","benchmark-c4-policy-1.0.0-local","1","false","true","policy","bench-20260922-2-2-ply-10","10","c1","1","1","","false","-1","1","8","7","0","1","false","0","0","0",""
"bench-20260922-2-2","normal","benchmark-c4-policy-1.0.0-local","1","false","true","policy","bench-20260922-2-2-ply-10","10","c5","5","1","","false","-1","1","8","7","0","1","false","0","0","1",""
"bench-20260922-2-2","normal","benchmark-c4-policy-1.0.0-local","1","false","true","policy","bench-20260922-2-2-ply-10","10","c0","0","1","","false","-1","1","8","7","0","1","false","0","0","0",""
"bench-20260922-2-2","normal","benchmark-c4-policy-1.0.0-local","1","false","true","policy","bench-20260922-2-2-ply-10","10","c6","6","0","","false","-1","1","8","7","0","1","false","0","0","0",""
"bench-20260922-2-2","normal","benchmark-c4-policy-1.0.0-local","1","false","true","policy","bench-20260922-2-2-ply-12","12","c3","3","2","","true","-1","1","8","7","0","1","false","0","0","0",""
"bench-20260922-2-2","normal","benchmark-c4-policy-1.0.0-local","1","false","false","policy","bench-20260922-2-2-ply-12","12","c2","2","2","proven_loss","false","-1","-1","2","1","1","1","false","1","0","1",""
"bench-20260922-2-2","normal","benchmark-c4-policy-1.0.0-local","1","false","false","policy","bench-20260922-2-2-ply-12","12","c4","4","4","proven_loss","false","-1","-1","2","1","1","1","false","1","0","0",""
"bench-20260922-2-2","normal","benchmark-c4-policy-1.0.0-local","1","false","false","policy","bench-20260922-2-2-ply-12","12","c1","1","1","proven_loss","false","-1","-1","2","1","1","1","false","1","0","0",""
"bench-20260922-2-2","normal","benchmark-c4-policy-1.0.0-local","1","false","false","policy","bench-20260922-2-2-ply-12","12","c5","5","1","proven_loss","false","-1","-1","2","1","1","1","false","1","0","1",""
"bench-20260922-2-2","normal","benchmark-c4-policy-1.0.0-local","1","false","false","policy","bench-20260922-2-2-ply-12","12","c0","0","1","proven_loss","false","-1","-1","2","1","1","1","false","1","0","0",""
"bench-20260922-2-2","normal","benchmark-c4-policy-1.0.0-local","1","false","false","policy","bench-20260922-2-2-ply-12","12","c6","6","0","proven_loss","false","-1","-1","2","1","1","1","false","1","0","0",""
"bench-20260922-2-2","normal","benchmark-c4-policy-1.0.0-local","1","false","true","policy","bench-20260922-2-2-ply-14","14","c3","3","3","","false","-1","1","8","7","0","1","false","0","1","0",""
"bench-20260922-2-2","normal","benchmark-c4-policy-1.0.0-local","1","false","true","policy","bench-20260922-2-2-ply-14","14","c2","2","2","","true","-1","1","8","7","0","1","false","0","0","3",""
"bench-20260922-2-2","normal","benchmark-c4-policy-1.0.0-local","1","false","true","policy","bench-20260922-2-2-ply-14","14","c4","4","4","","false","-1","1","8","7","0","1","false","0","0","0",""
"bench-20260922-2-2","normal","benchmark-c4-policy-1.0.0-local","1","false","true","policy","bench-20260922-2-2-ply-14","14","c1","1","1","","false","-1","1","8","7","0","1","false","0","0","0",""
"bench-20260922-2-2","normal","benchmark-c4-policy-1.0.0-local","1","false","true","policy","bench-20260922-2-2-ply-14","14","c5","5","1","","false","-1","1","8","7","0","1","false","0","1","0",""
"bench-20260922-2-2","normal","benchmark-c4-policy-1.0.0-local","1","false","true","policy","bench-20260922-2-2-ply-14","14","c0","0","1","","false","-1","1","8","7","0","1","false","0","0","0",""
"bench-20260922-2-2","normal","benchmark-c4-policy-1.0.0-local","1","false","true","policy","bench-20260922-2-2-ply-14","14","c6","6","1","","false","-1","1","8","7","0","1","false","0","1","0",""
"bench-20260922-2-2","normal","benchmark-c4-policy-1.0.0-local","1","false","false","policy","bench-20260922-2-2-ply-16","16","c3","3","3","proven_win_available","false","-1","1","8","7","0","1","false","0","2","2",""
"bench-20260922-2-2","normal","benchmark-c4-policy-1.0.0-local","1","false","false","policy","bench-20260922-2-2-ply-16","16","c2","2","3","proven_win_available","false","-1","1","8","7","0","1","false","0","1","3",""
"bench-20260922-2-2","normal","benchmark-c4-policy-1.0.0-local","1","false","false","policy","bench-20260922-2-2-ply-16","16","c4","4","4","proven_win_available","false","-1","1","8","7","0","1","false","0","1","2",""
"bench-20260922-2-2","normal","benchmark-c4-policy-1.0.0-local","1","false","true","policy","bench-20260922-2-2-ply-16","16","c1","1","2","","true","1","1","1","1","0","0","false","0","1","2",""
"bench-20260922-2-2","normal","benchmark-c4-policy-1.0.0-local","1","false","false","policy","bench-20260922-2-2-ply-16","16","c5","5","1","proven_win_available","false","-1","1","8","7","0","1","false","0","3","1",""
"bench-20260922-2-2","normal","benchmark-c4-policy-1.0.0-local","1","false","false","policy","bench-20260922-2-2-ply-16","16","c0","0","1","proven_win_available","false","-1","1","8","7","0","1","false","0","1","2",""
"bench-20260922-2-2","normal","benchmark-c4-policy-1.0.0-local","1","false","false","policy","bench-20260922-2-2-ply-16","16","c6","6","1","proven_win_available","false","-1","1","8","7","0","1","false","0","2","2",""
"bench-20260922-3-1","normal","benchmark-c4-policy-1.0.0-local","2","false","true","policy","bench-20260922-3-1-ply-5","5","c3","3","1","","true","-1","1","8","7","0","1","false","0","0","0",""
"bench-20260922-3-1","normal","benchmark-c4-policy-1.0.0-local","2","false","true","policy","bench-20260922-3-1-ply-5","5","c2","2","1","","false","-1","1","8","7","0","1","false","0","0","0",""
"bench-20260922-3-1","normal","benchmark-c4-policy-1.0.0-local","2","false","true","policy","bench-20260922-3-1-ply-5","5","c4","4","0","","false","-1","1","8","7","0","1","false","0","0","0",""
"bench-20260922-3-1","normal","benchmark-c4-policy-1.0.0-local","2","false","true","policy","bench-20260922-3-1-ply-5","5","c1","1","1","","false","-1","1","8","7","0","1","false","0","0","0",""
"bench-20260922-3-1","normal","benchmark-c4-policy-1.0.0-local","2","false","true","policy","bench-20260922-3-1-ply-5","5","c5","5","1","","false","-1","1","8","7","0","1","false","0","0","0",""
"bench-20260922-3-1","normal","benchmark-c4-policy-1.0.0-local","2","false","true","policy","bench-20260922-3-1-ply-5","5","c0","0","0","","false","-1","1","8","7","0","1","false","0","0","0",""
"bench-20260922-3-1","normal","benchmark-c4-policy-1.0.0-local","2","false","true","policy","bench-20260922-3-1-ply-5","5","c6","6","0","","false","-1","1","8","7","0","1","false","0","0","0",""
"bench-20260922-3-1","normal","benchmark-c4-policy-1.0.0-local","2","false","true","policy","bench-20260922-3-1-ply-7","7","c3","3","2","","true","-1","1","8","7","0","1","false","0","1","0",""
"bench-20260922-3-1","normal","benchmark-c4-policy-1.0.0-local","2","false","true","policy","bench-20260922-3-1-ply-7","7","c2","2","2","","false","-1","1","8","7","0","1","false","0","0","0",""
"bench-20260922-3-1","normal","benchmark-c4-policy-1.0.0-local","2","false","true","policy","bench-20260922-3-1-ply-7","7","c4","4","0","","false","-1","1","8","7","0","1","false","0","0","0",""
"bench-20260922-3-1","normal","benchmark-c4-policy-1.0.0-local","2","false","true","policy","bench-20260922-3-1-ply-7","7","c1","1","1","","false","-1","1","8","7","0","1","false","0","0","0",""
"bench-20260922-3-1","normal","benchmark-c4-policy-1.0.0-local","2","false","true","policy","bench-20260922-3-1-ply-7","7","c5","5","1","","false","-1","1","8","7","0","1","false","0","0","0",""
"bench-20260922-3-1","normal","benchmark-c4-policy-1.0.0-local","2","false","true","policy","bench-20260922-3-1-ply-7","7","c0","0","0","","false","-1","1","8","7","0","1","false","0","0","0",""
"bench-20260922-3-1","normal","benchmark-c4-policy-1.0.0-local","2","false","true","policy","bench-20260922-3-1-ply-7","7","c6","6","0","","false","-1","1","8","7","0","1","false","0","0","0",""
"bench-20260922-3-1","normal","benchmark-c4-policy-1.0.0-local","2","false","true","policy","bench-20260922-3-1-ply-9","9","c3","3","3","","true","1","1","1","1","0","0","false","0","1","0",""
"bench-20260922-3-1","normal","benchmark-c4-policy-1.0.0-local","2","false","false","policy","bench-20260922-3-1-ply-9","9","c2","2","2","proven_win_available","false","-1","1","8","7","0","1","false","0","1","0",""
"bench-20260922-3-1","normal","benchmark-c4-policy-1.0.0-local","2","false","false","policy","bench-20260922-3-1-ply-9","9","c4","4","0","proven_win_available","false","-1","1","8","7","0","1","false","0","1","0",""
"bench-20260922-3-1","normal","benchmark-c4-policy-1.0.0-local","2","false","false","policy","bench-20260922-3-1-ply-9","9","c1","1","2","proven_win_available","false","-1","1","8","7","0","1","false","0","1","0",""
"bench-20260922-3-1","normal","benchmark-c4-policy-1.0.0-local","2","false","false","policy","bench-20260922-3-1-ply-9","9","c5","5","1","proven_win_available","false","-1","1","8","7","0","1","false","0","1","0",""
"bench-20260922-3-1","normal","benchmark-c4-policy-1.0.0-local","2","false","false","policy","bench-20260922-3-1-ply-9","9","c0","0","0","proven_win_available","false","-1","1","8","7","0","1","false","0","1","0",""
"bench-20260922-3-1","normal","benchmark-c4-policy-1.0.0-local","2","false","false","policy","bench-20260922-3-1-ply-9","9","c6","6","0","proven_win_available","false","-1","1","8","7","0","1","false","0","1","0",""
"bench-20260922-3-2","normal","benchmark-c4-policy-1.0.0-local","1","false","true","policy","bench-20260922-3-2-ply-4","4","c3","3","1","","false","-1","1","8","7","0","1","false","0","0","0",""
"bench-20260922-3-2","normal","benchmark-c4-policy-1.0.0-local","1","false","true","policy","bench-20260922-3-2-ply-4","4","c2","2","0","","true","-1","1","8","7","0","1","false","0","0","0",""
"bench-20260922-3-2","normal","benchmark-c4-policy-1.0.0-local","1","false","true","policy","bench-20260922-3-2-ply-4","4","c4","4","0","","false","-1","1","8","7","0","1","false","0","0","0",""
"bench-20260922-3-2","normal","benchmark-c4-policy-1.0.0-local","1","false","true","policy","bench-20260922-3-2-ply-4","4","c1","1","1","","false","-1","1","8","7","0","1","false","0","0","0",""
"bench-20260922-3-2","normal","benchmark-c4-policy-1.0.0-local","1","false","true","policy","bench-20260922-3-2-ply-4","4","c5","5","1","","false","-1","1","8","7","0","1","false","0","0","0",""
"bench-20260922-3-2","normal","benchmark-c4-policy-1.0.0-local","1","false","true","policy","bench-20260922-3-2-ply-4","4","c0","0","0","","false","-1","1","8","7","0","1","false","0","0","0",""
"bench-20260922-3-2","normal","benchmark-c4-policy-1.0.0-local","1","false","true","policy","bench-20260922-3-2-ply-4","4","c6","6","0","","false","-1","1","8","7","0","1","false","0","0","0",""
"bench-20260922-3-2","normal","benchmark-c4-policy-1.0.0-local","1","false","true","policy","bench-20260922-3-2-ply-6","6","c3","3","1","","true","-1","1","8","7","0","1","false","0","0","0",""
"bench-20260922-3-2","normal","benchmark-c4-policy-1.0.0-local","1","false","true","policy","bench-20260922-3-2-ply-6","6","c2","2","2","","false","-1","1","8","7","0","1","false","0","0","0",""
"bench-20260922-3-2","normal","benchmark-c4-policy-1.0.0-local","1","false","true","policy","bench-20260922-3-2-ply-6","6","c4","4","0","","false","-1","1","8","7","0","1","false","0","0","0",""
"bench-20260922-3-2","normal","benchmark-c4-policy-1.0.0-local","1","false","true","policy","bench-20260922-3-2-ply-6","6","c1","1","1","","false","-1","1","8","7","0","1","false","0","0","0",""
"bench-20260922-3-2","normal","benchmark-c4-policy-1.0.0-local","1","false","true","policy","bench-20260922-3-2-ply-6","6","c5","5","1","","false","-1","1","8","7","0","1","false","0","0","0",""
"bench-20260922-3-2","normal","benchmark-c4-policy-1.0.0-local","1","false","true","policy","bench-20260922-3-2-ply-6","6","c0","0","0","","false","-1","1","8","7","0","1","false","0","0","0",""
"bench-20260922-3-2","normal","benchmark-c4-policy-1.0.0-local","1","false","true","policy","bench-20260922-3-2-ply-6","6","c6","6","0","","false","-1","1","8","7","0","1","false","0","0","0",""
"bench-20260922-3-2","normal","benchmark-c4-policy-1.0.0-local","1","false","true","policy","bench-20260922-3-2-ply-8","8","c3","3","2","","true","-1","1","8","7","0","1","false","0","0","0",""
"bench-20260922-3-2","normal","benchmark-c4-policy-1.0.0-local","1","false","true","policy","bench-20260922-3-2-ply-8","8","c2","2","3","","false","-1","1","8","7","0","1","false","0","0","0",""
"bench-20260922-3-2","normal","benchmark-c4-policy-1.0.0-local","1","false","true","policy","bench-20260922-3-2-ply-8","8","c4","4","0","","false","-1","1","8","7","0","1","false","0","0","0",""
"bench-20260922-3-2","normal","benchmark-c4-policy-1.0.0-local","1","false","true","policy","bench-20260922-3-2-ply-8","8","c1","1","1","","false","-1","1","8","7","0","1","false","0","0","0",""
"bench-20260922-3-2","normal","benchmark-c4-policy-1.0.0-local","1","false","true","policy","bench-20260922-3-2-ply-8","8","c5","5","1","","false","-1","1","8","7","0","1","false","0","0","0",""
"bench-20260922-3-2","normal","benchmark-c4-policy-1.0.0-local","1","false","true","policy","bench-20260922-3-2-ply-8","8","c0","0","0","","false","-1","1","8","7","0","1","false","0","0","0",""
"bench-20260922-3-2","normal","benchmark-c4-policy-1.0.0-local","1","false","true","policy","bench-20260922-3-2-ply-8","8","c6","6","0","","false","-1","1","8","7","0","1","false","0","0","0",""
"bench-20260922-3-2","normal","benchmark-c4-policy-1.0.0-local","1","false","true","policy","bench-20260922-3-2-ply-10","10","c3","3","3","","true","-1","1","8","7","0","1","false","0","1","0",""
"bench-20260922-3-2","normal","benchmark-c4-policy-1.0.0-local","1","false","true","policy","bench-20260922-3-2-ply-10","10","c2","2","3","","false","-1","1","8","7","0","1","false","0","0","1",""
"bench-20260922-3-2","normal","benchmark-c4-policy-1.0.0-local","1","false","true","policy","bench-20260922-3-2-ply-10","10","c4","4","0","","false","-1","1","8","7","0","1","false","0","0","0",""
"bench-20260922-3-2","normal","benchmark-c4-policy-1.0.0-local","1","false","true","policy","bench-20260922-3-2-ply-10","10","c1","1","2","","false","-1","1","8","7","0","1","false","0","0","0",""
"bench-20260922-3-2","normal","benchmark-c4-policy-1.0.0-local","1","false","true","policy","bench-20260922-3-2-ply-10","10","c5","5","1","","false","-1","1","8","7","0","1","false","0","0","0",""
"bench-20260922-3-2","normal","benchmark-c4-policy-1.0.0-local","1","false","true","policy","bench-20260922-3-2-ply-10","10","c0","0","0","","false","-1","1","8","7","0","1","false","0","0","0",""
"bench-20260922-3-2","normal","benchmark-c4-policy-1.0.0-local","1","false","true","policy","bench-20260922-3-2-ply-10","10","c6","6","0","","false","-1","1","8","7","0","1","false","0","0","0",""
"bench-20260922-3-2","normal","benchmark-c4-policy-1.0.0-local","1","false","true","policy","bench-20260922-3-2-ply-12","12","c3","3","5","","false","-1","1","7","6","0","1","false","0","0","0",""
"bench-20260922-3-2","normal","benchmark-c4-policy-1.0.0-local","1","false","true","policy","bench-20260922-3-2-ply-12","12","c2","2","3","","true","-1","1","8","7","0","1","false","0","0","1",""
"bench-20260922-3-2","normal","benchmark-c4-policy-1.0.0-local","1","false","true","policy","bench-20260922-3-2-ply-12","12","c4","4","0","","false","-1","1","8","7","0","1","false","0","0","0",""
"bench-20260922-3-2","normal","benchmark-c4-policy-1.0.0-local","1","false","true","policy","bench-20260922-3-2-ply-12","12","c1","1","2","","false","-1","1","8","7","0","1","false","0","0","0",""
"bench-20260922-3-2","normal","benchmark-c4-policy-1.0.0-local","1","false","true","policy","bench-20260922-3-2-ply-12","12","c5","5","1","","false","-1","1","8","7","0","1","false","0","0","0",""
"bench-20260922-3-2","normal","benchmark-c4-policy-1.0.0-local","1","false","true","policy","bench-20260922-3-2-ply-12","12","c0","0","0","","false","-1","1","8","7","0","1","false","0","0","0",""
"bench-20260922-3-2","normal","benchmark-c4-policy-1.0.0-local","1","false","true","policy","bench-20260922-3-2-ply-12","12","c6","6","0","","false","-1","1","8","7","0","1","false","0","0","0",""
"bench-20260922-3-2","normal","benchmark-c4-policy-1.0.0-local","1","false","false","policy","bench-20260922-3-2-ply-14","14","c3","3","5","proven_win_available","false","-1","1","7","6","0","1","false","0","1","0",""
"bench-20260922-3-2","normal","benchmark-c4-policy-1.0.0-local","1","false","false","policy","bench-20260922-3-2-ply-14","14","c2","2","4","proven_win_available","false","-1","1","8","7","0","1","false","0","1","0",""
"bench-20260922-3-2","normal","benchmark-c4-policy-1.0.0-local","1","false","true","policy","bench-20260922-3-2-ply-14","14","c4","4","1","","true","1","1","1","1","0","0","false","0","0","1",""
"bench-20260922-3-2","normal","benchmark-c4-policy-1.0.0-local","1","false","false","policy","bench-20260922-3-2-ply-14","14","c1","1","2","proven_win_available","false","-1","1","8","7","0","1","false","0","1","0",""
"bench-20260922-3-2","normal","benchmark-c4-policy-1.0.0-local","1","false","false","policy","bench-20260922-3-2-ply-14","14","c5","5","1","proven_win_available","false","-1","1","8","7","0","1","false","0","1","0",""
"bench-20260922-3-2","normal","benchmark-c4-policy-1.0.0-local","1","false","false","policy","bench-20260922-3-2-ply-14","14","c0","0","0","proven_win_available","false","-1","1","8","7","0","1","false","0","1","0",""
"bench-20260922-3-2","normal","benchmark-c4-policy-1.0.0-local","1","false","false","policy","bench-20260922-3-2-ply-14","14","c6","6","0","proven_win_available","false","-1","1","8","7","0","1","false","0","1","0",""
"bench-20260922-4-1","normal","benchmark-c4-policy-1.0.0-local","2","false","true","policy","bench-20260922-4-1-ply-5","5","c3","3","2","","true","-1","1","8","7","0","1","false","0","0","0",""
"bench-20260922-4-1","normal","benchmark-c4-policy-1.0.0-local","2","false","true","policy","bench-20260922-4-1-ply-5","5","c2","2","0","","false","-1","1","8","7","0","1","false","0","0","0",""
"bench-20260922-4-1","normal","benchmark-c4-policy-1.0.0-local","2","false","true","policy","bench-20260922-4-1-ply-5","5","c4","4","1","","false","-1","1","8","7","0","1","false","0","0","0",""
"bench-20260922-4-1","normal","benchmark-c4-policy-1.0.0-local","2","false","true","policy","bench-20260922-4-1-ply-5","5","c1","1","0","","false","-1","1","8","7","0","1","false","0","0","0",""
"bench-20260922-4-1","normal","benchmark-c4-policy-1.0.0-local","2","false","true","policy","bench-20260922-4-1-ply-5","5","c5","5","0","","false","-1","1","8","7","0","1","false","0","0","0",""
"bench-20260922-4-1","normal","benchmark-c4-policy-1.0.0-local","2","false","true","policy","bench-20260922-4-1-ply-5","5","c0","0","0","","false","-1","1","8","7","0","1","false","0","0","0",""
"bench-20260922-4-1","normal","benchmark-c4-policy-1.0.0-local","2","false","true","policy","bench-20260922-4-1-ply-5","5","c6","6","1","","false","-1","1","8","7","0","1","false","0","0","0",""
"bench-20260922-4-1","normal","benchmark-c4-policy-1.0.0-local","2","false","true","policy","bench-20260922-4-1-ply-7","7","c3","3","3","","true","-1","1","8","7","0","1","false","0","0","0",""
"bench-20260922-4-1","normal","benchmark-c4-policy-1.0.0-local","2","false","true","policy","bench-20260922-4-1-ply-7","7","c2","2","1","","false","-1","1","8","7","0","1","false","0","0","0",""
"bench-20260922-4-1","normal","benchmark-c4-policy-1.0.0-local","2","false","true","policy","bench-20260922-4-1-ply-7","7","c4","4","1","","false","-1","1","8","7","0","1","false","0","0","0",""
"bench-20260922-4-1","normal","benchmark-c4-policy-1.0.0-local","2","false","true","policy","bench-20260922-4-1-ply-7","7","c1","1","0","","false","-1","1","8","7","0","1","false","0","0","0",""
"bench-20260922-4-1","normal","benchmark-c4-policy-1.0.0-local","2","false","true","policy","bench-20260922-4-1-ply-7","7","c5","5","0","","false","-1","1","8","7","0","1","false","0","0","0",""
"bench-20260922-4-1","normal","benchmark-c4-policy-1.0.0-local","2","false","true","policy","bench-20260922-4-1-ply-7","7","c0","0","0","","false","-1","1","8","7","0","1","false","0","0","0",""
"bench-20260922-4-1","normal","benchmark-c4-policy-1.0.0-local","2","false","true","policy","bench-20260922-4-1-ply-7","7","c6","6","1","","false","-1","1","8","7","0","1","false","0","0","0",""
"bench-20260922-4-1","normal","benchmark-c4-policy-1.0.0-local","2","false","true","policy","bench-20260922-4-1-ply-9","9","c3","3","4","","true","-1","1","8","7","0","1","false","0","1","0",""
"bench-20260922-4-1","normal","benchmark-c4-policy-1.0.0-local","2","false","true","policy","bench-20260922-4-1-ply-9","9","c2","2","1","","false","-1","1","8","7","0","1","false","0","0","0",""
"bench-20260922-4-1","normal","benchmark-c4-policy-1.0.0-local","2","false","true","policy","bench-20260922-4-1-ply-9","9","c4","4","1","","false","-1","1","8","7","0","1","false","0","0","0",""
"bench-20260922-4-1","normal","benchmark-c4-policy-1.0.0-local","2","false","true","policy","bench-20260922-4-1-ply-9","9","c1","1","0","","false","-1","1","8","7","0","1","false","0","0","0",""
"bench-20260922-4-1","normal","benchmark-c4-policy-1.0.0-local","2","false","true","policy","bench-20260922-4-1-ply-9","9","c5","5","1","","false","-1","1","8","7","0","1","false","0","0","1",""
"bench-20260922-4-1","normal","benchmark-c4-policy-1.0.0-local","2","false","true","policy","bench-20260922-4-1-ply-9","9","c0","0","0","","false","-1","1","8","7","0","1","false","0","0","0",""
"bench-20260922-4-1","normal","benchmark-c4-policy-1.0.0-local","2","false","true","policy","bench-20260922-4-1-ply-9","9","c6","6","1","","false","-1","1","8","7","0","1","false","0","0","0",""
"bench-20260922-4-1","normal","benchmark-c4-policy-1.0.0-local","2","false","true","policy","bench-20260922-4-1-ply-11","11","c3","3","5","","true","1","1","1","1","0","0","false","0","0","0",""
"bench-20260922-4-1","normal","benchmark-c4-policy-1.0.0-local","2","false","false","policy","bench-20260922-4-1-ply-11","11","c2","2","1","proven_win_available","false","-1","1","8","7","0","1","false","0","1","0",""
"bench-20260922-4-1","normal","benchmark-c4-policy-1.0.0-local","2","false","false","policy","bench-20260922-4-1-ply-11","11","c4","4","2","proven_win_available","false","-1","1","8","7","0","1","false","0","2","0",""
"bench-20260922-4-1","normal","benchmark-c4-policy-1.0.0-local","2","false","false","policy","bench-20260922-4-1-ply-11","11","c1","1","0","proven_win_available","false","-1","1","8","7","0","1","false","0","1","0",""
"bench-20260922-4-1","normal","benchmark-c4-policy-1.0.0-local","2","false","false","policy","bench-20260922-4-1-ply-11","11","c5","5","1","proven_win_available","false","-1","1","8","7","0","1","false","0","2","0",""
"bench-20260922-4-1","normal","benchmark-c4-policy-1.0.0-local","2","false","false","policy","bench-20260922-4-1-ply-11","11","c0","0","0","proven_win_available","false","-1","1","8","7","0","1","false","0","1","0",""
"bench-20260922-4-1","normal","benchmark-c4-policy-1.0.0-local","2","false","false","policy","bench-20260922-4-1-ply-11","11","c6","6","1","proven_win_available","false","-1","1","8","7","0","1","false","0","1","0",""
"bench-20260922-4-2","normal","benchmark-c4-policy-1.0.0-local","1","false","true","policy","bench-20260922-4-2-ply-6","6","c3","3","2","","false","-1","1","8","7","0","1","false","0","0","0",""
"bench-20260922-4-2","normal","benchmark-c4-policy-1.0.0-local","1","false","true","policy","bench-20260922-4-2-ply-6","6","c2","2","1","","false","-1","1","8","7","0","1","false","0","0","0",""
"bench-20260922-4-2","normal","benchmark-c4-policy-1.0.0-local","1","false","true","policy","bench-20260922-4-2-ply-6","6","c4","4","1","","true","-1","1","8","7","0","1","false","0","0","0",""
"bench-20260922-4-2","normal","benchmark-c4-policy-1.0.0-local","1","false","true","policy","bench-20260922-4-2-ply-6","6","c1","1","0","","false","-1","1","8","7","0","1","false","0","0","0",""
"bench-20260922-4-2","normal","benchmark-c4-policy-1.0.0-local","1","false","true","policy","bench-20260922-4-2-ply-6","6","c5","5","0","","false","-1","1","8","7","0","1","false","0","0","0",""
"bench-20260922-4-2","normal","benchmark-c4-policy-1.0.0-local","1","false","true","policy","bench-20260922-4-2-ply-6","6","c0","0","0","","false","-1","1","8","7","0","1","false","0","0","0",""
"bench-20260922-4-2","normal","benchmark-c4-policy-1.0.0-local","1","false","true","policy","bench-20260922-4-2-ply-6","6","c6","6","1","","false","-1","1","8","7","0","1","false","0","0","0",""
"bench-20260922-4-2","normal","benchmark-c4-policy-1.0.0-local","1","false","true","policy","bench-20260922-4-2-ply-8","8","c3","3","2","","false","-1","1","8","7","0","1","false","0","0","0",""
"bench-20260922-4-2","normal","benchmark-c4-policy-1.0.0-local","1","false","true","policy","bench-20260922-4-2-ply-8","8","c2","2","1","","false","-1","1","8","7","0","1","false","0","1","1",""
"bench-20260922-4-2","normal","benchmark-c4-policy-1.0.0-local","1","false","true","policy","bench-20260922-4-2-ply-8","8","c4","4","2","","false","-1","1","8","7","0","1","false","0","1","0",""
"bench-20260922-4-2","normal","benchmark-c4-policy-1.0.0-local","1","false","true","policy","bench-20260922-4-2-ply-8","8","c1","1","0","","false","-1","1","8","7","0","1","false","0","0","0",""
"bench-20260922-4-2","normal","benchmark-c4-policy-1.0.0-local","1","false","true","policy","bench-20260922-4-2-ply-8","8","c5","5","1","","true","-1","1","8","7","0","1","false","0","2","0",""
"bench-20260922-4-2","normal","benchmark-c4-policy-1.0.0-local","1","false","true","policy","bench-20260922-4-2-ply-8","8","c0","0","0","","false","-1","1","8","7","0","1","false","0","0","0",""
"bench-20260922-4-2","normal","benchmark-c4-policy-1.0.0-local","1","false","true","policy","bench-20260922-4-2-ply-8","8","c6","6","1","","false","-1","1","8","7","0","1","false","0","1","0",""
"bench-20260922-4-2","normal","benchmark-c4-policy-1.0.0-local","1","false","false","policy","bench-20260922-4-2-ply-10","10","c3","3","2","proven_win_available","false","-1","1","8","7","0","1","false","0","2","0",""
"bench-20260922-4-2","normal","benchmark-c4-policy-1.0.0-local","1","false","true","policy","bench-20260922-4-2-ply-10","10","c2","2","1","","true","1","1","1","1","0","0","false","0","1","1",""
"bench-20260922-4-2","normal","benchmark-c4-policy-1.0.0-local","1","false","false","policy","bench-20260922-4-2-ply-10","10","c4","4","3","proven_win_available","false","-1","1","8","7","0","1","false","0","2","0",""
"bench-20260922-4-2","normal","benchmark-c4-policy-1.0.0-local","1","false","false","policy","bench-20260922-4-2-ply-10","10","c1","1","0","proven_win_available","false","-1","1","8","7","0","1","false","0","2","0",""
"bench-20260922-4-2","normal","benchmark-c4-policy-1.0.0-local","1","false","false","policy","bench-20260922-4-2-ply-10","10","c5","5","2","proven_win_available","false","-1","1","8","7","0","1","false","0","2","0",""
"bench-20260922-4-2","normal","benchmark-c4-policy-1.0.0-local","1","false","false","policy","bench-20260922-4-2-ply-10","10","c0","0","0","proven_win_available","false","-1","1","8","7","0","1","false","0","2","0",""
"bench-20260922-4-2","normal","benchmark-c4-policy-1.0.0-local","1","false","true","policy","bench-20260922-4-2-ply-10","10","c6","6","1","","false","1","1","1","1","0","0","false","0","1","0",""
"bench-20260922-5-1","normal","benchmark-c4-policy-1.0.0-local","2","false","true","policy","bench-20260922-5-1-ply-1","1","c3","3","0","","true","-1","1","8","7","0","1","false","0","0","0",""
"bench-20260922-5-1","normal","benchmark-c4-policy-1.0.0-local","2","false","true","policy","bench-20260922-5-1-ply-1","1","c2","2","0","","false","-1","1","8","7","0","1","false","0","0","0",""
"bench-20260922-5-1","normal","benchmark-c4-policy-1.0.0-local","2","false","true","policy","bench-20260922-5-1-ply-1","1","c4","4","0","","false","-1","1","8","7","0","1","false","0","0","0",""
"bench-20260922-5-1","normal","benchmark-c4-policy-1.0.0-local","2","false","true","policy","bench-20260922-5-1-ply-1","1","c1","1","0","","false","-1","1","8","7","0","1","false","0","0","0",""
"bench-20260922-5-1","normal","benchmark-c4-policy-1.0.0-local","2","false","true","policy","bench-20260922-5-1-ply-1","1","c5","5","0","","false","-1","1","8","7","0","1","false","0","0","0",""
"bench-20260922-5-1","normal","benchmark-c4-policy-1.0.0-local","2","false","true","policy","bench-20260922-5-1-ply-1","1","c0","0","0","","false","-1","1","8","7","0","1","false","0","0","0",""
"bench-20260922-5-1","normal","benchmark-c4-policy-1.0.0-local","2","false","true","policy","bench-20260922-5-1-ply-1","1","c6","6","0","","false","-1","1","8","7","0","1","false","0","0","0",""
"bench-20260922-5-1","normal","benchmark-c4-policy-1.0.0-local","2","false","true","policy","bench-20260922-5-1-ply-3","3","c3","3","1","","true","-1","1","8","7","0","1","false","0","0","0",""
"bench-20260922-5-1","normal","benchmark-c4-policy-1.0.0-local","2","false","true","policy","bench-20260922-5-1-ply-3","3","c2","2","1","","false","-1","1","8","7","0","1","false","0","0","0",""
"bench-20260922-5-1","normal","benchmark-c4-policy-1.0.0-local","2","false","true","policy","bench-20260922-5-1-ply-3","3","c4","4","0","","false","-1","1","8","7","0","1","false","0","0","0",""
"bench-20260922-5-1","normal","benchmark-c4-policy-1.0.0-local","2","false","true","policy","bench-20260922-5-1-ply-3","3","c1","1","0","","false","-1","1","8","7","0","1","false","0","0","0",""
"bench-20260922-5-1","normal","benchmark-c4-policy-1.0.0-local","2","false","true","policy","bench-20260922-5-1-ply-3","3","c5","5","0","","false","-1","1","8","7","0","1","false","0","0","0",""
"bench-20260922-5-1","normal","benchmark-c4-policy-1.0.0-local","2","false","true","policy","bench-20260922-5-1-ply-3","3","c0","0","0","","false","-1","1","8","7","0","1","false","0","0","0",""
"bench-20260922-5-1","normal","benchmark-c4-policy-1.0.0-local","2","false","true","policy","bench-20260922-5-1-ply-3","3","c6","6","0","","false","-1","1","8","7","0","1","false","0","0","0",""
"bench-20260922-5-1","normal","benchmark-c4-policy-1.0.0-local","2","false","true","policy","bench-20260922-5-1-ply-5","5","c3","3","2","","true","-1","1","8","7","0","1","false","0","1","0",""
"bench-20260922-5-1","normal","benchmark-c4-policy-1.0.0-local","2","false","true","policy","bench-20260922-5-1-ply-5","5","c2","2","1","","false","-1","1","8","7","0","1","false","0","0","0",""
"bench-20260922-5-1","normal","benchmark-c4-policy-1.0.0-local","2","false","true","policy","bench-20260922-5-1-ply-5","5","c4","4","0","","false","-1","1","8","7","0","1","false","0","0","0",""
"bench-20260922-5-1","normal","benchmark-c4-policy-1.0.0-local","2","false","true","policy","bench-20260922-5-1-ply-5","5","c1","1","0","","false","-1","1","8","7","0","1","false","0","0","0",""
"bench-20260922-5-1","normal","benchmark-c4-policy-1.0.0-local","2","false","true","policy","bench-20260922-5-1-ply-5","5","c5","5","0","","false","-1","1","8","7","0","1","false","0","0","0",""
"bench-20260922-5-1","normal","benchmark-c4-policy-1.0.0-local","2","false","true","policy","bench-20260922-5-1-ply-5","5","c0","0","1","","false","-1","1","8","7","0","1","false","0","0","0",""
"bench-20260922-5-1","normal","benchmark-c4-policy-1.0.0-local","2","false","true","policy","bench-20260922-5-1-ply-5","5","c6","6","0","","false","-1","1","8","7","0","1","false","0","0","0",""
"bench-20260922-5-1","normal","benchmark-c4-policy-1.0.0-local","2","false","true","policy","bench-20260922-5-1-ply-7","7","c3","3","3","","true","1","1","1","1","0","0","false","0","1","0",""
"bench-20260922-5-1","normal","benchmark-c4-policy-1.0.0-local","2","false","false","policy","bench-20260922-5-1-ply-7","7","c2","2","1","proven_win_available","false","-1","1","8","7","0","1","false","0","1","0",""
"bench-20260922-5-1","normal","benchmark-c4-policy-1.0.0-local","2","false","false","policy","bench-20260922-5-1-ply-7","7","c4","4","0","proven_win_available","false","-1","1","8","7","0","1","false","0","1","0",""
"bench-20260922-5-1","normal","benchmark-c4-policy-1.0.0-local","2","false","false","policy","bench-20260922-5-1-ply-7","7","c1","1","1","proven_win_available","false","-1","1","8","7","0","1","false","0","1","0",""
"bench-20260922-5-1","normal","benchmark-c4-policy-1.0.0-local","2","false","false","policy","bench-20260922-5-1-ply-7","7","c5","5","0","proven_win_available","false","-1","1","8","7","0","1","false","0","1","0",""
"bench-20260922-5-1","normal","benchmark-c4-policy-1.0.0-local","2","false","false","policy","bench-20260922-5-1-ply-7","7","c0","0","1","proven_win_available","false","-1","1","8","7","0","1","false","0","1","0",""
"bench-20260922-5-1","normal","benchmark-c4-policy-1.0.0-local","2","false","false","policy","bench-20260922-5-1-ply-7","7","c6","6","0","proven_win_available","false","-1","1","8","7","0","1","false","0","1","0",""
"bench-20260922-5-2","normal","benchmark-c4-policy-1.0.0-local","1","false","true","policy","bench-20260922-5-2-ply-2","2","c3","3","0","","true","-1","1","8","7","0","1","false","0","0","0",""
"bench-20260922-5-2","normal","benchmark-c4-policy-1.0.0-local","1","false","true","policy","bench-20260922-5-2-ply-2","2","c2","2","1","","false","-1","1","8","7","0","1","false","0","0","0",""
"bench-20260922-5-2","normal","benchmark-c4-policy-1.0.0-local","1","false","true","policy","bench-20260922-5-2-ply-2","2","c4","4","0","","false","-1","1","8","7","0","1","false","0","0","0",""
"bench-20260922-5-2","normal","benchmark-c4-policy-1.0.0-local","1","false","true","policy","bench-20260922-5-2-ply-2","2","c1","1","0","","false","-1","1","8","7","0","1","false","0","0","0",""
"bench-20260922-5-2","normal","benchmark-c4-policy-1.0.0-local","1","false","true","policy","bench-20260922-5-2-ply-2","2","c5","5","0","","false","-1","1","8","7","0","1","false","0","0","0",""
"bench-20260922-5-2","normal","benchmark-c4-policy-1.0.0-local","1","false","true","policy","bench-20260922-5-2-ply-2","2","c0","0","0","","false","-1","1","8","7","0","1","false","0","0","0",""
"bench-20260922-5-2","normal","benchmark-c4-policy-1.0.0-local","1","false","true","policy","bench-20260922-5-2-ply-2","2","c6","6","0","","false","-1","1","8","7","0","1","false","0","0","0",""
"bench-20260922-5-2","normal","benchmark-c4-policy-1.0.0-local","1","false","true","policy","bench-20260922-5-2-ply-4","4","c3","3","1","","true","-1","1","8","7","0","1","false","0","0","0",""
"bench-20260922-5-2","normal","benchmark-c4-policy-1.0.0-local","1","false","true","policy","bench-20260922-5-2-ply-4","4","c2","2","1","","false","-1","1","8","7","0","1","false","0","0","0",""
"bench-20260922-5-2","normal","benchmark-c4-policy-1.0.0-local","1","false","true","policy","bench-20260922-5-2-ply-4","4","c4","4","0","","false","-1","1","8","7","0","1","false","0","0","0",""
"bench-20260922-5-2","normal","benchmark-c4-policy-1.0.0-local","1","false","true","policy","bench-20260922-5-2-ply-4","4","c1","1","0","","false","-1","1","8","7","0","1","false","0","0","0",""
"bench-20260922-5-2","normal","benchmark-c4-policy-1.0.0-local","1","false","true","policy","bench-20260922-5-2-ply-4","4","c5","5","0","","false","-1","1","8","7","0","1","false","0","0","0",""
"bench-20260922-5-2","normal","benchmark-c4-policy-1.0.0-local","1","false","true","policy","bench-20260922-5-2-ply-4","4","c0","0","1","","false","-1","1","8","7","0","1","false","0","0","0",""
"bench-20260922-5-2","normal","benchmark-c4-policy-1.0.0-local","1","false","true","policy","bench-20260922-5-2-ply-4","4","c6","6","0","","false","-1","1","8","7","0","1","false","0","0","0",""
"bench-20260922-5-2","normal","benchmark-c4-policy-1.0.0-local","1","false","true","policy","bench-20260922-5-2-ply-6","6","c3","3","2","","true","-1","1","8","7","0","1","false","0","1","0",""
"bench-20260922-5-2","normal","benchmark-c4-policy-1.0.0-local","1","false","true","policy","bench-20260922-5-2-ply-6","6","c2","2","1","","false","-1","1","8","7","0","1","false","0","0","0",""
"bench-20260922-5-2","normal","benchmark-c4-policy-1.0.0-local","1","false","true","policy","bench-20260922-5-2-ply-6","6","c4","4","0","","false","-1","1","8","7","0","1","false","0","0","0",""
"bench-20260922-5-2","normal","benchmark-c4-policy-1.0.0-local","1","false","true","policy","bench-20260922-5-2-ply-6","6","c1","1","1","","false","-1","1","8","7","0","1","false","0","0","0",""
"bench-20260922-5-2","normal","benchmark-c4-policy-1.0.0-local","1","false","true","policy","bench-20260922-5-2-ply-6","6","c5","5","0","","false","-1","1","8","7","0","1","false","0","0","0",""
"bench-20260922-5-2","normal","benchmark-c4-policy-1.0.0-local","1","false","true","policy","bench-20260922-5-2-ply-6","6","c0","0","1","","false","-1","1","8","7","0","1","false","0","0","0",""
"bench-20260922-5-2","normal","benchmark-c4-policy-1.0.0-local","1","false","true","policy","bench-20260922-5-2-ply-6","6","c6","6","0","","false","-1","1","8","7","0","1","false","0","0","0",""
"bench-20260922-5-2","normal","benchmark-c4-policy-1.0.0-local","1","false","true","policy","bench-20260922-5-2-ply-8","8","c3","3","3","","true","1","1","1","1","0","0","false","0","1","0",""
"bench-20260922-5-2","normal","benchmark-c4-policy-1.0.0-local","1","false","false","policy","bench-20260922-5-2-ply-8","8","c2","2","1","proven_win_available","false","-1","1","8","7","0","1","false","0","1","0",""
"bench-20260922-5-2","normal","benchmark-c4-policy-1.0.0-local","1","false","false","policy","bench-20260922-5-2-ply-8","8","c4","4","0","proven_win_available","false","-1","1","8","7","0","1","false","0","1","0",""
"bench-20260922-5-2","normal","benchmark-c4-policy-1.0.0-local","1","false","false","policy","bench-20260922-5-2-ply-8","8","c1","1","2","proven_win_available","false","-1","1","8","7","0","1","false","0","1","0",""
"bench-20260922-5-2","normal","benchmark-c4-policy-1.0.0-local","1","false","false","policy","bench-20260922-5-2-ply-8","8","c5","5","0","proven_win_available","false","-1","1","8","7","0","1","false","0","1","0",""
"bench-20260922-5-2","normal","benchmark-c4-policy-1.0.0-local","1","false","false","policy","bench-20260922-5-2-ply-8","8","c0","0","1","proven_win_available","false","-1","1","8","7","0","1","false","0","1","0",""
"bench-20260922-5-2","normal","benchmark-c4-policy-1.0.0-local","1","false","false","policy","bench-20260922-5-2-ply-8","8","c6","6","0","proven_win_available","false","-1","1","8","7","0","1","false","0","1","0",""
"bench-20260922-6-1","normal","benchmark-c4-policy-1.0.0-local","2","false","true","policy","bench-20260922-6-1-ply-3","3","c3","3","1","","true","-1","1","8","7","0","1","false","0","0","0",""
"bench-20260922-6-1","normal","benchmark-c4-policy-1.0.0-local","2","false","true","policy","bench-20260922-6-1-ply-3","3","c2","2","1","","false","-1","1","8","7","0","1","false","0","0","0",""
"bench-20260922-6-1","normal","benchmark-c4-policy-1.0.0-local","2","false","true","policy","bench-20260922-6-1-ply-3","3","c4","4","0","","false","-1","1","8","7","0","1","false","0","0","0",""
"bench-20260922-6-1","normal","benchmark-c4-policy-1.0.0-local","2","false","true","policy","bench-20260922-6-1-ply-3","3","c1","1","0","","false","-1","1","8","7","0","1","false","0","0","0",""
"bench-20260922-6-1","normal","benchmark-c4-policy-1.0.0-local","2","false","true","policy","bench-20260922-6-1-ply-3","3","c5","5","0","","false","-1","1","8","7","0","1","false","0","0","0",""
"bench-20260922-6-1","normal","benchmark-c4-policy-1.0.0-local","2","false","true","policy","bench-20260922-6-1-ply-3","3","c0","0","0","","false","-1","1","8","7","0","1","false","0","0","0",""
"bench-20260922-6-1","normal","benchmark-c4-policy-1.0.0-local","2","false","true","policy","bench-20260922-6-1-ply-3","3","c6","6","0","","false","-1","1","8","7","0","1","false","0","0","0",""
"bench-20260922-6-1","normal","benchmark-c4-policy-1.0.0-local","2","false","true","policy","bench-20260922-6-1-ply-5","5","c3","3","2","","true","-1","1","8","7","0","1","false","0","1","0",""
"bench-20260922-6-1","normal","benchmark-c4-policy-1.0.0-local","2","false","true","policy","bench-20260922-6-1-ply-5","5","c2","2","1","","false","-1","1","8","7","0","1","false","0","0","0",""
"bench-20260922-6-1","normal","benchmark-c4-policy-1.0.0-local","2","false","true","policy","bench-20260922-6-1-ply-5","5","c4","4","1","","false","-1","1","8","7","0","1","false","0","0","0",""
"bench-20260922-6-1","normal","benchmark-c4-policy-1.0.0-local","2","false","true","policy","bench-20260922-6-1-ply-5","5","c1","1","0","","false","-1","1","8","7","0","1","false","0","0","0",""
"bench-20260922-6-1","normal","benchmark-c4-policy-1.0.0-local","2","false","true","policy","bench-20260922-6-1-ply-5","5","c5","5","0","","false","-1","1","8","7","0","1","false","0","0","0",""
"bench-20260922-6-1","normal","benchmark-c4-policy-1.0.0-local","2","false","true","policy","bench-20260922-6-1-ply-5","5","c0","0","0","","false","-1","1","8","7","0","1","false","0","0","0",""
"bench-20260922-6-1","normal","benchmark-c4-policy-1.0.0-local","2","false","true","policy","bench-20260922-6-1-ply-5","5","c6","6","0","","false","-1","1","8","7","0","1","false","0","0","0",""
"bench-20260922-6-1","normal","benchmark-c4-policy-1.0.0-local","2","false","true","policy","bench-20260922-6-1-ply-7","7","c3","3","4","","false","-1","1","8","7","0","1","false","0","0","0",""
"bench-20260922-6-1","normal","benchmark-c4-policy-1.0.0-local","2","false","true","policy","bench-20260922-6-1-ply-7","7","c2","2","1","","true","-1","1","8","7","0","1","false","0","0","0",""
"bench-20260922-6-1","normal","benchmark-c4-policy-1.0.0-local","2","false","true","policy","bench-20260922-6-1-ply-7","7","c4","4","1","","false","-1","1","8","7","0","1","false","0","0","0",""
"bench-20260922-6-1","normal","benchmark-c4-policy-1.0.0-local","2","false","true","policy","bench-20260922-6-1-ply-7","7","c1","1","0","","false","-1","1","8","7","0","1","false","0","0","0",""
"bench-20260922-6-1","normal","benchmark-c4-policy-1.0.0-local","2","false","true","policy","bench-20260922-6-1-ply-7","7","c5","5","0","","false","-1","1","8","7","0","1","false","0","0","0",""
"bench-20260922-6-1","normal","benchmark-c4-policy-1.0.0-local","2","false","true","policy","bench-20260922-6-1-ply-7","7","c0","0","0","","false","-1","1","8","7","0","1","false","0","0","0",""
"bench-20260922-6-1","normal","benchmark-c4-policy-1.0.0-local","2","false","true","policy","bench-20260922-6-1-ply-7","7","c6","6","0","","false","-1","1","8","7","0","1","false","0","0","0",""
"bench-20260922-6-1","normal","benchmark-c4-policy-1.0.0-local","2","false","true","policy","bench-20260922-6-1-ply-9","9","c3","3","4","","false","-1","1","8","7","0","1","false","0","0","0",""
"bench-20260922-6-1","normal","benchmark-c4-policy-1.0.0-local","2","false","true","policy","bench-20260922-6-1-ply-9","9","c2","2","2","","false","-1","1","8","7","0","1","false","0","0","0",""
"bench-20260922-6-1","normal","benchmark-c4-policy-1.0.0-local","2","false","true","policy","bench-20260922-6-1-ply-9","9","c4","4","1","","true","-1","1","8","7","0","1","false","0","1","1",""
"bench-20260922-6-1","normal","benchmark-c4-policy-1.0.0-local","2","false","true","policy","bench-20260922-6-1-ply-9","9","c1","1","0","","false","-1","1","8","7","0","1","false","0","0","1",""
"bench-20260922-6-1","normal","benchmark-c4-policy-1.0.0-local","2","false","true","policy","bench-20260922-6-1-ply-9","9","c5","5","1","","false","-1","1","8","7","0","1","false","0","1","0",""
"bench-20260922-6-1","normal","benchmark-c4-policy-1.0.0-local","2","false","true","policy","bench-20260922-6-1-ply-9","9","c0","0","0","","false","-1","1","8","7","0","1","false","0","0","0",""
"bench-20260922-6-1","normal","benchmark-c4-policy-1.0.0-local","2","false","true","policy","bench-20260922-6-1-ply-9","9","c6","6","0","","false","-1","1","8","7","0","1","false","0","0","0",""
"bench-20260922-6-1","normal","benchmark-c4-policy-1.0.0-local","2","false","false","policy","bench-20260922-6-1-ply-11","11","c3","3","4","proven_win_available","false","-1","1","8","7","0","1","false","0","1","1",""
"bench-20260922-6-1","normal","benchmark-c4-policy-1.0.0-local","2","false","false","policy","bench-20260922-6-1-ply-11","11","c2","2","2","proven_win_available","false","-1","1","8","7","0","1","false","0","1","1",""
"bench-20260922-6-1","normal","benchmark-c4-policy-1.0.0-local","2","false","false","policy","bench-20260922-6-1-ply-11","11","c4","4","2","proven_win_available","false","-1","1","8","7","0","1","false","0","1","1",""
"bench-20260922-6-1","normal","benchmark-c4-policy-1.0.0-local","2","false","false","policy","bench-20260922-6-1-ply-11","11","c1","1","0","proven_win_available","false","-1","1","8","7","0","1","false","0","2","1",""
"bench-20260922-6-1","normal","benchmark-c4-policy-1.0.0-local","2","false","true","policy","bench-20260922-6-1-ply-11","11","c5","5","1","","true","1","1","1","1","0","0","false","0","0","2",""
"bench-20260922-6-1","normal","benchmark-c4-policy-1.0.0-local","2","false","false","policy","bench-20260922-6-1-ply-11","11","c0","0","1","proven_win_available","false","-1","1","8","7","0","1","false","0","1","1",""
"bench-20260922-6-1","normal","benchmark-c4-policy-1.0.0-local","2","false","false","policy","bench-20260922-6-1-ply-11","11","c6","6","0","proven_win_available","false","-1","1","8","7","0","1","false","0","1","1",""
"bench-20260922-6-2","normal","benchmark-c4-policy-1.0.0-local","1","false","true","policy","bench-20260922-6-2-ply-2","2","c3","3","1","","true","-1","1","8","7","0","1","false","0","0","0",""
"bench-20260922-6-2","normal","benchmark-c4-policy-1.0.0-local","1","false","true","policy","bench-20260922-6-2-ply-2","2","c2","2","0","","false","-1","1","8","7","0","1","false","0","0","0",""
"bench-20260922-6-2","normal","benchmark-c4-policy-1.0.0-local","1","false","true","policy","bench-20260922-6-2-ply-2","2","c4","4","0","","false","-1","1","8","7","0","1","false","0","0","0",""
"bench-20260922-6-2","normal","benchmark-c4-policy-1.0.0-local","1","false","true","policy","bench-20260922-6-2-ply-2","2","c1","1","0","","false","-1","1","8","7","0","1","false","0","0","0",""
"bench-20260922-6-2","normal","benchmark-c4-policy-1.0.0-local","1","false","true","policy","bench-20260922-6-2-ply-2","2","c5","5","0","","false","-1","1","8","7","0","1","false","0","0","0",""
"bench-20260922-6-2","normal","benchmark-c4-policy-1.0.0-local","1","false","true","policy","bench-20260922-6-2-ply-2","2","c0","0","0","","false","-1","1","8","7","0","1","false","0","0","0",""
"bench-20260922-6-2","normal","benchmark-c4-policy-1.0.0-local","1","false","true","policy","bench-20260922-6-2-ply-2","2","c6","6","0","","false","-1","1","8","7","0","1","false","0","0","0",""
"bench-20260922-6-2","normal","benchmark-c4-policy-1.0.0-local","1","false","true","policy","bench-20260922-6-2-ply-4","4","c3","3","2","","false","-1","1","8","7","0","1","false","0","0","0",""
"bench-20260922-6-2","normal","benchmark-c4-policy-1.0.0-local","1","false","true","policy","bench-20260922-6-2-ply-4","4","c2","2","1","","false","-1","1","8","7","0","1","false","0","0","0",""
"bench-20260922-6-2","normal","benchmark-c4-policy-1.0.0-local","1","false","true","policy","bench-20260922-6-2-ply-4","4","c4","4","0","","true","-1","1","8","7","0","1","false","0","0","0",""
"bench-20260922-6-2","normal","benchmark-c4-policy-1.0.0-local","1","false","true","policy","bench-20260922-6-2-ply-4","4","c1","1","0","","false","-1","1","8","7","0","1","false","0","0","0",""
"bench-20260922-6-2","normal","benchmark-c4-policy-1.0.0-local","1","false","true","policy","bench-20260922-6-2-ply-4","4","c5","5","0","","false","-1","1","8","7","0","1","false","0","0","0",""
"bench-20260922-6-2","normal","benchmark-c4-policy-1.0.0-local","1","false","true","policy","bench-20260922-6-2-ply-4","4","c0","0","0","","false","-1","1","8","7","0","1","false","0","0","0",""
"bench-20260922-6-2","normal","benchmark-c4-policy-1.0.0-local","1","false","true","policy","bench-20260922-6-2-ply-4","4","c6","6","0","","false","-1","1","8","7","0","1","false","0","0","0",""
"bench-20260922-6-2","normal","benchmark-c4-policy-1.0.0-local","1","false","true","policy","bench-20260922-6-2-ply-6","6","c3","3","2","","true","-1","1","8","7","0","1","false","0","0","0",""
"bench-20260922-6-2","normal","benchmark-c4-policy-1.0.0-local","1","false","true","policy","bench-20260922-6-2-ply-6","6","c2","2","1","","false","-1","1","8","7","0","1","false","0","0","0",""
"bench-20260922-6-2","normal","benchmark-c4-policy-1.0.0-local","1","false","true","policy","bench-20260922-6-2-ply-6","6","c4","4","2","","false","-1","1","8","7","0","1","false","0","0","0",""
"bench-20260922-6-2","normal","benchmark-c4-policy-1.0.0-local","1","false","true","policy","bench-20260922-6-2-ply-6","6","c1","1","0","","false","-1","1","8","7","0","1","false","0","0","0",""
"bench-20260922-6-2","normal","benchmark-c4-policy-1.0.0-local","1","false","true","policy","bench-20260922-6-2-ply-6","6","c5","5","0","","false","-1","1","8","7","0","1","false","0","0","0",""
"bench-20260922-6-2","normal","benchmark-c4-policy-1.0.0-local","1","false","true","policy","bench-20260922-6-2-ply-6","6","c0","0","0","","false","-1","1","8","7","0","1","false","0","0","0",""
"bench-20260922-6-2","normal","benchmark-c4-policy-1.0.0-local","1","false","true","policy","bench-20260922-6-2-ply-6","6","c6","6","0","","false","-1","1","8","7","0","1","false","0","0","0",""
"bench-20260922-6-2","normal","benchmark-c4-policy-1.0.0-local","1","false","true","policy","bench-20260922-6-2-ply-8","8","c3","3","4","","false","-1","1","8","7","0","1","false","0","0","0",""
"bench-20260922-6-2","normal","benchmark-c4-policy-1.0.0-local","1","false","true","policy","bench-20260922-6-2-ply-8","8","c2","2","1","","false","-1","1","8","7","0","1","false","0","0","0",""
"bench-20260922-6-2","normal","benchmark-c4-policy-1.0.0-local","1","false","true","policy","bench-20260922-6-2-ply-8","8","c4","4","2","","true","-1","1","8","7","0","1","false","0","0","0",""
"bench-20260922-6-2","normal","benchmark-c4-policy-1.0.0-local","1","false","true","policy","bench-20260922-6-2-ply-8","8","c1","1","0","","false","-1","1","8","7","0","1","false","0","0","0",""
"bench-20260922-6-2","normal","benchmark-c4-policy-1.0.0-local","1","false","true","policy","bench-20260922-6-2-ply-8","8","c5","5","0","","false","-1","1","8","7","0","1","false","0","0","0",""
"bench-20260922-6-2","normal","benchmark-c4-policy-1.0.0-local","1","false","true","policy","bench-20260922-6-2-ply-8","8","c0","0","0","","false","-1","1","8","7","0","1","false","0","0","0",""
"bench-20260922-6-2","normal","benchmark-c4-policy-1.0.0-local","1","false","true","policy","bench-20260922-6-2-ply-8","8","c6","6","0","","false","-1","1","8","7","0","1","false","0","0","0",""
"bench-20260922-6-2","normal","benchmark-c4-policy-1.0.0-local","1","false","true","policy","bench-20260922-6-2-ply-10","10","c3","3","4","","false","-1","1","8","7","0","1","false","0","0","0",""
"bench-20260922-6-2","normal","benchmark-c4-policy-1.0.0-local","1","false","true","policy","bench-20260922-6-2-ply-10","10","c2","2","1","","false","-1","1","8","7","0","1","false","0","0","0",""
"bench-20260922-6-2","normal","benchmark-c4-policy-1.0.0-local","1","false","true","policy","bench-20260922-6-2-ply-10","10","c4","4","3","","true","-1","1","8","7","0","1","false","0","0","0",""
"bench-20260922-6-2","normal","benchmark-c4-policy-1.0.0-local","1","false","true","policy","bench-20260922-6-2-ply-10","10","c1","1","0","","false","-1","1","8","7","0","1","false","0","0","0",""
"bench-20260922-6-2","normal","benchmark-c4-policy-1.0.0-local","1","false","true","policy","bench-20260922-6-2-ply-10","10","c5","5","1","","false","-1","1","8","7","0","1","false","0","0","0",""
"bench-20260922-6-2","normal","benchmark-c4-policy-1.0.0-local","1","false","true","policy","bench-20260922-6-2-ply-10","10","c0","0","0","","false","-1","1","8","7","0","1","false","0","0","0",""
"bench-20260922-6-2","normal","benchmark-c4-policy-1.0.0-local","1","false","true","policy","bench-20260922-6-2-ply-10","10","c6","6","0","","false","-1","1","8","7","0","1","false","0","0","0",""
"bench-20260922-6-2","normal","benchmark-c4-policy-1.0.0-local","1","false","false","policy","bench-20260922-6-2-ply-12","12","c3","3","4","proven_loss","false","-1","-1","5","4","1","1","false","1","0","0",""
"bench-20260922-6-2","normal","benchmark-c4-policy-1.0.0-local","1","false","false","policy","bench-20260922-6-2-ply-12","12","c2","2","1","proven_loss","false","-1","-1","5","4","1","1","false","1","1","1",""
"bench-20260922-6-2","normal","benchmark-c4-policy-1.0.0-local","1","false","false","policy","bench-20260922-6-2-ply-12","12","c4","4","4","proven_loss","false","-1","-1","5","4","1","1","false","1","1","0",""
"bench-20260922-6-2","normal","benchmark-c4-policy-1.0.0-local","1","false","true","policy","bench-20260922-6-2-ply-12","12","c1","1","0","","true","-1","1","8","7","0","1","false","0","1","0",""
"bench-20260922-6-2","normal","benchmark-c4-policy-1.0.0-local","1","false","false","policy","bench-20260922-6-2-ply-12","12","c5","5","1","proven_loss","false","-1","-1","5","4","1","1","false","1","0","0",""
"bench-20260922-6-2","normal","benchmark-c4-policy-1.0.0-local","1","false","false","policy","bench-20260922-6-2-ply-12","12","c0","0","1","proven_loss","false","-1","-1","5","4","1","1","false","1","0","0",""
"bench-20260922-6-2","normal","benchmark-c4-policy-1.0.0-local","1","false","false","policy","bench-20260922-6-2-ply-12","12","c6","6","0","proven_loss","false","-1","-1","5","4","1","1","false","1","0","0",""
"bench-20260922-6-2","normal","benchmark-c4-policy-1.0.0-local","1","false","false","policy","bench-20260922-6-2-ply-14","14","c3","3","4","proven_win_available","false","-1","1","8","7","0","1","false","0","1","0",""
"bench-20260922-6-2","normal","benchmark-c4-policy-1.0.0-local","1","false","true","policy","bench-20260922-6-2-ply-14","14","c2","2","1","","true","1","1","1","1","0","0","false","0","0","1",""
"bench-20260922-6-2","normal","benchmark-c4-policy-1.0.0-local","1","false","false","policy","bench-20260922-6-2-ply-14","14","c4","4","4","proven_win_available","false","-1","1","8","7","0","1","false","0","2","0",""
"bench-20260922-6-2","normal","benchmark-c4-policy-1.0.0-local","1","false","false","policy","bench-20260922-6-2-ply-14","14","c1","1","1","proven_win_available","false","-1","1","8","7","0","1","false","0","1","0",""
"bench-20260922-6-2","normal","benchmark-c4-policy-1.0.0-local","1","false","false","policy","bench-20260922-6-2-ply-14","14","c5","5","1","proven_win_available","false","-1","1","8","7","0","1","false","0","1","0",""
"bench-20260922-6-2","normal","benchmark-c4-policy-1.0.0-local","1","false","false","policy","bench-20260922-6-2-ply-14","14","c0","0","2","proven_win_available","false","-1","1","8","7","0","1","false","0","1","0",""
"bench-20260922-6-2","normal","benchmark-c4-policy-1.0.0-local","1","false","false","policy","bench-20260922-6-2-ply-14","14","c6","6","0","proven_win_available","false","-1","1","8","7","0","1","false","0","1","0",""
"bench-20260922-7-1","normal","benchmark-c4-policy-1.0.0-local","2","false","true","policy","bench-20260922-7-1-ply-3","3","c3","3","0","","true","-1","1","8","7","0","1","false","0","0","0",""
"bench-20260922-7-1","normal","benchmark-c4-policy-1.0.0-local","2","false","true","policy","bench-20260922-7-1-ply-3","3","c2","2","0","","false","-1","1","8","7","0","1","false","0","0","0",""
"bench-20260922-7-1","normal","benchmark-c4-policy-1.0.0-local","2","false","true","policy","bench-20260922-7-1-ply-3","3","c4","4","0","","false","-1","1","8","7","0","1","false","0","0","0",""
"bench-20260922-7-1","normal","benchmark-c4-policy-1.0.0-local","2","false","true","policy","bench-20260922-7-1-ply-3","3","c1","1","0","","false","-1","1","8","7","0","1","false","0","0","0",""
"bench-20260922-7-1","normal","benchmark-c4-policy-1.0.0-local","2","false","true","policy","bench-20260922-7-1-ply-3","3","c5","5","1","","false","-1","1","8","7","0","1","false","0","0","0",""
"bench-20260922-7-1","normal","benchmark-c4-policy-1.0.0-local","2","false","true","policy","bench-20260922-7-1-ply-3","3","c0","0","0","","false","-1","1","8","7","0","1","false","0","0","0",""
"bench-20260922-7-1","normal","benchmark-c4-policy-1.0.0-local","2","false","true","policy","bench-20260922-7-1-ply-3","3","c6","6","1","","false","-1","1","8","7","0","1","false","0","0","0",""
"bench-20260922-7-1","normal","benchmark-c4-policy-1.0.0-local","2","false","true","policy","bench-20260922-7-1-ply-5","5","c3","3","1","","true","-1","1","8","7","0","1","false","0","0","0",""
"bench-20260922-7-1","normal","benchmark-c4-policy-1.0.0-local","2","false","true","policy","bench-20260922-7-1-ply-5","5","c2","2","1","","false","-1","1","8","7","0","1","false","0","0","0",""
"bench-20260922-7-1","normal","benchmark-c4-policy-1.0.0-local","2","false","true","policy","bench-20260922-7-1-ply-5","5","c4","4","0","","false","-1","1","8","7","0","1","false","0","0","0",""
"bench-20260922-7-1","normal","benchmark-c4-policy-1.0.0-local","2","false","true","policy","bench-20260922-7-1-ply-5","5","c1","1","0","","false","-1","1","8","7","0","1","false","0","0","0",""
"bench-20260922-7-1","normal","benchmark-c4-policy-1.0.0-local","2","false","true","policy","bench-20260922-7-1-ply-5","5","c5","5","1","","false","-1","1","8","7","0","1","false","0","0","0",""
"bench-20260922-7-1","normal","benchmark-c4-policy-1.0.0-local","2","false","true","policy","bench-20260922-7-1-ply-5","5","c0","0","0","","false","-1","1","8","7","0","1","false","0","0","0",""
"bench-20260922-7-1","normal","benchmark-c4-policy-1.0.0-local","2","false","true","policy","bench-20260922-7-1-ply-5","5","c6","6","1","","false","-1","1","8","7","0","1","false","0","0","0",""
"bench-20260922-7-1","normal","benchmark-c4-policy-1.0.0-local","2","false","true","policy","bench-20260922-7-1-ply-7","7","c3","3","2","","true","-1","1","8","7","0","1","false","0","1","0",""
"bench-20260922-7-1","normal","benchmark-c4-policy-1.0.0-local","2","false","true","policy","bench-20260922-7-1-ply-7","7","c2","2","1","","false","-1","1","8","7","0","1","false","0","0","0",""
"bench-20260922-7-1","normal","benchmark-c4-policy-1.0.0-local","2","false","true","policy","bench-20260922-7-1-ply-7","7","c4","4","0","","false","-1","1","8","7","0","1","false","0","0","0",""
"bench-20260922-7-1","normal","benchmark-c4-policy-1.0.0-local","2","false","true","policy","bench-20260922-7-1-ply-7","7","c1","1","0","","false","-1","1","8","7","0","1","false","0","0","0",""
"bench-20260922-7-1","normal","benchmark-c4-policy-1.0.0-local","2","false","true","policy","bench-20260922-7-1-ply-7","7","c5","5","1","","false","-1","1","8","7","0","1","false","0","0","0",""
"bench-20260922-7-1","normal","benchmark-c4-policy-1.0.0-local","2","false","true","policy","bench-20260922-7-1-ply-7","7","c0","0","0","","false","-1","1","8","7","0","1","false","0","0","0",""
"bench-20260922-7-1","normal","benchmark-c4-policy-1.0.0-local","2","false","true","policy","bench-20260922-7-1-ply-7","7","c6","6","2","","false","-1","1","8","7","0","1","false","0","0","0",""
"bench-20260922-7-1","normal","benchmark-c4-policy-1.0.0-local","2","false","true","policy","bench-20260922-7-1-ply-9","9","c3","3","3","","true","1","1","1","1","0","0","false","0","1","0",""
"bench-20260922-7-1","normal","benchmark-c4-policy-1.0.0-local","2","false","false","policy","bench-20260922-7-1-ply-9","9","c2","2","1","proven_win_available","false","-1","1","8","7","0","1","false","0","1","0",""
"bench-20260922-7-1","normal","benchmark-c4-policy-1.0.0-local","2","false","false","policy","bench-20260922-7-1-ply-9","9","c4","4","0","proven_win_available","false","-1","1","8","7","0","1","false","0","1","0",""
"bench-20260922-7-1","normal","benchmark-c4-policy-1.0.0-local","2","false","false","policy","bench-20260922-7-1-ply-9","9","c1","1","0","proven_win_available","false","-1","1","8","7","0","1","false","0","1","0",""
"bench-20260922-7-1","normal","benchmark-c4-policy-1.0.0-local","2","false","false","policy","bench-20260922-7-1-ply-9","9","c5","5","1","proven_win_available","false","-1","1","8","7","0","1","false","0","1","0",""
"bench-20260922-7-1","normal","benchmark-c4-policy-1.0.0-local","2","false","false","policy","bench-20260922-7-1-ply-9","9","c0","0","0","proven_win_available","false","-1","1","8","7","0","1","false","0","1","0",""
"bench-20260922-7-1","normal","benchmark-c4-policy-1.0.0-local","2","false","false","policy","bench-20260922-7-1-ply-9","9","c6","6","3","proven_win_available","false","-1","1","8","7","0","1","false","0","1","0",""
"bench-20260922-7-2","normal","benchmark-c4-policy-1.0.0-local","1","false","true","policy","bench-20260922-7-2-ply-4","4","c3","3","0","","true","-1","1","8","7","0","1","false","0","0","0",""
"bench-20260922-7-2","normal","benchmark-c4-policy-1.0.0-local","1","false","true","policy","bench-20260922-7-2-ply-4","4","c2","2","1","","false","-1","1","8","7","0","1","false","0","0","0",""
"bench-20260922-7-2","normal","benchmark-c4-policy-1.0.0-local","1","false","true","policy","bench-20260922-7-2-ply-4","4","c4","4","0","","false","-1","1","8","7","0","1","false","0","0","0",""
"bench-20260922-7-2","normal","benchmark-c4-policy-1.0.0-local","1","false","true","policy","bench-20260922-7-2-ply-4","4","c1","1","0","","false","-1","1","8","7","0","1","false","0","0","0",""
"bench-20260922-7-2","normal","benchmark-c4-policy-1.0.0-local","1","false","true","policy","bench-20260922-7-2-ply-4","4","c5","5","1","","false","-1","1","8","7","0","1","false","0","0","0",""
"bench-20260922-7-2","normal","benchmark-c4-policy-1.0.0-local","1","false","true","policy","bench-20260922-7-2-ply-4","4","c0","0","0","","false","-1","1","8","7","0","1","false","0","0","0",""
"bench-20260922-7-2","normal","benchmark-c4-policy-1.0.0-local","1","false","true","policy","bench-20260922-7-2-ply-4","4","c6","6","1","","false","-1","1","8","7","0","1","false","0","0","0",""
"bench-20260922-7-2","normal","benchmark-c4-policy-1.0.0-local","1","false","true","policy","bench-20260922-7-2-ply-6","6","c3","3","1","","true","-1","1","8","7","0","1","false","0","0","0",""
"bench-20260922-7-2","normal","benchmark-c4-policy-1.0.0-local","1","false","true","policy","bench-20260922-7-2-ply-6","6","c2","2","1","","false","-1","1","8","7","0","1","false","0","0","0",""
"bench-20260922-7-2","normal","benchmark-c4-policy-1.0.0-local","1","false","true","policy","bench-20260922-7-2-ply-6","6","c4","4","0","","false","-1","1","8","7","0","1","false","0","0","0",""
"bench-20260922-7-2","normal","benchmark-c4-policy-1.0.0-local","1","false","true","policy","bench-20260922-7-2-ply-6","6","c1","1","0","","false","-1","1","8","7","0","1","false","0","0","0",""
"bench-20260922-7-2","normal","benchmark-c4-policy-1.0.0-local","1","false","true","policy","bench-20260922-7-2-ply-6","6","c5","5","1","","false","-1","1","8","7","0","1","false","0","0","0",""
"bench-20260922-7-2","normal","benchmark-c4-policy-1.0.0-local","1","false","true","policy","bench-20260922-7-2-ply-6","6","c0","0","0","","false","-1","1","8","7","0","1","false","0","0","0",""
"bench-20260922-7-2","normal","benchmark-c4-policy-1.0.0-local","1","false","true","policy","bench-20260922-7-2-ply-6","6","c6","6","2","","false","-1","1","8","7","0","1","false","0","0","0",""
"bench-20260922-7-2","normal","benchmark-c4-policy-1.0.0-local","1","false","false","policy","bench-20260922-7-2-ply-8","8","c3","3","2","proven_loss","false","-1","-1","8","7","1","1","false","1","1","0",""
"bench-20260922-7-2","normal","benchmark-c4-policy-1.0.0-local","1","false","false","policy","bench-20260922-7-2-ply-8","8","c2","2","1","proven_loss","false","-1","-1","8","7","1","1","false","1","0","0",""
"bench-20260922-7-2","normal","benchmark-c4-policy-1.0.0-local","1","false","false","policy","bench-20260922-7-2-ply-8","8","c4","4","0","proven_loss","false","-1","-1","8","7","1","1","false","1","0","0",""
"bench-20260922-7-2","normal","benchmark-c4-policy-1.0.0-local","1","false","false","policy","bench-20260922-7-2-ply-8","8","c1","1","0","proven_loss","false","-1","-1","8","7","1","1","false","1","0","0",""
"bench-20260922-7-2","normal","benchmark-c4-policy-1.0.0-local","1","false","false","policy","bench-20260922-7-2-ply-8","8","c5","5","1","proven_loss","false","-1","-1","8","7","1","1","false","1","0","0",""
"bench-20260922-7-2","normal","benchmark-c4-policy-1.0.0-local","1","false","false","policy","bench-20260922-7-2-ply-8","8","c0","0","0","proven_loss","false","-1","-1","8","7","1","1","false","1","0","0",""
"bench-20260922-7-2","normal","benchmark-c4-policy-1.0.0-local","1","false","true","policy","bench-20260922-7-2-ply-8","8","c6","6","3","","true","-1","1","8","7","0","1","false","0","0","0",""
"bench-20260922-7-2","normal","benchmark-c4-policy-1.0.0-local","1","false","true","policy","bench-20260922-7-2-ply-10","10","c3","3","2","","true","-1","1","8","7","0","1","false","0","1","0",""
"bench-20260922-7-2","normal","benchmark-c4-policy-1.0.0-local","1","false","true","policy","bench-20260922-7-2-ply-10","10","c2","2","2","","false","-1","1","8","7","0","1","false","0","0","0",""
"bench-20260922-7-2","normal","benchmark-c4-policy-1.0.0-local","1","false","true","policy","bench-20260922-7-2-ply-10","10","c4","4","0","","false","-1","1","8","7","0","1","false","0","0","0",""
"bench-20260922-7-2","normal","benchmark-c4-policy-1.0.0-local","1","false","true","policy","bench-20260922-7-2-ply-10","10","c1","1","0","","false","-1","1","8","7","0","1","false","0","0","0",""
"bench-20260922-7-2","normal","benchmark-c4-policy-1.0.0-local","1","false","true","policy","bench-20260922-7-2-ply-10","10","c5","5","1","","false","-1","1","8","7","0","1","false","0","0","0",""
"bench-20260922-7-2","normal","benchmark-c4-policy-1.0.0-local","1","false","true","policy","bench-20260922-7-2-ply-10","10","c0","0","0","","false","-1","1","8","7","0","1","false","0","0","0",""
"bench-20260922-7-2","normal","benchmark-c4-policy-1.0.0-local","1","false","true","policy","bench-20260922-7-2-ply-10","10","c6","6","4","","false","-1","1","8","7","0","1","false","0","0","0",""
"bench-20260922-7-2","normal","benchmark-c4-policy-1.0.0-local","1","false","true","policy","bench-20260922-7-2-ply-12","12","c3","3","3","","true","1","1","1","1","0","0","false","0","1","0",""
"bench-20260922-7-2","normal","benchmark-c4-policy-1.0.0-local","1","false","false","policy","bench-20260922-7-2-ply-12","12","c2","2","2","proven_win_available","false","-1","1","8","7","0","1","false","0","1","0",""
"bench-20260922-7-2","normal","benchmark-c4-policy-1.0.0-local","1","false","false","policy","bench-20260922-7-2-ply-12","12","c4","4","0","proven_win_available","false","-1","1","8","7","0","1","false","0","1","0",""
"bench-20260922-7-2","normal","benchmark-c4-policy-1.0.0-local","1","false","false","policy","bench-20260922-7-2-ply-12","12","c1","1","0","proven_win_available","false","-1","1","8","7","0","1","false","0","1","0",""
"bench-20260922-7-2","normal","benchmark-c4-policy-1.0.0-local","1","false","false","policy","bench-20260922-7-2-ply-12","12","c5","5","2","proven_win_available","false","-1","1","8","7","0","1","false","0","1","1",""
"bench-20260922-7-2","normal","benchmark-c4-policy-1.0.0-local","1","false","false","policy","bench-20260922-7-2-ply-12","12","c0","0","0","proven_win_available","false","-1","1","8","7","0","1","false","0","1","0",""
"bench-20260922-7-2","normal","benchmark-c4-policy-1.0.0-local","1","false","false","policy","bench-20260922-7-2-ply-12","12","c6","6","4","proven_win_available","false","-1","1","8","7","0","1","false","0","1","0",""
"bench-20260922-8-1","normal","benchmark-c4-policy-1.0.0-local","2","false","true","policy","bench-20260922-8-1-ply-5","5","c3","3","0","","true","-1","1","8","7","0","1","false","0","1","0",""
"bench-20260922-8-1","normal","benchmark-c4-policy-1.0.0-local","2","false","true","policy","bench-20260922-8-1-ply-5","5","c2","2","1","","false","-1","1","8","7","0","1","false","0","0","0",""
"bench-20260922-8-1","normal","benchmark-c4-policy-1.0.0-local","2","false","true","policy","bench-20260922-8-1-ply-5","5","c4","4","1","","false","-1","1","8","7","0","1","false","0","0","0",""
"bench-20260922-8-1","normal","benchmark-c4-policy-1.0.0-local","2","false","true","policy","bench-20260922-8-1-ply-5","5","c1","1","0","","false","-1","1","8","7","0","1","false","0","0","0",""
"bench-20260922-8-1","normal","benchmark-c4-policy-1.0.0-local","2","false","true","policy","bench-20260922-8-1-ply-5","5","c5","5","2","","false","-1","1","8","7","0","1","false","0","0","0",""
"bench-20260922-8-1","normal","benchmark-c4-policy-1.0.0-local","2","false","true","policy","bench-20260922-8-1-ply-5","5","c0","0","0","","false","-1","1","8","7","0","1","false","0","0","0",""
"bench-20260922-8-1","normal","benchmark-c4-policy-1.0.0-local","2","false","true","policy","bench-20260922-8-1-ply-5","5","c6","6","0","","false","-1","1","8","7","0","1","false","0","1","0",""
"bench-20260922-8-1","normal","benchmark-c4-policy-1.0.0-local","2","false","false","policy","bench-20260922-8-1-ply-7","7","c3","3","2","proven_win_available","false","-1","1","8","7","0","1","false","0","1","0",""
"bench-20260922-8-1","normal","benchmark-c4-policy-1.0.0-local","2","false","false","policy","bench-20260922-8-1-ply-7","7","c2","2","1","proven_win_available","false","-1","1","8","7","0","1","false","0","1","0",""
"bench-20260922-8-1","normal","benchmark-c4-policy-1.0.0-local","2","false","false","policy","bench-20260922-8-1-ply-7","7","c4","4","1","proven_win_available","false","-1","1","8","7","0","1","false","0","1","0",""
"bench-20260922-8-1","normal","benchmark-c4-policy-1.0.0-local","2","false","false","policy","bench-20260922-8-1-ply-7","7","c1","1","0","proven_win_available","false","-1","1","8","7","0","1","false","0","1","0",""
"bench-20260922-8-1","normal","benchmark-c4-policy-1.0.0-local","2","false","false","policy","bench-20260922-8-1-ply-7","7","c5","5","2","proven_win_available","false","-1","1","8","7","0","1","false","0","1","0",""
"bench-20260922-8-1","normal","benchmark-c4-policy-1.0.0-local","2","false","false","policy","bench-20260922-8-1-ply-7","7","c0","0","0","proven_win_available","false","-1","1","8","7","0","1","false","0","1","0",""
"bench-20260922-8-1","normal","benchmark-c4-policy-1.0.0-local","2","false","true","policy","bench-20260922-8-1-ply-7","7","c6","6","0","","true","1","1","1","1","0","0","false","0","0","0",""
"bench-20260922-8-2","normal","benchmark-c4-policy-1.0.0-local","1","false","true","policy","bench-20260922-8-2-ply-4","4","c3","3","0","","true","-1","1","8","7","0","1","false","0","0","0",""
"bench-20260922-8-2","normal","benchmark-c4-policy-1.0.0-local","1","false","true","policy","bench-20260922-8-2-ply-4","4","c2","2","0","","false","-1","1","8","7","0","1","false","0","0","0",""
"bench-20260922-8-2","normal","benchmark-c4-policy-1.0.0-local","1","false","true","policy","bench-20260922-8-2-ply-4","4","c4","4","1","","false","-1","1","8","7","0","1","false","0","0","0",""
"bench-20260922-8-2","normal","benchmark-c4-policy-1.0.0-local","1","false","true","policy","bench-20260922-8-2-ply-4","4","c1","1","0","","false","-1","1","8","7","0","1","false","0","0","0",""
"bench-20260922-8-2","normal","benchmark-c4-policy-1.0.0-local","1","false","true","policy","bench-20260922-8-2-ply-4","4","c5","5","2","","false","-1","1","8","7","0","1","false","0","0","0",""
"bench-20260922-8-2","normal","benchmark-c4-policy-1.0.0-local","1","false","true","policy","bench-20260922-8-2-ply-4","4","c0","0","0","","false","-1","1","8","7","0","1","false","0","0","0",""
"bench-20260922-8-2","normal","benchmark-c4-policy-1.0.0-local","1","false","true","policy","bench-20260922-8-2-ply-4","4","c6","6","0","","false","-1","1","8","7","0","1","false","0","0","0",""
"bench-20260922-8-2","normal","benchmark-c4-policy-1.0.0-local","1","false","true","policy","bench-20260922-8-2-ply-6","6","c3","3","1","","true","-1","1","8","7","0","1","false","0","0","0",""
"bench-20260922-8-2","normal","benchmark-c4-policy-1.0.0-local","1","false","true","policy","bench-20260922-8-2-ply-6","6","c2","2","1","","false","-1","1","8","7","0","1","false","0","0","0",""
"bench-20260922-8-2","normal","benchmark-c4-policy-1.0.0-local","1","false","true","policy","bench-20260922-8-2-ply-6","6","c4","4","1","","false","-1","1","8","7","0","1","false","0","0","0",""
"bench-20260922-8-2","normal","benchmark-c4-policy-1.0.0-local","1","false","true","policy","bench-20260922-8-2-ply-6","6","c1","1","0","","false","-1","1","8","7","0","1","false","0","0","0",""
"bench-20260922-8-2","normal","benchmark-c4-policy-1.0.0-local","1","false","true","policy","bench-20260922-8-2-ply-6","6","c5","5","2","","false","-1","1","8","7","0","1","false","0","0","0",""
"bench-20260922-8-2","normal","benchmark-c4-policy-1.0.0-local","1","false","true","policy","bench-20260922-8-2-ply-6","6","c0","0","0","","false","-1","1","8","7","0","1","false","0","0","0",""
"bench-20260922-8-2","normal","benchmark-c4-policy-1.0.0-local","1","false","true","policy","bench-20260922-8-2-ply-6","6","c6","6","0","","false","-1","1","8","7","0","1","false","0","0","0",""
"bench-20260922-8-2","normal","benchmark-c4-policy-1.0.0-local","1","false","true","policy","bench-20260922-8-2-ply-8","8","c3","3","3","","false","-1","1","8","7","0","1","false","0","0","0",""
"bench-20260922-8-2","normal","benchmark-c4-policy-1.0.0-local","1","false","true","policy","bench-20260922-8-2-ply-8","8","c2","2","1","","false","-1","1","8","7","0","1","false","0","1","0",""
"bench-20260922-8-2","normal","benchmark-c4-policy-1.0.0-local","1","false","true","policy","bench-20260922-8-2-ply-8","8","c4","4","1","","true","-1","1","8","7","0","1","false","0","1","1",""
"bench-20260922-8-2","normal","benchmark-c4-policy-1.0.0-local","1","false","true","policy","bench-20260922-8-2-ply-8","8","c1","1","0","","false","-1","1","8","7","0","1","false","0","0","0",""
"bench-20260922-8-2","normal","benchmark-c4-policy-1.0.0-local","1","false","true","policy","bench-20260922-8-2-ply-8","8","c5","5","2","","false","-1","1","8","7","0","1","false","0","0","0",""
"bench-20260922-8-2","normal","benchmark-c4-policy-1.0.0-local","1","false","true","policy","bench-20260922-8-2-ply-8","8","c0","0","0","","false","-1","1","8","7","0","1","false","0","0","0",""
"bench-20260922-8-2","normal","benchmark-c4-policy-1.0.0-local","1","false","true","policy","bench-20260922-8-2-ply-8","8","c6","6","0","","false","-1","1","8","7","0","1","false","0","0","0",""
"bench-20260922-8-2","normal","benchmark-c4-policy-1.0.0-local","1","false","false","policy","bench-20260922-8-2-ply-10","10","c3","3","3","proven_win_available","false","-1","1","8","7","0","1","false","0","2","0",""
"bench-20260922-8-2","normal","benchmark-c4-policy-1.0.0-local","1","false","true","policy","bench-20260922-8-2-ply-10","10","c2","2","1","","true","1","1","1","1","0","0","false","0","1","1",""
"bench-20260922-8-2","normal","benchmark-c4-policy-1.0.0-local","1","false","false","policy","bench-20260922-8-2-ply-10","10","c4","4","2","proven_win_available","false","-1","1","8","7","0","1","false","0","2","0",""
"bench-20260922-8-2","normal","benchmark-c4-policy-1.0.0-local","1","false","false","policy","bench-20260922-8-2-ply-10","10","c1","1","0","proven_win_available","false","-1","1","8","7","0","1","false","0","2","0",""
"bench-20260922-8-2","normal","benchmark-c4-policy-1.0.0-local","1","false","false","policy","bench-20260922-8-2-ply-10","10","c5","5","2","proven_win_available","false","-1","1","8","7","0","1","false","0","2","1",""
"bench-20260922-8-2","normal","benchmark-c4-policy-1.0.0-local","1","false","false","policy","bench-20260922-8-2-ply-10","10","c0","0","0","proven_win_available","false","-1","1","8","7","0","1","false","0","2","0",""
"bench-20260922-8-2","normal","benchmark-c4-policy-1.0.0-local","1","false","true","policy","bench-20260922-8-2-ply-10","10","c6","6","1","","false","1","1","1","1","0","0","false","0","1","0",""
"bench-20260922-9-1","normal","benchmark-c4-policy-1.0.0-local","2","false","true","policy","bench-20260922-9-1-ply-5","5","c3","3","1","","false","-1","1","8","7","0","1","false","0","0","0",""
"bench-20260922-9-1","normal","benchmark-c4-policy-1.0.0-local","2","false","true","policy","bench-20260922-9-1-ply-5","5","c2","2","0","","true","-1","1","8","7","0","1","false","0","2","0",""
"bench-20260922-9-1","normal","benchmark-c4-policy-1.0.0-local","2","false","true","policy","bench-20260922-9-1-ply-5","5","c4","4","0","","false","-1","1","8","7","0","1","false","0","1","0",""
"bench-20260922-9-1","normal","benchmark-c4-policy-1.0.0-local","2","false","true","policy","bench-20260922-9-1-ply-5","5","c1","1","2","","false","-1","1","8","7","0","1","false","0","0","0",""
"bench-20260922-9-1","normal","benchmark-c4-policy-1.0.0-local","2","false","true","policy","bench-20260922-9-1-ply-5","5","c5","5","0","","false","-1","1","8","7","0","1","false","0","0","0",""
"bench-20260922-9-1","normal","benchmark-c4-policy-1.0.0-local","2","false","true","policy","bench-20260922-9-1-ply-5","5","c0","0","0","","false","-1","1","8","7","0","1","false","0","1","0",""
"bench-20260922-9-1","normal","benchmark-c4-policy-1.0.0-local","2","false","true","policy","bench-20260922-9-1-ply-5","5","c6","6","1","","false","-1","1","8","7","0","1","false","0","0","0",""
"bench-20260922-9-1","normal","benchmark-c4-policy-1.0.0-local","2","false","false","policy","bench-20260922-9-1-ply-7","7","c3","3","1","proven_win_available","false","-1","1","8","7","0","1","false","0","2","0",""
"bench-20260922-9-1","normal","benchmark-c4-policy-1.0.0-local","2","false","false","policy","bench-20260922-9-1-ply-7","7","c2","2","2","proven_win_available","false","-1","1","8","7","0","1","false","0","2","0",""
"bench-20260922-9-1","normal","benchmark-c4-policy-1.0.0-local","2","false","true","policy","bench-20260922-9-1-ply-7","7","c4","4","0","","true","1","1","1","1","0","0","false","0","2","0",""
"bench-20260922-9-1","normal","benchmark-c4-policy-1.0.0-local","2","false","false","policy","bench-20260922-9-1-ply-7","7","c1","1","2","proven_win_available","false","-1","1","8","7","0","1","false","0","2","0",""
"bench-20260922-9-1","normal","benchmark-c4-policy-1.0.0-local","2","false","false","policy","bench-20260922-9-1-ply-7","7","c5","5","0","proven_win_available","false","-1","1","8","7","0","1","false","0","2","0",""
"bench-20260922-9-1","normal","benchmark-c4-policy-1.0.0-local","2","false","true","policy","bench-20260922-9-1-ply-7","7","c0","0","0","","false","1","1","1","1","0","0","false","0","1","0",""
"bench-20260922-9-1","normal","benchmark-c4-policy-1.0.0-local","2","false","false","policy","bench-20260922-9-1-ply-7","7","c6","6","1","proven_win_available","false","-1","1","8","7","0","1","false","0","2","0",""
"bench-20260922-9-2","normal","benchmark-c4-policy-1.0.0-local","1","false","true","policy","bench-20260922-9-2-ply-6","6","c3","3","1","","false","-1","-1","4","3","1","1","false","2","0","0",""
"bench-20260922-9-2","normal","benchmark-c4-policy-1.0.0-local","1","false","true","policy","bench-20260922-9-2-ply-6","6","c2","2","1","","false","-1","-1","4","3","1","1","false","2","0","0",""
"bench-20260922-9-2","normal","benchmark-c4-policy-1.0.0-local","1","false","true","policy","bench-20260922-9-2-ply-6","6","c4","4","0","","true","-1","-1","7","6","1","1","false","1","0","0",""
"bench-20260922-9-2","normal","benchmark-c4-policy-1.0.0-local","1","false","true","policy","bench-20260922-9-2-ply-6","6","c1","1","2","","false","-1","-1","4","3","1","1","false","2","0","0",""
"bench-20260922-9-2","normal","benchmark-c4-policy-1.0.0-local","1","false","true","policy","bench-20260922-9-2-ply-6","6","c5","5","0","","false","-1","-1","4","3","1","1","false","2","0","0",""
"bench-20260922-9-2","normal","benchmark-c4-policy-1.0.0-local","1","false","true","policy","bench-20260922-9-2-ply-6","6","c0","0","0","","false","-1","-1","4","3","1","1","false","1","0","0",""
"bench-20260922-9-2","normal","benchmark-c4-policy-1.0.0-local","1","false","true","policy","bench-20260922-9-2-ply-6","6","c6","6","1","","false","-1","-1","4","3","1","1","false","2","0","0",""
"bench-20260922-9-2","normal","benchmark-c4-policy-1.0.0-local","1","false","false","policy","bench-20260922-9-2-ply-8","8","c3","3","1","proven_loss","false","-1","-1","7","6","1","1","false","1","0","0",""
"bench-20260922-9-2","normal","benchmark-c4-policy-1.0.0-local","1","false","false","policy","bench-20260922-9-2-ply-8","8","c2","2","1","proven_loss","false","-1","-1","7","6","1","1","false","1","0","0",""
"bench-20260922-9-2","normal","benchmark-c4-policy-1.0.0-local","1","false","false","policy","bench-20260922-9-2-ply-8","8","c4","4","1","proven_loss","false","-1","-1","7","6","1","1","false","1","0","0",""
"bench-20260922-9-2","normal","benchmark-c4-policy-1.0.0-local","1","false","false","policy","bench-20260922-9-2-ply-8","8","c1","1","2","proven_loss","false","-1","-1","7","6","1","1","false","1","0","0",""
"bench-20260922-9-2","normal","benchmark-c4-policy-1.0.0-local","1","false","false","policy","bench-20260922-9-2-ply-8","8","c5","5","1","proven_loss","false","-1","-1","7","6","1","1","false","1","0","0",""
"bench-20260922-9-2","normal","benchmark-c4-policy-1.0.0-local","1","false","true","policy","bench-20260922-9-2-ply-8","8","c0","0","0","","true","-1","1","8","7","0","1","false","0","0","0",""
"bench-20260922-9-2","normal","benchmark-c4-policy-1.0.0-local","1","false","false","policy","bench-20260922-9-2-ply-8","8","c6","6","1","proven_loss","false","-1","-1","7","6","1","1","false","1","0","0",""
"bench-20260922-9-2","normal","benchmark-c4-policy-1.0.0-local","1","false","true","policy","bench-20260922-9-2-ply-10","10","c3","3","2","","true","-1","1","8","7","0","1","false","0","0","0",""
"bench-20260922-9-2","normal","benchmark-c4-policy-1.0.0-local","1","false","true","policy","bench-20260922-9-2-ply-10","10","c2","2","1","","false","-1","1","8","7","0","1","false","0","0","0",""
"bench-20260922-9-2","normal","benchmark-c4-policy-1.0.0-local","1","false","true","policy","bench-20260922-9-2-ply-10","10","c4","4","1","","false","-1","1","8","7","0","1","false","0","0","0",""
"bench-20260922-9-2","normal","benchmark-c4-policy-1.0.0-local","1","false","true","policy","bench-20260922-9-2-ply-10","10","c1","1","2","","false","-1","1","8","7","0","1","false","0","0","0",""
"bench-20260922-9-2","normal","benchmark-c4-policy-1.0.0-local","1","false","true","policy","bench-20260922-9-2-ply-10","10","c5","5","1","","false","-1","1","8","7","0","1","false","0","0","0",""
"bench-20260922-9-2","normal","benchmark-c4-policy-1.0.0-local","1","false","true","policy","bench-20260922-9-2-ply-10","10","c0","0","1","","false","-1","1","8","7","0","1","false","0","0","0",""
"bench-20260922-9-2","normal","benchmark-c4-policy-1.0.0-local","1","false","true","policy","bench-20260922-9-2-ply-10","10","c6","6","1","","false","-1","1","8","7","0","1","false","0","0","0",""
"bench-20260922-9-2","normal","benchmark-c4-policy-1.0.0-local","1","false","true","policy","bench-20260922-9-2-ply-12","12","c3","3","3","","true","-1","1","8","7","0","1","false","0","0","1",""
"bench-20260922-9-2","normal","benchmark-c4-policy-1.0.0-local","1","false","true","policy","bench-20260922-9-2-ply-12","12","c2","2","1","","false","-1","1","8","7","0","1","false","0","0","0",""
"bench-20260922-9-2","normal","benchmark-c4-policy-1.0.0-local","1","false","true","policy","bench-20260922-9-2-ply-12","12","c4","4","1","","false","-1","1","8","7","0","1","false","0","0","0",""
"bench-20260922-9-2","normal","benchmark-c4-policy-1.0.0-local","1","false","true","policy","bench-20260922-9-2-ply-12","12","c1","1","2","","false","-1","1","8","7","0","1","false","0","0","0",""
"bench-20260922-9-2","normal","benchmark-c4-policy-1.0.0-local","1","false","true","policy","bench-20260922-9-2-ply-12","12","c5","5","1","","false","-1","1","8","7","0","1","false","0","0","0",""
"bench-20260922-9-2","normal","benchmark-c4-policy-1.0.0-local","1","false","true","policy","bench-20260922-9-2-ply-12","12","c0","0","2","","false","-1","1","8","7","0","1","false","0","0","0",""
"bench-20260922-9-2","normal","benchmark-c4-policy-1.0.0-local","1","false","true","policy","bench-20260922-9-2-ply-12","12","c6","6","1","","false","-1","1","8","7","0","1","false","0","0","0",""
"bench-20260922-9-2","normal","benchmark-c4-policy-1.0.0-local","1","false","true","policy","bench-20260922-9-2-ply-14","14","c3","3","4","","true","-1","1","8","7","0","1","false","0","1","1",""
"bench-20260922-9-2","normal","benchmark-c4-policy-1.0.0-local","1","false","true","policy","bench-20260922-9-2-ply-14","14","c2","2","1","","false","-1","1","8","7","0","1","false","0","1","0",""
"bench-20260922-9-2","normal","benchmark-c4-policy-1.0.0-local","1","false","true","policy","bench-20260922-9-2-ply-14","14","c4","4","1","","false","-1","1","8","7","0","1","false","0","0","1",""
"bench-20260922-9-2","normal","benchmark-c4-policy-1.0.0-local","1","false","true","policy","bench-20260922-9-2-ply-14","14","c1","1","2","","false","-1","1","8","7","0","1","false","0","0","1",""
"bench-20260922-9-2","normal","benchmark-c4-policy-1.0.0-local","1","false","true","policy","bench-20260922-9-2-ply-14","14","c5","5","1","","false","-1","1","8","7","0","1","false","0","0","2",""
"bench-20260922-9-2","normal","benchmark-c4-policy-1.0.0-local","1","false","true","policy","bench-20260922-9-2-ply-14","14","c0","0","2","","false","-1","1","8","7","0","1","false","0","0","1",""
"bench-20260922-9-2","normal","benchmark-c4-policy-1.0.0-local","1","false","true","policy","bench-20260922-9-2-ply-14","14","c6","6","2","","false","-1","1","8","7","0","1","false","0","0","1",""
"bench-20260922-9-2","normal","benchmark-c4-policy-1.0.0-local","1","false","true","policy","bench-20260922-9-2-ply-16","16","c3","3","5","","true","1","1","1","1","0","0","false","0","0","1",""
"bench-20260922-9-2","normal","benchmark-c4-policy-1.0.0-local","1","false","false","policy","bench-20260922-9-2-ply-16","16","c2","2","1","proven_win_available","false","-1","-1","6","5","1","1","false","1","2","0",""
"bench-20260922-9-2","normal","benchmark-c4-policy-1.0.0-local","1","false","false","policy","bench-20260922-9-2-ply-16","16","c4","4","2","proven_win_available","false","-1","-1","6","5","1","1","false","1","2","1",""
"bench-20260922-9-2","normal","benchmark-c4-policy-1.0.0-local","1","false","false","policy","bench-20260922-9-2-ply-16","16","c1","1","2","proven_win_available","false","-1","-1","6","5","1","1","false","1","1","1",""
"bench-20260922-9-2","normal","benchmark-c4-policy-1.0.0-local","1","false","false","policy","bench-20260922-9-2-ply-16","16","c5","5","1","proven_win_available","false","-1","1","8","7","0","1","false","0","2","1",""
"bench-20260922-9-2","normal","benchmark-c4-policy-1.0.0-local","1","false","false","policy","bench-20260922-9-2-ply-16","16","c0","0","2","proven_win_available","false","-1","-1","6","5","1","1","false","1","1","1",""
"bench-20260922-9-2","normal","benchmark-c4-policy-1.0.0-local","1","false","false","policy","bench-20260922-9-2-ply-16","16","c6","6","2","proven_win_available","false","-1","-1","6","5","1","1","false","1","1","1",""