"matchId","difficulty","opponentVersion","humanDisc","ranked","eligible","seq","type","utcMs","hash","prevHash"
"bench-20260922-0-1","normal","benchmark-c4-policy-1.0.0-local","2","false","false","1","match.started","1790054833724","f919b851bf5e6aa6a23c646383427f2a4532f805acb452b62c17a45ba04ff26c","0000000000000000000000000000000000000000000000000000000000000000"
"bench-20260922-0-1","normal","benchmark-c4-policy-1.0.0-local","2","false","false","2","decision.completed","1790054833761","33c4b40d1ef38e710f16e65b9cd3694d75e27c70bc8c646f92f3174088e21002","f919b851bf5e6aa6a23c646383427f2a4532f805acb452b62c17a45ba04ff26c"
"bench-20260922-0-1","normal","benchmark-c4-policy-1.0.0-local","2","false","false","3","move.accepted","1790054833777","c009b92268831d6180462a9602cb321357639d32043a097785baeac3460b28f2","33c4b40d1ef38e710f16e65b9cd3694d75e27c70bc8c646f92f3174088e21002"
"bench-20260922-0-1","normal","benchmark-c4-policy-1.0.0-local","2","false","false","4","decision.completed","1790054833779","458c4105e3c39dae98400b5f9841ff79072e62387ff4606e654431041c889ff8","c009b92268831d6180462a9602cb321357639d32043a097785baeac3460b28f2"
"bench-20260922-0-1","normal","benchmark-c4-policy-1.0.0-local","2","false","false","5","move.accepted","1790054833781","50b0de742a82beed59768ae12a413f6bf728ff967028098adc1101bea6782f4d","458c4105e3c39dae98400b5f9841ff79072e62387ff4606e654431041c889ff8"
"bench-20260922-0-1","normal","benchmark-c4-policy-1.0.0-local","2","false","false","6","decision.completed","1790054833791","6ff99efbe7e134ec8b3daa75f65bc5eed60ae4c54da4cc700038038c9528eca6","50b0de742a82beed59768ae12a413f6bf728ff967028098adc1101bea6782f4d"
"bench-20260922-0-1","normal","benchmark-c4-policy-1.0.0-local","2","false","false","7","move.accepted","1790054833798","6a07a3679f9bd0f84f2cfd7286c683126f0a8eeaf26424674455bbdc7a940c66","6ff99efbe7e134ec8b3daa75f65bc5eed60ae4c54da4cc700038038c9528eca6"
"bench-20260922-0-1","normal","benchmark-c4-policy-1.0.0-local","2","false","false","8","decision.completed","1790054833799","cc3c7a71530d1155fe6bc963d7daa033b47c6886f8c6bf77f77dd75817eebc33","6a07a3679f9bd0f84f2cfd7286c683126f0a8eeaf26424674455bbdc7a940c66"
"bench-20260922-0-1","normal","benchmark-c4-policy-1.0.0-local","2","false","false","9","move.accepted","1790054833803","8b19fcf815418913b028e73c8b46a8b7176da4db24add4e904c7e406593e4c14","cc3c7a71530d1155fe6bc963d7daa033b47c6886f8c6bf77f77dd75817eebc33"
"bench-20260922-0-1","normal","benchmark-c4-policy-1.0.0-local","2","false","false","10","decision.completed","1790054833807","76f1d400bd7fc99f97c07abae0ef35b3b5d173a18855b3ff8424a4e4b414d97f","8b19fcf815418913b028e73c8b46a8b7176da4db24add4e904c7e406593e4c14"
"bench-20260922-0-1","normal","benchmark-c4-policy-1.0.0-local","2","false","false","11","move.accepted","1790054833812","a913f55c7e6b98d4467e118beafb9e53eebbde7d0a8546e481fdd994df76c046","76f1d400bd7fc99f97c07abae0ef35b3b5d173a18855b3ff8424a4e4b414d97f"
"bench-20260922-0-1","normal","benchmark-c4-policy-1.0.0-local","2","false","false","12","decision.completed","1790054833813","b62fd60036b9196262e7abdaa72aa8c0b6566436696e914d4c769a54593fb0bc","a913f55c7e6b98d4467e118beafb9e53eebbde7d0a8546e481fdd994df76c046"
"bench-20260922-0-1","normal","benchmark-c4-policy-1.0.0-local","2","false","false","13","move.accepted","1790054833814","da5c3a555678958f57de2092641ea4cda86f3f3faaf9b263a8ee09b6c83b1efc","b62fd60036b9196262e7abdaa72aa8c0b6566436696e914d4c769a54593fb0bc"
"bench-20260922-0-1","normal","benchmark-c4-policy-1.0.0-local","2","false","false","14","decision.completed","1790054833816","c6b90d254d1742061d53cd44605323a8a181ece3ba9a46b0a0d819453f58e255","da5c3a555678958f57de2092641ea4cda86f3f3faaf9b263a8ee09b6c83b1efc"
"bench-20260922-0-1","normal","benchmark-c4-policy-1.0.0-local","2","false","false","15","move.accepted","1790054833818","7a7555ca4af5b8d2345b9dbacd986adf70a9160cfdd3357b854a0de2439bb0c5","c6b90d254d1742061d53cd44605323a8a181ece3ba9a46b0a0d819453f58e255"
"bench-20260922-0-1","normal","benchmark-c4-policy-1.0.0-local","2","false","false","16","match.completed","1790054833819","a9dab3ffcbb178a7272f31a1563f41f7c85140d38eec495390c601fe3e688a8a","7a7555ca4af5b8d2345b9dbacd986adf70a9160cfdd3357b854a0de2439bb0c5"
"bench-20260922-0-2","normal","benchmark-c4-policy-1.0.0-local","1","false","false","1","match.started","1790054833822","02ab1780989db7e27ca0badb59a945de1457cd450fbfaf37de94a5651be59599","0000000000000000000000000000000000000000000000000000000000000000"
"bench-20260922-0-2","normal","benchmark-c4-policy-1.0.0-local","1","false","false","2","decision.completed","1790054833823","3a683b2c4cf0f0e45efdba1ab6a5ee2e88aedf0245dc08d123f66a68ea06551d","02ab1780989db7e27ca0badb59a945de1457cd450fbfaf37de94a5651be59599"
"bench-20260922-0-2","normal","benchmark-c4-policy-1.0.0-local","1","false","false","3","move.accepted","1790054833824","fcb59466b2c7e62e0575427f79d6ed8020e131d81d47ee8747ffca12f77ce664","3a683b2c4cf0f0e45efdba1ab6a5ee2e88aedf0245dc08d123f66a68ea06551d"
"bench-20260922-0-2","normal","benchmark-c4-policy-1.0.0-local","1","false","false","4","decision.completed","1790054833826","a2af307b7e026f80f8830ba105bf5caec125637f40d7a1783b863354eae1a703","fcb59466b2c7e62e0575427f79d6ed8020e131d81d47ee8747ffca12f77ce664"
"bench-20260922-0-2","normal","benchmark-c4-policy-1.0.0-local","1","false","false","5","move.accepted","1790054833829","65d09962e8ebe323cb36c70fc29c8a2706866f7ae39eec8508fe55a7a5cee9bd","a2af307b7e026f80f8830ba105bf5caec125637f40d7a1783b863354eae1a703"
"bench-20260922-0-2","normal","benchmark-c4-policy-1.0.0-local","1","false","false","6","decision.completed","1790054833829","f20e759b74d4ca9c3c656b00e5cb3f3af493e702526d75f3375dfd889080d7e3","65d09962e8ebe323cb36c70fc29c8a2706866f7ae39eec8508fe55a7a5cee9bd"
"bench-20260922-0-2","normal","benchmark-c4-policy-1.0.0-local","1","false","false","7","move.accepted","1790054833830","88c46551f92812a5a06021b1ea31fd43ae441af3b0d62483786cbff666ca685f","f20e759b74d4ca9c3c656b00e5cb3f3af493e702526d75f3375dfd889080d7e3"
"bench-20260922-0-2","normal","benchmark-c4-policy-1.0.0-local","1","false","false","8","decision.completed","1790054833832","ac1432e846ae0796e7fbccaf6acecccd2d542b84d752fa1f70860c3ed8780fc3","88c46551f92812a5a06021b1ea31fd43ae441af3b0d62483786cbff666ca685f"
"bench-20260922-0-2","normal","benchmark-c4-policy-1.0.0-local","1","false","false","9","move.accepted","1790054833833","fbe71f30cf04a0806607765706c4f072fc8ba44ca692c8a45f37b76fe8eccb27","ac1432e846ae0796e7fbccaf6acecccd2d542b84d752fa1f70860c3ed8780fc3"
"bench-20260922-0-2","normal","benchmark-c4-policy-1.0.0-local","1","false","false","10","decision.completed","1790054833833","9ec57c08a52cc63a787528cfada0d16e067ea7109ea602257a57ba93888f11b1","fbe71f30cf04a0806607765706c4f072fc8ba44ca692c8a45f37b76fe8eccb27"
"bench-20260922-0-2","normal","benchmark-c4-policy-1.0.0-local","1","false","false","11","move.accepted","1790054833834","2e2197b68401fed0bc920832d6df923748bb5d3ebd3a86c98045393abc7e0433","9ec57c08a52cc63a787528cfada0d16e067ea7109ea602257a57ba93888f11b1"
"bench-20260922-0-2","normal","benchmark-c4-policy-1.0.0-local","1","false","false","12","decision.completed","1790054833835","c8a89d82a0dda4ccb8940f38779da8cb1cef0ec620c6b12ead73eb7e3758ad32","2e2197b68401fed0bc920832d6df923748bb5d3ebd3a86c98045393abc7e0433"
"bench-20260922-0-2","normal","benchmark-c4-policy-1.0.0-local","1","false","false","13","move.accepted","1790054833837","9187884ce100b27a773417b8ccb8080ea0e21f1d4d999535dc59d290bcf74c82","c8a89d82a0dda4ccb8940f38779da8cb1cef0ec620c6b12ead73eb7e3758ad32"
"bench-20260922-0-2","normal","benchmark-c4-policy-1.0.0-local","1","false","false","14","decision.completed","1790054833838","e9df25d0e3f07e6c58d1fad2950ddc0a14876f756d8e447a7f940b610b58902f","9187884ce100b27a773417b8ccb8080ea0e21f1d4d999535dc59d290bcf74c82"
"bench-20260922-0-2","normal","benchmark-c4-policy-1.0.0-local","1","false","false","15","move.accepted","1790054833839","77e1507344466960c5bd4db51e94ac39b656aa709302edd9f7c109a79f379f83","e9df25d0e3f07e6c58d1fad2950ddc0a14876f756d8e447a7f940b610b58902f"
"bench-20260922-0-2","normal","benchmark-c4-policy-1.0.0-local","1","false","false","16","decision.completed","1790054833840","de94a5237d8b835918c31a9b51cf6532f1a475e382442448c68f13648ee79c0f","77e1507344466960c5bd4db51e94ac39b656aa709302edd9f7c109a79f379f83"
"bench-20260922-0-2","normal","benchmark-c4-policy-1.0.0-local","1","false","false","17","move.accepted","1790054833842","389390b0ce7274e42fc6f46c3c30150e3b4fe5e77eeb591c6d2112aa7988e436","de94a5237d8b835918c31a9b51cf6532f1a475e382442448c68f13648ee79c0f"
"bench-20260922-0-2","normal","benchmark-c4-policy-1.0.0-local","1","false","false","18","decision.completed","1790054833842","ab92825ef164d821c950b0b46ff7a65867347cabf98f5f5ddc8eed1d89f5ac2b","389390b0ce7274e42fc6f46c3c30150e3b4fe5e77eeb591c6d2112aa7988e436"
"bench-20260922-0-2","normal","benchmark-c4-policy-1.0.0-local","1","false","false","19","move.accepted","1790054833844","2324a3c67f41905b073547b3b8bf6695450955124555e87df380dcd161c0cf1d","ab92825ef164d821c950b0b46ff7a65867347cabf98f5f5ddc8eed1d89f5ac2b"
"bench-20260922-0-2","normal","benchmark-c4-policy-1.0.0-local","1","false","false","20","decision.completed","1790054833846","a18c9d75bb96e8ac4c4868bd9d6e4a3880310e6e4d3367790dfd4677d8c5c5c4","2324a3c67f41905b073547b3b8bf6695450955124555e87df380dcd161c0cf1d"
"bench-20260922-0-2","normal","benchmark-c4-policy-1.0.0-local","1","false","false","21","move.accepted","1790054833852","7601b4d17f74d9fd9bc149b1c165b42d3284952b0a80a5f0f60229a3e12d52b5","a18c9d75bb96e8ac4c4868bd9d6e4a3880310e6e4d3367790dfd4677d8c5c5c4"
"bench-20260922-0-2","normal","benchmark-c4-policy-1.0.0-local","1","false","false","22","decision.completed","1790054833853","e36c8ad856a72fc74bf4db122022b4d9bd12fc4ba00e4b3879d7da616e0ff59a","7601b4d17f74d9fd9bc149b1c165b42d3284952b0a80a5f0f60229a3e12d52b5"
"bench-20260922-0-2","normal","benchmark-c4-policy-1.0.0-local","1","false","false","23","move.accepted","1790054833856","91c80b52f436df659cf706c91e133d62d24a06889674517d742f7b4f38399f3a","e36c8ad856a72fc74bf4db122022b4d9bd12fc4ba00e4b3879d7da616e0ff59a"
"bench-20260922-0-2","normal","benchmark-c4-policy-1.0.0-local","1","false","false","24","decision.completed","1790054833862","21833704910723cb9e2b44f4b883dd8d1437dc657526c620a2b003d07f8efbcf","91c80b52f436df659cf706c91e133d62d24a06889674517d742f7b4f38399f3a"
"bench-20260922-0-2","normal","benchmark-c4-policy-1.0.0-local","1","false","false","25","move.accepted","1790054833866","59cfa906bc16572a1aa0f530435187c89d3fa1874237c0c1918255dc68e621cc","21833704910723cb9e2b44f4b883dd8d1437dc657526c620a2b003d07f8efbcf"
"bench-20260922-0-2","normal","benchmark-c4-policy-1.0.0-local","1","false","false","26","match.completed","1790054833867","6682774a7f7b8cbee4d04de90eb54833407ac9125674be99d8e0f8a3e1b5ca5d","59cfa906bc16572a1aa0f530435187c89d3fa1874237c0c1918255dc68e621cc"
"bench-20260922-1-1","normal","benchmark-c4-policy-1.0.0-local","2","false","false","1","match.started","1790054833869","a3ef1026eccf44e89fbadecfe72b725f7cd2e333679d719b9442b6111adac9c9","0000000000000000000000000000000000000000000000000000000000000000"
"bench-20260922-1-1","normal","benchmark-c4-policy-1.0.0-local","2","false","false","2","move.accepted","1790054833872","3479736360d958760e8dfbc64a64e633b413107ea7f98f2772f1bae938562a67","a3ef1026eccf44e89fbadecfe72b725f7cd2e333679d719b9442b6111adac9c9"
"bench-20260922-1-1","normal","benchmark-c4-policy-1.0.0-local","2","false","false","3","decision.completed","1790054833872","3cf5f1a116c8ffeb0d7822afe6aeee6b9547ad0ed8623090c383e138396dee4d","3479736360d958760e8dfbc64a64e633b413107ea7f98f2772f1bae938562a67"
"bench-20260922-1-1","normal","benchmark-c4-policy-1.0.0-local","2","false","false","4","move.accepted","1790054833876","e330865facc3327d212eb28767955aba3ec77b0ff8c929fc2dfe387ef5709a84","3cf5f1a116c8ffeb0d7822afe6aeee6b9547ad0ed8623090c383e138396dee4d"
"bench-20260922-1-1","normal","benchmark-c4-policy-1.0.0-local","2","false","false","5","decision.completed","1790054833879","f97a57fd7058628d11bd7d0acd9ff957686f54b0132292135c2dce9efd429b95","e330865facc3327d212eb28767955aba3ec77b0ff8c929fc2dfe387ef5709a84"
"bench-20260922-1-1","normal","benchmark-c4-policy-1.0.0-local","2","false","false","6","move.accepted","1790054833883","5f25473b7ce99639321fa6262a8eafba995a65d1e5f034499e8934fb9efa5bff","f97a57fd7058628d11bd7d0acd9ff957686f54b0132292135c2dce9efd429b95"
"bench-20260922-1-1","normal","benchmark-c4-policy-1.0.0-local","2","false","false","7","decision.completed","1790054833884","c0de3b522cbed2a996fb9646091d30523e46d2b1c63142f5d5499f0de570289f","5f25473b7ce99639321fa6262a8eafba995a65d1e5f034499e8934fb9efa5bff"
"bench-20260922-1-1","normal","benchmark-c4-policy-1.0.0-local","2","false","false","8","move.accepted","1790054833888","4f7a0d52c9edf80e36773eb6c9dc212e8530650835e35d3d9786b811e93b4cd2","c0de3b522cbed2a996fb9646091d30523e46d2b1c63142f5d5499f0de570289f"
"bench-20260922-1-1","normal","benchmark-c4-policy-1.0.0-local","2","false","false","9","decision.completed","1790054833890","21afb4b771b3bc2b9898b0db88c1c82a776c8da09a9d34f79ba0859918604ad3","4f7a0d52c9edf80e36773eb6c9dc212e8530650835e35d3d9786b811e93b4cd2"
"bench-20260922-1-1","normal","benchmark-c4-policy-1.0.0-local","2","false","false","10","move.accepted","1790054833892","834df099110e27c04c5b642d127d2e01d00a04c99e195de217d8a412e1ca6ed0","21afb4b771b3bc2b9898b0db88c1c82a776c8da09a9d34f79ba0859918604ad3"
"bench-20260922-1-1","normal","benchmark-c4-policy-1.0.0-local","2","false","false","11","decision.completed","1790054833892","7e6c04f90d18d978b7f9dd9ff76c05a7d9ce739c1d441a6eb75d663d40799057","834df099110e27c04c5b642d127d2e01d00a04c99e195de217d8a412e1ca6ed0"
"bench-20260922-1-1","normal","benchmark-c4-policy-1.0.0-local","2","false","false","12","move.accepted","1790054833896","24a197d24d12652fdd2d14b1f00a660096b54d54d8d3010a9e7a500d6c59fb39","7e6c04f90d18d978b7f9dd9ff76c05a7d9ce739c1d441a6eb75d663d40799057"
"bench-20260922-1-1","normal","benchmark-c4-policy-1.0.0-local","2","false","false","13","decision.completed","1790054833901","46a5ba02f8b8e7b14d5dd4e5b57faf1cb4fb4f9e355e238d23ff6d14f2e93c97","24a197d24d12652fdd2d14b1f00a660096b54d54d8d3010a9e7a500d6c59fb39"
"bench-20260922-1-1","normal","benchmark-c4-policy-1.0.0-local","2","false","false","14","move.accepted","1790054833902","7d0258fb83fff45be1e8682a87f2bb1e5d02a61bb53f580157c0943623ffc9ad","46a5ba02f8b8e7b14d5dd4e5b57faf1cb4fb4f9e355e238d23ff6d14f2e93c97"
"bench-20260922-1-1","normal","benchmark-c4-policy-1.0.0-local","2","false","false","15","decision.completed","1790054833902","3ac23db92fb8e90a6d9a117f5ef2f44b017e06d31bd8d266e78d3d8b43da4a9f","7d0258fb83fff45be1e8682a87f2bb1e5d02a61bb53f580157c0943623ffc9ad"
"bench-20260922-1-1","normal","benchmark-c4-policy-1.0.0-local","2","false","false","16","move.accepted","1790054833903","b1c0dc9dad3ea803bf67b5c77474ce3a8eb51c39b175baec8569ae2b1f076461","3ac23db92fb8e90a6d9a117f5ef2f44b017e06d31bd8d266e78d3d8b43da4a9f"
"bench-20260922-1-1","normal","benchmark-c4-policy-1.0.0-local","2","false","false","17","decision.completed","1790054833904","3ef2e29cd447f7d044d02ba412cf9e11f0080bfbbbd28cdfe07b43e2c1c4d07c","b1c0dc9dad3ea803bf67b5c77474ce3a8eb51c39b175baec8569ae2b1f076461"
"bench-20260922-1-1","normal","benchmark-c4-policy-1.0.0-local","2","false","false","18","move.accepted","1790054833908","b5c16b7b3683c05e8a3d57063b0dcd374bb77943767d2d67014aeb960393f079","3ef2e29cd447f7d044d02ba412cf9e11f0080bfbbbd28cdfe07b43e2c1c4d07c"
"bench-20260922-1-1","normal","benchmark-c4-policy-1.0.0-local","2","false","false","19","match.completed","1790054833908","89604eccb14f14d89734af832f27df3e2831cc1f9a7f4f325468bbca8ec769df","b5c16b7b3683c05e8a3d57063b0dcd374bb77943767d2d67014aeb960393f079"
"bench-20260922-1-2","normal","benchmark-c4-policy-1.0.0-local","1","false","false","1","match.started","1790054833908","a268df8fed3f62230a17ec2f45afd263e028f93fe5deb61b926a446db1322bf1","0000000000000000000000000000000000000000000000000000000000000000"
"bench-20260922-1-2","normal","benchmark-c4-policy-1.0.0-local","1","false","false","2","move.accepted","1790054833910","c9f38cdf8fd287f4ada7b451d1b617b20897d5bb18c2059f1b7f129897ff5685","a268df8fed3f62230a17ec2f45afd263e028f93fe5deb61b926a446db1322bf1"
"bench-20260922-1-2","normal","benchmark-c4-policy-1.0.0-local","1","false","false","3","decision.completed","1790054833912","4f4859c2f42f3e3b13ac34d33dec011bf9ae65cd873fa699136e09f300048c78","c9f38cdf8fd287f4ada7b451d1b617b20897d5bb18c2059f1b7f129897ff5685"
"bench-20260922-1-2","normal","benchmark-c4-policy-1.0.0-local","1","false","false","4","move.accepted","1790054833913","149cd2c1046f30f365ac10e2c9576cc233756ffccfe938c7497be6074708cf14","4f4859c2f42f3e3b13ac34d33dec011bf9ae65cd873fa699136e09f300048c78"
"bench-20260922-1-2","normal","benchmark-c4-policy-1.0.0-local","1","false","false","5","decision.completed","1790054833913","806749f8ad0951c8fb060a6939f2a8d424767fdb9a5edf65433580d5cff6029c","149cd2c1046f30f365ac10e2c9576cc233756ffccfe938c7497be6074708cf14"
"bench-20260922-1-2","normal","benchmark-c4-policy-1.0.0-local","1","false","false","6","move.accepted","1790054833914","d694edde7edeca3cca9b560f38ebc0761b562dda600d31acd6f56da40371eb34","806749f8ad0951c8fb060a6939f2a8d424767fdb9a5edf65433580d5cff6029c"
"bench-20260922-1-2","normal","benchmark-c4-policy-1.0.0-local","1","false","false","7","decision.completed","1790054833915","8efcc2e7fd83d8cfc8ad89698e69f59b2c0f02aec99984b40d920a7adcddb342","d694edde7edeca3cca9b560f38ebc0761b562dda600d31acd6f56da40371eb34"
"bench-20260922-1-2","normal","benchmark-c4-policy-1.0.0-local","1","false","false","8","move.accepted","1790054833918","03c11fa64522457b5cf7b48c6f653128be8e9ef05609c021fc4421a0837040a6","8efcc2e7fd83d8cfc8ad89698e69f59b2c0f02aec99984b40d920a7adcddb342"
"bench-20260922-1-2","normal","benchmark-c4-policy-1.0.0-local","1","false","false","9","decision.completed","1790054833918","200fd8f5488cfcd490883fcf659ae870c44c07d02a06298df60179c64b5077a2","03c11fa64522457b5cf7b48c6f653128be8e9ef05609c021fc4421a0837040a6"
"bench-20260922-1-2","normal","benchmark-c4-policy-1.0.0-local","1","false","false","10","move.accepted","1790054833919","22380773aaaee5d2a66eec78b9f1d182a3ea0dd6a12affbecb05bddea684096f","200fd8f5488cfcd490883fcf659ae870c44c07d02a06298df60179c64b5077a2"
"bench-20260922-1-2","normal","benchmark-c4-policy-1.0.0-local","1","false","false","11","decision.completed","1790054833921","94e83ad179b2c676311bc813e9eb8bbd550c6748808cb75cd1d7e23af6a7ec1e","22380773aaaee5d2a66eec78b9f1d182a3ea0dd6a12affbecb05bddea684096f"
"bench-20260922-1-2","normal","benchmark-c4-policy-1.0.0-local","1","false","false","12","move.accepted","1790054833922","885403461040eca68644e48e0b5cf00a06d3a92062d63170b94df08c41cfccf5","94e83ad179b2c676311bc813e9eb8bbd550c6748808cb75cd1d7e23af6a7ec1e"
"bench-20260922-1-2","normal","benchmark-c4-policy-1.0.0-local","1","false","false","13","decision.completed","1790054833923","d011cd2cadb7f34d36ee9815badd10d6801eb4beddde606f5c28ecedae2b42e1","885403461040eca68644e48e0b5cf00a06d3a92062d63170b94df08c41cfccf5"
"bench-20260922-1-2","normal","benchmark-c4-policy-1.0.0-local","1","false","false","14","move.accepted","1790054833923","2b1737c209d55118147c94fa515de5bfbf3bff4c99be8b3d209186d5fc4ff495","d011cd2cadb7f34d36ee9815badd10d6801eb4beddde606f5c28ecedae2b42e1"
"bench-20260922-1-2","normal","benchmark-c4-policy-1.0.0-local","1","false","false","15","decision.completed","1790054833924","1e83da455c53799cc36c6a10159f327652a30518fabe0b270785891413c69484","2b1737c209d55118147c94fa515de5bfbf3bff4c99be8b3d209186d5fc4ff495"
"bench-20260922-1-2","normal","benchmark-c4-policy-1.0.0-local","1","false","false","16","move.accepted","1790054833926","5a429ecf0d72f4b390c7e5de2b0630ffd3219233d609fcdefb59a3b271897100","1e83da455c53799cc36c6a10159f327652a30518fabe0b270785891413c69484"
"bench-20260922-1-2","normal","benchmark-c4-policy-1.0.0-local","1","false","false","17","match.completed","1790054833926","b568c05db47b9d06d2a39975fd828c9c2bab0d22785b2f6a2c34a9b2f96d52f7","5a429ecf0d72f4b390c7e5de2b0630ffd3219233d609fcdefb59a3b271897100"
"bench-20260922-2-1","normal","benchmark-c4-policy-1.0.0-local","2","false","false","1","match.started","1790054833927","cc1af54b0bf7a98becd2290dbf2dc70f42ec647b7ded2a706729a86ea2b72710","0000000000000000000000000000000000000000000000000000000000000000"
"bench-20260922-2-1","normal","benchmark-c4-policy-1.0.0-local","2","false","false","2","move.accepted","1790054833928","4c142b22220fb3f1be1389069615fc26ef06a0bf797f9f1956b4fcffac2eedb8","cc1af54b0bf7a98becd2290dbf2dc70f42ec647b7ded2a706729a86ea2b72710"
"bench-20260922-2-1","normal","benchmark-c4-policy-1.0.0-local","2","false","false","3","move.accepted","1790054833930","3bb38bd1f86cdb4bc255ab8b24c41ba1d656332f887acd2468cc75d14af2f600","4c142b22220fb3f1be1389069615fc26ef06a0bf797f9f1956b4fcffac2eedb8"
"bench-20260922-2-1","normal","benchmark-c4-policy-1.0.0-local","2","false","false","4","decision.completed","1790054833931","a515442ebac7fb81e8a2d0fa7efa94ab6127441cd1bb0f98060dc633e9b7b677","3bb38bd1f86cdb4bc255ab8b24c41ba1d656332f887acd2468cc75d14af2f600"
"bench-20260922-2-1","normal","benchmark-c4-policy-1.0.0-local","2","false","false","5","move.accepted","1790054833933","1832d3a65e4a23cbb61ef0ccf78064fcbcdc03c31c012ccfd2e2b5bd9d44bb0b","a515442ebac7fb81e8a2d0fa7efa94ab6127441cd1bb0f98060dc633e9b7b677"
"bench-20260922-2-1","normal","benchmark-c4-policy-1.0.0-local","2","false","false","6","decision.completed","1790054833933","5e1ff1d26bc524ece8331d26596a3712dd287ae8bf4a908da1f6994e53b7c2e6","1832d3a65e4a23cbb61ef0ccf78064fcbcdc03c31c012ccfd2e2b5bd9d44bb0b"
"bench-20260922-2-1","normal","benchmark-c4-policy-1.0.0-local","2","false","false","7","move.accepted","1790054833933","2ce3be36dfbbe798680fb99bfc634cb3d20ba21ea003a2fc35413af8132042ca","5e1ff1d26bc524ece8331d26596a3712dd287ae8bf4a908da1f6994e53b7c2e6"
"bench-20260922-2-1","normal","benchmark-c4-policy-1.0.0-local","2","false","false","8","decision.completed","1790054833935","5ef2278f9ad92c534214860611eee848b771e339d7656ab70d14d16338fce3b1","2ce3be36dfbbe798680fb99bfc634cb3d20ba21ea003a2fc35413af8132042ca"
"bench-20260922-2-1","normal","benchmark-c4-policy-1.0.0-local","2","false","false","9","move.accepted","1790054833936","96eb1504269a2348c8a3a3a41a3c995a17a39e5658d2fc70ed715ce2cc89008c","5ef2278f9ad92c534214860611eee848b771e339d7656ab70d14d16338fce3b1"
"bench-20260922-2-1","normal","benchmark-c4-policy-1.0.0-local","2","false","false","10","decision.completed","1790054833937","5bd9f26388dbf4fa27c4dc615e4d2738a14f1dcb1554ee30005368582991c489","96eb1504269a2348c8a3a3a41a3c995a17a39e5658d2fc70ed715ce2cc89008c"
"bench-20260922-2-1","normal","benchmark-c4-policy-1.0.0-local","2","false","false","11","move.accepted","1790054833938","a47489a8bed53ee117c395f6251408f5f0b24a0a000e651ae9dfd8f306469bcb","5bd9f26388dbf4fa27c4dc615e4d2738a14f1dcb1554ee30005368582991c489"
"bench-20260922-2-1","normal","benchmark-c4-policy-1.0.0-local","2","false","false","12","decision.completed","1790054833939","65f459c96f023dde0d83c1e558984e8428eee91e7b2e59cd23117b2f12d5a736","a47489a8bed53ee117c395f6251408f5f0b24a0a000e651ae9dfd8f306469bcb"
"bench-20260922-2-1","normal","benchmark-c4-policy-1.0.0-local","2","false","false","13","move.accepted","1790054833941","e8add62e3a17d06136a39523e664a6fb738b358906e177b2c2d5d305baf4f384","65f459c96f023dde0d83c1e558984e8428eee91e7b2e59cd23117b2f12d5a736"
"bench-20260922-2-1","normal","benchmark-c4-policy-1.0.0-local","2","false","false","14","match.completed","1790054833941","057e90a8f47d904d37ddad3a912c9b4f6258fceb327677c5e0b13b05253d886d","e8add62e3a17d06136a39523e664a6fb738b358906e177b2c2d5d305baf4f384"
"bench-20260922-2-2","normal","benchmark-c4-policy-1.0.0-local","1","false","false","1","match.started","1790054833942","e3a9d074b144487331a8218f94f6d79505f280921ca5a0f53952af2d7b3b402f","0000000000000000000000000000000000000000000000000000000000000000"
"bench-20260922-2-2","normal","benchmark-c4-policy-1.0.0-local","1","false","false","2","move.accepted","1790054833943","83b3435bc5f19e8c35fd22ec758593bd7abc1fd7c0022bed6aba77c78bd475f7","e3a9d074b144487331a8218f94f6d79505f280921ca5a0f53952af2d7b3b402f"
"bench-20260922-2-2","normal","benchmark-c4-policy-1.0.0-local","1","false","false","3","move.accepted","1790054833944","eaa3d0a8c58597de5a2a4dc9a763918f898f6a64e2af182534d309de32aa3cef","83b3435bc5f19e8c35fd22ec758593bd7abc1fd7c0022bed6aba77c78bd475f7"
"bench-20260922-2-2","normal","benchmark-c4-policy-1.0.0-local","1","false","false","4","decision.completed","1790054833944","4afe490312988e43ebba637681b355d3ddd1808fb1e9672cd83e38447b5f807f","eaa3d0a8c58597de5a2a4dc9a763918f898f6a64e2af182534d309de32aa3cef"
"bench-20260922-2-2","normal","benchmark-c4-policy-1.0.0-local","1","false","false","5","move.accepted","1790054833945","c6d97d3fc8e36db826903842a500a69b3667854bf0f533f1fdd4b2171c05f921","4afe490312988e43ebba637681b355d3ddd1808fb1e9672cd83e38447b5f807f"
"bench-20260922-2-2","normal","benchmark-c4-policy-1.0.0-local","1","false","false","6","decision.completed","1790054833946","5bfedeaffaa4fb7f53ecdf43dd5046f575f87fdcddfeb6a7d58f7a9ff65c1314","c6d97d3fc8e36db826903842a500a69b3667854bf0f533f1fdd4b2171c05f921"
"bench-20260922-2-2","normal","benchmark-c4-policy-1.0.0-local","1","false","false","7","move.accepted","1790054833948","516a3302237a67250e1225ec8e92b0cdb32ea30b0884d5a1893b838b7445d0c2","5bfedeaffaa4fb7f53ecdf43dd5046f575f87fdcddfeb6a7d58f7a9ff65c1314"
"bench-20260922-2-2","normal","benchmark-c4-policy-1.0.0-local","1","false","false","8","decision.completed","1790054833948","6c909738fe541c391fc0cd6bf8e591e13f9efbc79fd3c4e776e201f813c48804","516a3302237a67250e1225ec8e92b0cdb32ea30b0884d5a1893b838b7445d0c2"
"bench-20260922-2-2","normal","benchmark-c4-policy-1.0.0-local","1","false","false","9","move.accepted","1790054833949","2affac02c4cdbdae49cd89d8ed76c92d6dc4b181d45bd123582dcbe913d46619","6c909738fe541c391fc0cd6bf8e591e13f9efbc79fd3c4e776e201f813c48804"
"bench-20260922-2-2","normal","benchmark-c4-policy-1.0.0-local","1","false","false","10","decision.completed","1790054833950","23956a9f8ea6fbaa2aff061206e21f86b9f8b55e8e3e780d26fa6b989a282e05","2affac02c4cdbdae49cd89d8ed76c92d6dc4b181d45bd123582dcbe913d46619"
"bench-20260922-2-2","normal","benchmark-c4-policy-1.0.0-local","1","false","false","11","move.accepted","1790054833951","73277d207cb94a84c1d4861ce8f11f1d6cc483b84951c3f66313ad043bdce0a5","23956a9f8ea6fbaa2aff061206e21f86b9f8b55e8e3e780d26fa6b989a282e05"
"bench-20260922-2-2","normal","benchmark-c4-policy-1.0.0-local","1","false","false","12","decision.completed","1790054833951","0719179d41cc5e197ed09dfc6ad89cda8262543751e5cc3ff0883275481f0a88","73277d207cb94a84c1d4861ce8f11f1d6cc483b84951c3f66313ad043bdce0a5"
"bench-20260922-2-2","normal","benchmark-c4-policy-1.0.0-local","1","false","false","13","move.accepted","1790054833952","e038b88674c29c5fce1d47116429530da34052f6fdf82497e36ef59b7c8bcbd0","0719179d41cc5e197ed09dfc6ad89cda8262543751e5cc3ff0883275481f0a88"
"bench-20260922-2-2","normal","benchmark-c4-policy-1.0.0-local","1","false","false","14","decision.completed","1790054833953","7356feb9a8de3c62232d447781df2afd1f0e9236a9e59a43cf3f3294f7600e1b","e038b88674c29c5fce1d47116429530da34052f6fdf82497e36ef59b7c8bcbd0"
"bench-20260922-2-2","normal","benchmark-c4-policy-1.0.0-local","1","false","false","15","move.accepted","1790054833954","5a28c2b56275798d7845cb5e30d2194bed95ab6d9f926cfb43fdba3ec6e92209","7356feb9a8de3c62232d447781df2afd1f0e9236a9e59a43cf3f3294f7600e1b"
"bench-20260922-2-2","normal","benchmark-c4-policy-1.0.0-local","1","false","false","16","decision.completed","1790054833955","63b401dc651a9b55e91b5140eb6b68a517e1fc47b734c501e99c08055c9f42d7","5a28c2b56275798d7845cb5e30d2194bed95ab6d9f926cfb43fdba3ec6e92209"
"bench-20260922-2-2","normal","benchmark-c4-policy-1.0.0-local","1","false","false","17","move.accepted","1790054833955","14eff8447e1cad871c9b99cb711f53f0e6e6df1c8493d1d2fb9c068435d0384c","63b401dc651a9b55e91b5140eb6b68a517e1fc47b734c501e99c08055c9f42d7"
"bench-20260922-2-2","normal","benchmark-c4-policy-1.0.0-local","1","false","false","18","decision.completed","1790054833956","d055f30aa88cbec69abd5be2c8d697bbafdea3bf0627fca21db661b14cacf1a0","14eff8447e1cad871c9b99cb711f53f0e6e6df1c8493d1d2fb9c068435d0384c"
"bench-20260922-2-2","normal","benchmark-c4-policy-1.0.0-local","1","false","false","19","move.accepted","1790054833957","5d5a62ee36609dcacc3ec46ccce4e153ec05dc64860cf578f1c53a6bf54e8c90","d055f30aa88cbec69abd5be2c8d697bbafdea3bf0627fca21db661b14cacf1a0"
"bench-20260922-2-2","normal","benchmark-c4-policy-1.0.0-local","1","false","false","20","decision.completed","1790054833957","1a36b5128946bee99c57d4b22e93539d512e340d131a5857ed9527c13a303af2","5d5a62ee36609dcacc3ec46ccce4e153ec05dc64860cf578f1c53a6bf54e8c90"
"bench-20260922-2-2","normal","benchmark-c4-policy-1.0.0-local","1","false","false","21","move.accepted","1790054833958","6621acf9bc5e4997c7946cfcd610165cf465d93aec84c7c298390408b7a7aed0","1a36b5128946bee99c57d4b22e93539d512e340d131a5857ed9527c13a303af2"
"bench-20260922-2-2","normal","benchmark-c4-policy-1.0.0-local","1","false","false","22","decision.completed","1790054833959","0e0d01bcce02f467a2b354eaf91a8fd0c685c297fbf7a6a8e4804b4a2a869066","6621acf9bc5e4997c7946cfcd610165cf465d93aec84c7c298390408b7a7aed0"
"bench-20260922-2-2","normal","benchmark-c4-policy-1.0.0-local","1","false","false","23","move.accepted","1790054833961","54a9fbdf8456cf998348734094ed813595c58a46d3d3c4f85bdd8845ced45fd0","0e0d01bcce02f467a2b354eaf91a8fd0c685c297fbf7a6a8e4804b4a2a869066"
"bench-20260922-2-2","normal","benchmark-c4-policy-1.0.0-local","1","false","false","24","decision.completed","1790054833961","cc1539eea583e913e25da6a1acd50360e5eeebab2ff42bad065ead30d4ae25ba","54a9fbdf8456cf998348734094ed813595c58a46d3d3c4f85bdd8845ced45fd0"
"bench-20260922-2-2","normal","benchmark-c4-policy-1.0.0-local","1","false","false","25","move.accepted","1790054833962","f9a3174a5517338d2a85fbc78500c76e9fe67a1f5370dfb82827cb86601195cd","cc1539eea583e913e25da6a1acd50360e5eeebab2ff42bad065ead30d4ae25ba"
"bench-20260922-2-2","normal","benchmark-c4-policy-1.0.0-local","1","false","false","26","decision.completed","1790054833963","fb151b439a49e5d722821b87d3228965b6a8a83cdc6e66957f05f21612c7c96d","f9a3174a5517338d2a85fbc78500c76e9fe67a1f5370dfb82827cb86601195cd"
"bench-20260922-2-2","normal","benchmark-c4-policy-1.0.0-local","1","false","false","27","move.accepted","1790054833964","2cf4141bfbf4a20461464057c1160ec80bb43ccaeaa023a629aa3ad91dd8bbc7","fb151b439a49e5d722821b87d3228965b6a8a83cdc6e66957f05f21612c7c96d"
"bench-20260922-2-2","normal","benchmark-c4-policy-1.0.0-local","1","false","false","28","decision.completed","1790054833964","c8f53333e538b545b5bdc5ad3fbcbb7d639d22285561d7f16d3ca978a19cf20f","2cf4141bfbf4a20461464057c1160ec80bb43ccaeaa023a629aa3ad91dd8bbc7"
"bench-20260922-2-2","normal","benchmark-c4-policy-1.0.0-local","1","false","false","29","move.accepted","1790054833965","8651cbc7a95c05f3850ea0c1a8cf55f7e7d1663091475c18de6e8e1737e4cca0","c8f53333e538b545b5bdc5ad3fbcbb7d639d22285561d7f16d3ca978a19cf20f"
"bench-20260922-2-2","normal","benchmark-c4-policy-1.0.0-local","1","false","false","30","decision.completed","1790054833966","df6c65c98c95f8920cdd9042d70f6266461f1851ab3c35ad98d724af0dc818fc","8651cbc7a95c05f3850ea0c1a8cf55f7e7d1663091475c18de6e8e1737e4cca0"
"bench-20260922-2-2","normal","benchmark-c4-policy-1.0.0-local","1","false","false","31","move.accepted","1790054833969","ce85d210281d14e70a3ba75bdd9606fe8258c329bdcf7bd790b93ab0ca34bb6f","df6c65c98c95f8920cdd9042d70f6266461f1851ab3c35ad98d724af0dc818fc"
"bench-20260922-2-2","normal","benchmark-c4-policy-1.0.0-local","1","false","false","32","match.completed","1790054833969","12e167613d98d4f84a65cbfa327f7cd43a9b507f857fadc9ef26609df801076a","ce85d210281d14e70a3ba75bdd9606fe8258c329bdcf7bd790b93ab0ca34bb6f"
"bench-20260922-3-1","normal","benchmark-c4-policy-1.0.0-local","2","false","false","1","match.started","1790054833969","623190a26ad29e077d6f50885b411b59fe4bc6d6428f85045f1dcc32f31ccc27","0000000000000000000000000000000000000000000000000000000000000000"
"bench-20260922-3-1","normal","benchmark-c4-policy-1.0.0-local","2","false","false","2","move.accepted","1790054833970","335bb57f9108e1e2fbc43f2ae96826a3acfedc5c54262bb28262440c6a68e355","623190a26ad29e077d6f50885b411b59fe4bc6d6428f85045f1dcc32f31ccc27"
"bench-20260922-3-1","normal","benchmark-c4-policy-1.0.0-local","2","false","false","3","move.accepted","1790054833972","967edf1aee4552ce89d9a6ba839c1f31f0a7d32fd4718f129b26aa9ef7fdcb9c","335bb57f9108e1e2fbc43f2ae96826a3acfedc5c54262bb28262440c6a68e355"
"bench-20260922-3-1","normal","benchmark-c4-policy-1.0.0-local","2","false","false","4","move.accepted","1790054833972","3153e6d26529d1dcdb2d4a1d1c6a396ecd7693cbca59bdf6543f282f70c91fed","967edf1aee4552ce89d9a6ba839c1f31f0a7d32fd4718f129b26aa9ef7fdcb9c"
"bench-20260922-3-1","normal","benchmark-c4-policy-1.0.0-local","2","false","false","5","decision.completed","1790054833973","9fb5ea5479da2ce228bb28f6e255df0034cb58677a6075b703c00eddc4107e2b","3153e6d26529d1dcdb2d4a1d1c6a396ecd7693cbca59bdf6543f282f70c91fed"
"bench-20260922-3-1","normal","benchmark-c4-policy-1.0.0-local","2","false","false","6","move.accepted","1790054833973","2bb872e38be6c545d39bf6e39502e1d1c647f8c38225a71f3f117b35100b3a55","9fb5ea5479da2ce228bb28f6e255df0034cb58677a6075b703c00eddc4107e2b"
"bench-20260922-3-1","normal","benchmark-c4-policy-1.0.0-local","2","false","false","7","decision.completed","1790054833975","37f32b7288c87792edd599085b7f64d0c98c0a25c461882c861c554cfcfebafe","2bb872e38be6c545d39bf6e39502e1d1c647f8c38225a71f3f117b35100b3a55"
"bench-20260922-3-1","normal","benchmark-c4-policy-1.0.0-local","2","false","false","8","move.accepted","1790054833979","1073e844e24ff4f48226b4558324c64042e4afc24f0a2eb5cfc1ee6aaebba36c","37f32b7288c87792edd599085b7f64d0c98c0a25c461882c861c554cfcfebafe"
"bench-20260922-3-1","normal","benchmark-c4-policy-1.0.0-local","2","false","false","9","decision.completed","1790054833980","707681cde55596c7f0f42dcd21f21587fed90c62320fafd23d3af17d31132c33","1073e844e24ff4f48226b4558324c64042e4afc24f0a2eb5cfc1ee6aaebba36c"
"bench-20260922-3-1","normal","benchmark-c4-policy-1.0.0-local","2","false","false","10","move.accepted","1790054833980","db68ba30cbdb9eea718833ebf37bec2d2622f6d0273294161169da708692fae5","707681cde55596c7f0f42dcd21f21587fed90c62320fafd23d3af17d31132c33"
"bench-20260922-3-1","normal","benchmark-c4-policy-1.0.0-local","2","false","false","11","decision.completed","1790054833982","890a3e4775bd0588e3b103486a3098557e3b050368dd9d26fb3da87103150d7d","db68ba30cbdb9eea718833ebf37bec2d2622f6d0273294161169da708692fae5"
"bench-20260922-3-1","normal","benchmark-c4-policy-1.0.0-local","2","false","false","12","move.accepted","1790054833985","3beaffc8e4565b514ba9e58588dc1d836ee6e265e4708bb76f1ae21ab4afa0d8","890a3e4775bd0588e3b103486a3098557e3b050368dd9d26fb3da87103150d7d"
"bench-20260922-3-1","normal","benchmark-c4-policy-1.0.0-local","2","false","false","13","decision.completed","1790054833985","8a0633e6fdb70cf0922a601819244b6c65f6f2d3266a483d139af22fb8f4042a","3beaffc8e4565b514ba9e58588dc1d836ee6e265e4708bb76f1ae21ab4afa0d8"
"bench-20260922-3-1","normal","benchmark-c4-policy-1.0.0-local","2","false","false","14","move.accepted","1790054833986","3c6aab14cdf2731fb92372c02e64e2ea5e3d15ef9c0a17b440776385cdbf3a1b","8a0633e6fdb70cf0922a601819244b6c65f6f2d3266a483d139af22fb8f4042a"
"bench-20260922-3-1","normal","benchmark-c4-policy-1.0.0-local","2","false","false","15","decision.completed","1790054833987","501d40aefc2b1d019ffd6124d76f65dcc04f7de79dbe86d48d8c97aae7e00cba","3c6aab14cdf2731fb92372c02e64e2ea5e3d15ef9c0a17b440776385cdbf3a1b"
"bench-20260922-3-1","normal","benchmark-c4-policy-1.0.0-local","2","false","false","16","move.accepted","1790054833988","83aec1fb7f3b6293b67edfff916588b528212aa5263545a44c2a262078edd89f","501d40aefc2b1d019ffd6124d76f65dcc04f7de79dbe86d48d8c97aae7e00cba"
"bench-20260922-3-1","normal","benchmark-c4-policy-1.0.0-local","2","false","false","17","match.completed","1790054833989","0c2e7532586d40b048ad7651bb8f7190db45fe7d315bd3f9cd72d8176a081ec5","83aec1fb7f3b6293b67edfff916588b528212aa5263545a44c2a262078edd89f"
"bench-20260922-3-2","normal","benchmark-c4-policy-1.0.0-local","1","false","false","1","match.started","1790054833989","24bf994c6204efeae67cf9b20a15c9fd9729ad4a99128312400c0935ce77c879","0000000000000000000000000000000000000000000000000000000000000000"
"bench-20260922-3-2","normal","benchmark-c4-policy-1.0.0-local","1","false","false","2","move.accepted","1790054833990","c5764380b5da5f9e694ef96678451b068084920cfb929aa21f34f92646b0bf93","24bf994c6204efeae67cf9b20a15c9fd9729ad4a99128312400c0935ce77c879"
"bench-20260922-3-2","normal","benchmark-c4-policy-1.0.0-local","1","false","false","3","move.accepted","1790054833992","e973f1a7fdc62a3a71f14a6b4b64e38859ad6c627b62740d3e02595596965a72","c5764380b5da5f9e694ef96678451b068084920cfb929aa21f34f92646b0bf93"
"bench-20260922-3-2","normal","benchmark-c4-policy-1.0.0-local","1","false","false","4","move.accepted","1790054833994","b2bd167746222d9c94ad37a999a5187e221c4877eeaddfed2940f9f4f6e6f8d8","e973f1a7fdc62a3a71f14a6b4b64e38859ad6c627b62740d3e02595596965a72"
"bench-20260922-3-2","normal","benchmark-c4-policy-1.0.0-local","1","false","false","5","decision.completed","1790054833996","3858780140694a2333f665c90d06f834c7490a89e127fb01b32bf63a14e62f6c","b2bd167746222d9c94ad37a999a5187e221c4877eeaddfed2940f9f4f6e6f8d8"
"bench-20260922-3-2","normal","benchmark-c4-policy-1.0.0-local","1","false","false","6","move.accepted","1790054833997","f1fc27fcae80e12c040d83571dda6b3a87d7766b94d531829fdeeaa181f75b1d","3858780140694a2333f665c90d06f834c7490a89e127fb01b32bf63a14e62f6c"
"bench-20260922-3-2","normal","benchmark-c4-policy-1.0.0-local","1","false","false","7","decision.completed","1790054833998","c9e26ddabd5725a3d1a966843109d2a861571f68a8189913d1cc213b6f841fd0","f1fc27fcae80e12c040d83571dda6b3a87d7766b94d531829fdeeaa181f75b1d"
"bench-20260922-3-2","normal","benchmark-c4-policy-1.0.0-local","1","false","false","8","move.accepted","1790054833999","a8b37c81d6b2de0162c50e48d9d8d9110633423c85a5bd96972abc0be07f9fee","c9e26ddabd5725a3d1a966843109d2a861571f68a8189913d1cc213b6f841fd0"
"bench-20260922-3-2","normal","benchmark-c4-policy-1.0.0-local","1","false","false","9","decision.completed","1790054834002","4c425e5ee60643f6a320209f5643fe7fd7bf3b40256d2b53b01035214d59d542","a8b37c81d6b2de0162c50e48d9d8d9110633423c85a5bd96972abc0be07f9fee"
"bench-20260922-3-2","normal","benchmark-c4-policy-1.0.0-local","1","false","false","10","move.accepted","1790054834005","8f9ece9351d09071f594758f3086976a9e20387d2c5a9def0d08ae2ff3f2e693","4c425e5ee60643f6a320209f5643fe7fd7bf3b40256d2b53b01035214d59d542"
"bench-20260922-3-2","normal","benchmark-c4-policy-1.0.0-local","1","false","false","11","decision.completed","1790054834005","0ff6a2619ae3f3d1ae80cca5dcd40e5a00358db746952f54befbe6e90cc69aab","8f9ece9351d09071f594758f3086976a9e20387d2c5a9def0d08ae2ff3f2e693"
"bench-20260922-3-2","normal","benchmark-c4-policy-1.0.0-local","1","false","false","12","move.accepted","1790054834006","29b641a89536d49645d69b9f89160d0d71d05187631882c60af281301832bb4c","0ff6a2619ae3f3d1ae80cca5dcd40e5a00358db746952f54befbe6e90cc69aab"
"bench-20260922-3-2","normal","benchmark-c4-policy-1.0.0-local","1","false","false","13","decision.completed","1790054834007","f9a5b4eb82f711c499ef9c1507fdd5e5298317bdb5680da187131ad8b72ef966","29b641a89536d49645d69b9f89160d0d71d05187631882c60af281301832bb4c"
"bench-20260922-3-2","normal","benchmark-c4-policy-1.0.0-local","1","false","false","14","move.accepted","1790054834008","f7e9af5d69c6f9987a5ad6700d68465e9d1c33734bfcfaae5c5cb37abafdcaf0","f9a5b4eb82f711c499ef9c1507fdd5e5298317bdb5680da187131ad8b72ef966"
"bench-20260922-3-2","normal","benchmark-c4-policy-1.0.0-local","1","false","false","15","decision.completed","1790054834008","f4a57904103005ba538333fb7722404575e79b68235a1d16d9c3e418327dbc37","f7e9af5d69c6f9987a5ad6700d68465e9d1c33734bfcfaae5c5cb37abafdcaf0"
"bench-20260922-3-2","normal","benchmark-c4-policy-1.0.0-local","1","false","false","16","move.accepted","1790054834009","b1319af57a04cff8abd6520187ed521d3ae57e6dbd8ac84a8cc44d0f57f5d215","f4a57904103005ba538333fb7722404575e79b68235a1d16d9c3e418327dbc37"
"bench-20260922-3-2","normal","benchmark-c4-policy-1.0.0-local","1","false","false","17","decision.completed","1790054834010","2c46608f55f9b4663c9b6d6ccdb37648bd969a5402c18ebbdd6ce08141ef536e","b1319af57a04cff8abd6520187ed521d3ae57e6dbd8ac84a8cc44d0f57f5d215"
"bench-20260922-3-2","normal","benchmark-c4-policy-1.0.0-local","1","false","false","18","move.accepted","1790054834011","b19da7752a82b0bf9fcb05923668e4e46f46af36fb9aad81acfb0900e6af03e2","2c46608f55f9b4663c9b6d6ccdb37648bd969a5402c18ebbdd6ce08141ef536e"
"bench-20260922-3-2","normal","benchmark-c4-policy-1.0.0-local","1","false","false","19","decision.completed","1790054834012","e1d784ff4f214b8c2c6cc8a8902e6c1bf4c7e0915da6eee1f68ca15503ad0419","b19da7752a82b0bf9fcb05923668e4e46f46af36fb9aad81acfb0900e6af03e2"
"bench-20260922-3-2","normal","benchmark-c4-policy-1.0.0-local","1","false","false","20","move.accepted","1790054834013","19431272b3ea89985e57f6d718175a7880e88c9cd10c822b2687a1d42344f61a","e1d784ff4f214b8c2c6cc8a8902e6c1bf4c7e0915da6eee1f68ca15503ad0419"
"bench-20260922-3-2","normal","benchmark-c4-policy-1.0.0-local","1","false","false","21","decision.completed","1790054834014","b1b35b9bf1ded3d2827d552cac3d56402d81cc5e4960c1e6059add4a18a94ac3","19431272b3ea89985e57f6d718175a7880e88c9cd10c822b2687a1d42344f61a"
"bench-20260922-3-2","normal","benchmark-c4-policy-1.0.0-local","1","false","false","22","move.accepted","1790054834015","5fdda206ff52093a2c3ee5381b011a11f4870d74212a5ad1e2c760cae3bf0bdd","b1b35b9bf1ded3d2827d552cac3d56402d81cc5e4960c1e6059add4a18a94ac3"
"bench-20260922-3-2","normal","benchmark-c4-policy-1.0.0-local","1","false","false","23","decision.completed","1790054834015","0aa544ec887150551b31c3453d61e24755b6028e7ba565b0f524c55276bb51b0","5fdda206ff52093a2c3ee5381b011a11f4870d74212a5ad1e2c760cae3bf0bdd"
"bench-20260922-3-2","normal","benchmark-c4-policy-1.0.0-local","1","false","false","24","move.accepted","1790054834016","78aade9c73b3ec04be27809ca82886cdc189ebe99740b4d64f9e01d1cde4a274","0aa544ec887150551b31c3453d61e24755b6028e7ba565b0f524c55276bb51b0"
"bench-20260922-3-2","normal","benchmark-c4-policy-1.0.0-local","1","false","false","25","decision.completed","1790054834018","188b5cdf98d6377ca1741bd03090b18143b2256c629c79b1576d487537e5904f","78aade9c73b3ec04be27809ca82886cdc189ebe99740b4d64f9e01d1cde4a274"
"bench-20260922-3-2","normal","benchmark-c4-policy-1.0.0-local","1","false","false","26","move.accepted","1790054834021","b222d546bf584ca99363752e59681b353c56ae90008a9a3c6b5f124113c6d22e","188b5cdf98d6377ca1741bd03090b18143b2256c629c79b1576d487537e5904f"
"bench-20260922-3-2","normal","benchmark-c4-policy-1.0.0-local","1","false","false","27","match.completed","1790054834021","882e79edd7b8efefcc86f4ec33157e70d70dc3a20418c183b9378201cab8dac4","b222d546bf584ca99363752e59681b353c56ae90008a9a3c6b5f124113c6d22e"
"bench-20260922-4-1","normal","benchmark-c4-policy-1.0.0-local","2","false","false","1","match.started","1790054834022","6fbed5627eb634930f25e28fbb27bceec03c081accea5b89c57617ad9ec92f07","0000000000000000000000000000000000000000000000000000000000000000"
"bench-20260922-4-1","normal","benchmark-c4-policy-1.0.0-local","2","false","false","2","move.accepted","1790054834023","98590e23a507629038e9c24b816a42dd27962256181df6e45b92ccbbc45b5f1d","6fbed5627eb634930f25e28fbb27bceec03c081accea5b89c57617ad9ec92f07"
"bench-20260922-4-1","normal","benchmark-c4-policy-1.0.0-local","2","false","false","3","move.accepted","1790054834023","7a6e9b8d58021527b42396a6b63c66ef828027d634a6f0bb2a1f0ece59fbfb42","98590e23a507629038e9c24b816a42dd27962256181df6e45b92ccbbc45b5f1d"
"bench-20260922-4-1","normal","benchmark-c4-policy-1.0.0-local","2","false","false","4","move.accepted","1790054834024","a9bbf83864d5d85c64ac70bb74fd79445ca585bccfcee7961d42005d4fb74204","7a6e9b8d58021527b42396a6b63c66ef828027d634a6f0bb2a1f0ece59fbfb42"
"bench-20260922-4-1","normal","benchmark-c4-policy-1.0.0-local","2","false","false","5","move.accepted","1790054834024","b5b14d8eebe48cd0237c2be39a812b775aa92926622b362bc2bfdf14f3572850","a9bbf83864d5d85c64ac70bb74fd79445ca585bccfcee7961d42005d4fb74204"
"bench-20260922-4-1","normal","benchmark-c4-policy-1.0.0-local","2","false","false","6","decision.completed","1790054834025","8672df88cb69fd0825edd85d2096c8e0c0bf756d3f9506f90d7655d0b71b6897","b5b14d8eebe48cd0237c2be39a812b775aa92926622b362bc2bfdf14f3572850"
"bench-20260922-4-1","normal","benchmark-c4-policy-1.0.0-local","2","false","false","7","move.accepted","1790054834026","3f7e7492269fe006b847cc1aa706030d802da5e39345e7559feab32ab938e57f","8672df88cb69fd0825edd85d2096c8e0c0bf756d3f9506f90d7655d0b71b6897"
"bench-20260922-4-1","normal","benchmark-c4-policy-1.0.0-local","2","false","false","8","decision.completed","1790054834026","9b2f7cbb836e604f579960afa37db2357dcf2af93ca5626998d9f4e3088c8d4c","3f7e7492269fe006b847cc1aa706030d802da5e39345e7559feab32ab938e57f"
"bench-20260922-4-1","normal","benchmark-c4-policy-1.0.0-local","2","false","false","9","move.accepted","1790054834027","94e73e835bf43a8789afecfe166816afc10587d2b2e4a779aa2a56aa7b0946df","9b2f7cbb836e604f579960afa37db2357dcf2af93ca5626998d9f4e3088c8d4c"
"bench-20260922-4-1","normal","benchmark-c4-policy-1.0.0-local","2","false","false","10","decision.completed","1790054834029","afc9696c25f22480804b74568b84e69541c396522f6cc69cf447ebdfcd3ec48a","94e73e835bf43a8789afecfe166816afc10587d2b2e4a779aa2a56aa7b0946df"
"bench-20260922-4-1","normal","benchmark-c4-policy-1.0.0-local","2","false","false","11","move.accepted","1790054834030","d14d0d6d5d1ebafcbd8903fd8952cf7e13b9d1023eecb4e55f2d9021c9bd910d","afc9696c25f22480804b74568b84e69541c396522f6cc69cf447ebdfcd3ec48a"
"bench-20260922-4-1","normal","benchmark-c4-policy-1.0.0-local","2","false","false","12","decision.completed","1790054834030","a91bb62e6b1516b6a037b3a4f8bcdca9926d6acf4c97938d9d7664f834b6dce2","d14d0d6d5d1ebafcbd8903fd8952cf7e13b9d1023eecb4e55f2d9021c9bd910d"
"bench-20260922-4-1","normal","benchmark-c4-policy-1.0.0-local","2","false","false","13","move.accepted","1790054834031","590475c617cf85f054e1a3326b1e51333679a360a09c36ac2c6923fe61c8b360","a91bb62e6b1516b6a037b3a4f8bcdca9926d6acf4c97938d9d7664f834b6dce2"
"bench-20260922-4-1","normal","benchmark-c4-policy-1.0.0-local","2","false","false","14","decision.completed","1790054834032","45af98fb83c9029ed8a2c4f5a5fb0c3b5a83fef955910479ac1fe2cdf6f27619","590475c617cf85f054e1a3326b1e51333679a360a09c36ac2c6923fe61c8b360"
"bench-20260922-4-1","normal","benchmark-c4-policy-1.0.0-local","2","false","false","15","move.accepted","1790054834032","d148c32d02597f5d15f3edc9f43b0aa607e3283e061dc3a26cfbf624d0c09a46","45af98fb83c9029ed8a2c4f5a5fb0c3b5a83fef955910479ac1fe2cdf6f27619"
"bench-20260922-4-1","normal","benchmark-c4-policy-1.0.0-local","2","false","false","16","decision.completed","1790054834033","5a166326fe2d615700491a96573c608c1848b23e3454261d329bd92cce9d7373","d148c32d02597f5d15f3edc9f43b0aa607e3283e061dc3a26cfbf624d0c09a46"
"bench-20260922-4-1","normal","benchmark-c4-policy-1.0.0-local","2","false","false","17","move.accepted","1790054834033","6a91fd4c0c4833245ecdb8f1b31660026c0cb2f43828ffb43e7ab2e5f7fcb9cc","5a166326fe2d615700491a96573c608c1848b23e3454261d329bd92cce9d7373"
"bench-20260922-4-1","normal","benchmark-c4-policy-1.0.0-local","2","false","false","18","decision.completed","1790054834035","eb058d88b5e52c5017447ad5f20a0b9b7d1be4c17ad882d442677efd880c5d2b","6a91fd4c0c4833245ecdb8f1b31660026c0cb2f43828ffb43e7ab2e5f7fcb9cc"
"bench-20260922-4-1","normal","benchmark-c4-policy-1.0.0-local","2","false","false","19","move.accepted","1790054834036","76af0e1a848ccbd2c2c1fd6017fbeb891269c8b272944147741b675816738ae1","eb058d88b5e52c5017447ad5f20a0b9b7d1be4c17ad882d442677efd880c5d2b"
"bench-20260922-4-1","normal","benchmark-c4-policy-1.0.0-local","2","false","false","20","match.completed","1790054834036","aedd94901f81914c6fbcbd723c711e5ecd69b60ef9172c38722afa4c0d634f7b","76af0e1a848ccbd2c2c1fd6017fbeb891269c8b272944147741b675816738ae1"
"bench-20260922-4-2","normal","benchmark-c4-policy-1.0.0-local","1","false","false","1","match.started","1790054834037","75711f749d737c3d8f7f9293b9f6e1bc0200d4d999f6b69ac4cfa18b765b602e","0000000000000000000000000000000000000000000000000000000000000000"
"bench-20260922-4-2","normal","benchmark-c4-policy-1.0.0-local","1","false","false","2","move.accepted","1790054834038","20f0fa8100eba8bdefa07d215396d52d5deb3fc900650a007ab22e1a6ce8dd20","75711f749d737c3d8f7f9293b9f6e1bc0200d4d999f6b69ac4cfa18b765b602e"
"bench-20260922-4-2","normal","benchmark-c4-policy-1.0.0-local","1","false","false","3","move.accepted","1790054834039","953d12cfa453278604594d1d8b499ee348dc29ade54eaac1a6427eb05a992507","20f0fa8100eba8bdefa07d215396d52d5deb3fc900650a007ab22e1a6ce8dd20"
"bench-20260922-4-2","normal","benchmark-c4-policy-1.0.0-local","1","false","false","4","move.accepted","1790054834040","b4179a040754155bcab1a64a2e6205c5a3024af7523a75e090a85c9e4c0dfadd","953d12cfa453278604594d1d8b499ee348dc29ade54eaac1a6427eb05a992507"
"bench-20260922-4-2","normal","benchmark-c4-policy-1.0.0-local","1","false","false","5","move.accepted","1790054834040","8b693e11c4170e45e0da71b3b77c1f3675563152cbdcd6f5807e7cbd6bdce74b","b4179a040754155bcab1a64a2e6205c5a3024af7523a75e090a85c9e4c0dfadd"
"bench-20260922-4-2","normal","benchmark-c4-policy-1.0.0-local","1","false","false","6","decision.completed","1790054834040","fecaf07271ea13c245c64d21a9199592542ff925b70a6dad0b218fbbe97cb660","8b693e11c4170e45e0da71b3b77c1f3675563152cbdcd6f5807e7cbd6bdce74b"
"bench-20260922-4-2","normal","benchmark-c4-policy-1.0.0-local","1","false","false","7","move.accepted","1790054834041","c033e639334969d5285e60a511a534cb349ae8518cd8a6082d662ff5818f33ea","fecaf07271ea13c245c64d21a9199592542ff925b70a6dad0b218fbbe97cb660"
"bench-20260922-4-2","normal","benchmark-c4-policy-1.0.0-local","1","false","false","8","decision.completed","1790054834043","9e3eb1e9d1eff8dc7692e6c8fa962e406e3d58ed4d547ee70ee9532d6de5b5a8","c033e639334969d5285e60a511a534cb349ae8518cd8a6082d662ff5818f33ea"
"bench-20260922-4-2","normal","benchmark-c4-policy-1.0.0-local","1","false","false","9","move.accepted","1790054834045","33e9ff623d1863650253cb59d2bc3f91e70d60c2d4eeefc3ced1625a3fe66839","9e3eb1e9d1eff8dc7692e6c8fa962e406e3d58ed4d547ee70ee9532d6de5b5a8"
"bench-20260922-4-2","normal","benchmark-c4-policy-1.0.0-local","1","false","false","10","decision.completed","1790054834045","49b7528f4c4e11d2a5c34f1432ea7b32dc1a590c24b548e66ce5f0454767abe8","33e9ff623d1863650253cb59d2bc3f91e70d60c2d4eeefc3ced1625a3fe66839"
"bench-20260922-4-2","normal","benchmark-c4-policy-1.0.0-local","1","false","false","11","move.accepted","1790054834046","c2ac641e9d7203dcf03e7ff77f2312b5b1ea2ebd420b912455901c42c853ddb6","49b7528f4c4e11d2a5c34f1432ea7b32dc1a590c24b548e66ce5f0454767abe8"
"bench-20260922-4-2","normal","benchmark-c4-policy-1.0.0-local","1","false","false","12","decision.completed","1790054834047","0400d89d7a19b7ebf62e4c426aa20c3359007481dfe0fa84b5dae3b9b4f1529c","c2ac641e9d7203dcf03e7ff77f2312b5b1ea2ebd420b912455901c42c853ddb6"
"bench-20260922-4-2","normal","benchmark-c4-policy-1.0.0-local","1","false","false","13","move.accepted","1790054834048","32502a03e847f829a84b8a3e776b557ac6edc0d55e591de8c2e3711dcd1d57a3","0400d89d7a19b7ebf62e4c426aa20c3359007481dfe0fa84b5dae3b9b4f1529c"
"bench-20260922-4-2","normal","benchmark-c4-policy-1.0.0-local","1","false","false","14","decision.completed","1790054834049","876c413a5c44d8bf0e47141b78ea30f399ced41e9a1eee310fe3b20c2e6fc9b3","32502a03e847f829a84b8a3e776b557ac6edc0d55e591de8c2e3711dcd1d57a3"
"bench-20260922-4-2","normal","benchmark-c4-policy-1.0.0-local","1","false","false","15","move.accepted","1790054834050","4217660c82a62a04288d17778547c679ce4248df4c6e4288fb0493cb5d4a5662","876c413a5c44d8bf0e47141b78ea30f399ced41e9a1eee310fe3b20c2e6fc9b3"
"bench-20260922-4-2","normal","benchmark-c4-policy-1.0.0-local","1","false","false","16","decision.completed","1790054834051","76ba4eba028a2d49d3b21c21866682527c993cb5d4651df261dc60ef6f2103a7","4217660c82a62a04288d17778547c679ce4248df4c6e4288fb0493cb5d4a5662"
"bench-20260922-4-2","normal","benchmark-c4-policy-1.0.0-local","1","false","false","17","move.accepted","1790054834053","f8d3f9fd0cc04762adfc114177221f7fbfcce579af106e149bd0b2e17de7f259","76ba4eba028a2d49d3b21c21866682527c993cb5d4651df261dc60ef6f2103a7"
"bench-20260922-4-2","normal","benchmark-c4-policy-1.0.0-local","1","false","false","18","match.completed","1790054834053","7923cbb042b377cd000cb270d472e2bbadf6b3fde676f3884e8175ef5e556a1d","f8d3f9fd0cc04762adfc114177221f7fbfcce579af106e149bd0b2e17de7f259"
"bench-20260922-5-1","normal","benchmark-c4-policy-1.0.0-local","2","false","false","1","match.started","1790054834054","776e314d813c9c6a4c1eb1e495e608b9598299c82625a960dd05b7eea0f747a8","0000000000000000000000000000000000000000000000000000000000000000"
"bench-20260922-5-1","normal","benchmark-c4-policy-1.0.0-local","2","false","false","2","decision.completed","1790054834055","a807e052d2264404ee504e4ae7ed0948a91bfd5afc19b62bce5f230dcf2e1a10","776e314d813c9c6a4c1eb1e495e608b9598299c82625a960dd05b7eea0f747a8"
"bench-20260922-5-1","normal","benchmark-c4-policy-1.0.0-local","2","false","false","3","move.accepted","1790054834056","338fa3873ee7ceec8a89ebdca1e266ca8bd52d3c6f34c7cd68c3a7664fde3326","a807e052d2264404ee504e4ae7ed0948a91bfd5afc19b62bce5f230dcf2e1a10"
"bench-20260922-5-1","normal","benchmark-c4-policy-1.0.0-local","2","false","false","4","decision.completed","1790054834056","4ff1cd1ab3ee4cfc49bb19d7a1dc438764e4b17df8fcaa5e7b69cc9f266d3488","338fa3873ee7ceec8a89ebdca1e266ca8bd52d3c6f34c7cd68c3a7664fde3326"
"bench-20260922-5-1","normal","benchmark-c4-policy-1.0.0-local","2","false","false","5","move.accepted","1790054834056","4a43c043c33eea9afe3d6882e7e65455c63c74fa9352e314de0ccbd856f56109","4ff1cd1ab3ee4cfc49bb19d7a1dc438764e4b17df8fcaa5e7b69cc9f266d3488"
"bench-20260922-5-1","normal","benchmark-c4-policy-1.0.0-local","2","false","false","6","decision.completed","1790054834057","47069ade059b0c1d2315289599a2f3de0344810410cd8309e1315297c4d22b63","4a43c043c33eea9afe3d6882e7e65455c63c74fa9352e314de0ccbd856f56109"
"bench-20260922-5-1","normal","benchmark-c4-policy-1.0.0-local","2","false","false","7","move.accepted","1790054834058","a9af10f751bfd2808db3715e9d912f1e82ff02d1c6fb73be1bca401cfdd03cd5","47069ade059b0c1d2315289599a2f3de0344810410cd8309e1315297c4d22b63"
"bench-20260922-5-1","normal","benchmark-c4-policy-1.0.0-local","2","false","false","8","decision.completed","1790054834059","9fa41bbbc576f1614a5bb5f23262c16b1bd7f6d5996c8ea1cb3c9da37435e2b9","a9af10f751bfd2808db3715e9d912f1e82ff02d1c6fb73be1bca401cfdd03cd5"
"bench-20260922-5-1","normal","benchmark-c4-policy-1.0.0-local","2","false","false","9","move.accepted","1790054834059","4bb7274a45898ce132012546dc94ec8eb1367c7419a809a1041dbb9e2342e201","9fa41bbbc576f1614a5bb5f23262c16b1bd7f6d5996c8ea1cb3c9da37435e2b9"
"bench-20260922-5-1","normal","benchmark-c4-policy-1.0.0-local","2","false","false","10","decision.completed","1790054834061","8f25760dc0afaeeded75690faae1ffb54cee83a62796e4ad4fc45abd9a6696d7","4bb7274a45898ce132012546dc94ec8eb1367c7419a809a1041dbb9e2342e201"
"bench-20260922-5-1","normal","benchmark-c4-policy-1.0.0-local","2","false","false","11","move.accepted","1790054834062","cefa23c841bb296967e0a470c09434e8141ea0cc3de2ff4d5ba25b787bac0d33","8f25760dc0afaeeded75690faae1ffb54cee83a62796e4ad4fc45abd9a6696d7"
"bench-20260922-5-1","normal","benchmark-c4-policy-1.0.0-local","2","false","false","12","decision.completed","1790054834062","431344205e4f8edc5be8c6dc2aa393a0f4102f8550bda9742ad99eaeb52dd980","cefa23c841bb296967e0a470c09434e8141ea0cc3de2ff4d5ba25b787bac0d33"
"bench-20260922-5-1","normal","benchmark-c4-policy-1.0.0-local","2","false","false","13","move.accepted","1790054834062","1cd43b297487d44c114fb9b63fa6c6c4aed8d99d0eb1038dc86756b53af67fa2","431344205e4f8edc5be8c6dc2aa393a0f4102f8550bda9742ad99eaeb52dd980"
"bench-20260922-5-1","normal","benchmark-c4-policy-1.0.0-local","2","false","false","14","decision.completed","1790054834063","6bfaf988d909267452016f639aa9ea9dc61c1ae98bcae684fa70e056dc4017de","1cd43b297487d44c114fb9b63fa6c6c4aed8d99d0eb1038dc86756b53af67fa2"
"bench-20260922-5-1","normal","benchmark-c4-policy-1.0.0-local","2","false","false","15","move.accepted","1790054834064","06700253563ccbe60ba1f5d7455772f96c8278cbaed60910245fc3c4eb11c2a1","6bfaf988d909267452016f639aa9ea9dc61c1ae98bcae684fa70e056dc4017de"
"bench-20260922-5-1","normal","benchmark-c4-policy-1.0.0-local","2","false","false","16","match.completed","1790054834064","1b2d6c6f594cb28479ef4624b80a69b60db9b8c588bc531154275c1da3654ab2","06700253563ccbe60ba1f5d7455772f96c8278cbaed60910245fc3c4eb11c2a1"
"bench-20260922-5-2","normal","benchmark-c4-policy-1.0.0-local","1","false","false","1","match.started","1790054834065","4db143ad362281655190c8921d24ed63b133605731632c2a41fe7e85dad6a78b","0000000000000000000000000000000000000000000000000000000000000000"
"bench-20260922-5-2","normal","benchmark-c4-policy-1.0.0-local","1","false","false","2","decision.completed","1790054834065","ae3a8401bae64cbfd1e9b381f3dd532642d5565c7448a10a2a44f2ee8138c05d","4db143ad362281655190c8921d24ed63b133605731632c2a41fe7e85dad6a78b"
"bench-20260922-5-2","normal","benchmark-c4-policy-1.0.0-local","1","false","false","3","move.accepted","1790054834066","5467baee99f9bc6e507fe6ab40ee0857e7f7238666aa6925b3e70c55648af895","ae3a8401bae64cbfd1e9b381f3dd532642d5565c7448a10a2a44f2ee8138c05d"
"bench-20260922-5-2","normal","benchmark-c4-policy-1.0.0-local","1","false","false","4","decision.completed","1790054834068","a388e0d2da974e5686e172a83a10aaa55c015dc28a526e7a49d10c5e52575fc0","5467baee99f9bc6e507fe6ab40ee0857e7f7238666aa6925b3e70c55648af895"
"bench-20260922-5-2","normal","benchmark-c4-policy-1.0.0-local","1","false","false","5","move.accepted","1790054834069","4bbdff60e6e29860fa9bef328250f87aabaced8f117d45cf2e35a5ce1ae3151b","a388e0d2da974e5686e172a83a10aaa55c015dc28a526e7a49d10c5e52575fc0"
"bench-20260922-5-2","normal","benchmark-c4-policy-1.0.0-local","1","false","false","6","decision.completed","1790054834069","43245de4d512122352e186fcac2f66bbb2b14f4dea5df84fd38cb6049fab407c","4bbdff60e6e29860fa9bef328250f87aabaced8f117d45cf2e35a5ce1ae3151b"
"bench-20260922-5-2","normal","benchmark-c4-policy-1.0.0-local","1","false","false","7","move.accepted","1790054834069","27908e1ecfe79a31ace006a5c4f95b0e22ec8ea3433738ecc3334d9c82bf0b52","43245de4d512122352e186fcac2f66bbb2b14f4dea5df84fd38cb6049fab407c"
"bench-20260922-5-2","normal","benchmark-c4-policy-1.0.0-local","1","false","false","8","decision.completed","1790054834070","d56a8846059aed46ebb54c5de90fb25dbdce8fedcd6a3feb60bf8fbf32012469","27908e1ecfe79a31ace006a5c4f95b0e22ec8ea3433738ecc3334d9c82bf0b52"
"bench-20260922-5-2","normal","benchmark-c4-policy-1.0.0-local","1","false","false","9","move.accepted","1790054834071","73421eca0e9c93b639c5edf59f1504d08f9a1eb3440a0ca3e53472725cfde634","d56a8846059aed46ebb54c5de90fb25dbdce8fedcd6a3feb60bf8fbf32012469"
"bench-20260922-5-2","normal","benchmark-c4-policy-1.0.0-local","1","false","false","10","decision.completed","1790054834072","30b7b920de93b3f106b2357999dc5e9d21bd3503b55c51129e9fe5c2d674bf80","73421eca0e9c93b639c5edf59f1504d08f9a1eb3440a0ca3e53472725cfde634"
"bench-20260922-5-2","normal","benchmark-c4-policy-1.0.0-local","1","false","false","11","move.accepted","1790054834072","e3c4721e805e315ea229e9b4c536a68d4e3259760eaa18f197762d2159f84d54","30b7b920de93b3f106b2357999dc5e9d21bd3503b55c51129e9fe5c2d674bf80"
"bench-20260922-5-2","normal","benchmark-c4-policy-1.0.0-local","1","false","false","12","decision.completed","1790054834073","1984eb78bede7aecab5027101e6795cbbf13d771bb0dacdbf7938d30cb326735","e3c4721e805e315ea229e9b4c536a68d4e3259760eaa18f197762d2159f84d54"
"bench-20260922-5-2","normal","benchmark-c4-policy-1.0.0-local","1","false","false","13","move.accepted","1790054834075","e9574c48e6a03c68c08fbe2947a9be8744c20226a0379f0c0fb55ba408d4412a","1984eb78bede7aecab5027101e6795cbbf13d771bb0dacdbf7938d30cb326735"
"bench-20260922-5-2","normal","benchmark-c4-policy-1.0.0-local","1","false","false","14","decision.completed","1790054834076","7e4b188eed56c9d64488ee6dadd07de92064877e404a791e54ccf41446e7be52","e9574c48e6a03c68c08fbe2947a9be8744c20226a0379f0c0fb55ba408d4412a"
"bench-20260922-5-2","normal","benchmark-c4-policy-1.0.0-local","1","false","false","15","move.accepted","1790054834076","2b8a05537c9d80808b2a143e07fbfe2ef8b6fad13ec59f933de84fc15ded8e5e","7e4b188eed56c9d64488ee6dadd07de92064877e404a791e54ccf41446e7be52"
"bench-20260922-5-2","normal","benchmark-c4-policy-1.0.0-local","1","false","false","16","decision.completed","1790054834077","d7ca0a5f52443fd30c1962eaa3feb2363c7c77737ac1e10e38faaaa118e2a6ee","2b8a05537c9d80808b2a143e07fbfe2ef8b6fad13ec59f933de84fc15ded8e5e"
"bench-20260922-5-2","normal","benchmark-c4-policy-1.0.0-local","1","false","false","17","move.accepted","1790054834078","acb4a8788827ce77130908d671e704ca5828bd2dbdcd0d7b70ebdf04051a65ae","d7ca0a5f52443fd30c1962eaa3feb2363c7c77737ac1e10e38faaaa118e2a6ee"
"bench-20260922-5-2","normal","benchmark-c4-policy-1.0.0-local","1","false","false","18","match.completed","1790054834078","03e948937f19fdd96686968e9cced7649e425b3a2a4f0ac18e019ee273ccb32d","acb4a8788827ce77130908d671e704ca5828bd2dbdcd0d7b70ebdf04051a65ae"
"bench-20260922-6-1","normal","benchmark-c4-policy-1.0.0-local","2","false","false","1","match.started","1790054834078","13d340d1efda26130a0ebca1e9ecb27671aec7b6810a516d1c67b80648baa5ea","0000000000000000000000000000000000000000000000000000000000000000"
"bench-20260922-6-1","normal","benchmark-c4-policy-1.0.0-local","2","false","false","2","move.accepted","1790054834079","143a7686b0952963d5e27902e13a27c104b460b95506928799220bdad550b4da","13d340d1efda26130a0ebca1e9ecb27671aec7b6810a516d1c67b80648baa5ea"
"bench-20260922-6-1","normal","benchmark-c4-policy-1.0.0-local","2","false","false","3","decision.completed","1790054834079","e25607b45cdcd93a4d332922b1d707cb6207881465eedfbdea86f18b0a8deae3","143a7686b0952963d5e27902e13a27c104b460b95506928799220bdad550b4da"
"bench-20260922-6-1","normal","benchmark-c4-policy-1.0.0-local","2","false","false","4","move.accepted","1790054834080","ac220bb3912c172a8330c9c4c36f565e9ea962663b38857c41a21ce83694bafa","e25607b45cdcd93a4d332922b1d707cb6207881465eedfbdea86f18b0a8deae3"
"bench-20260922-6-1","normal","benchmark-c4-policy-1.0.0-local","2","false","false","5","decision.completed","1790054834081","f868ef815c441198cbec499da00b9f084b421b4001e65a724a16dcdf1cb3a3d0","ac220bb3912c172a8330c9c4c36f565e9ea962663b38857c41a21ce83694bafa"
"bench-20260922-6-1","normal","benchmark-c4-policy-1.0.0-local","2","false","false","6","move.accepted","1790054834083","77e459c153de47e73ca98e1950762f8cb06f2bd215df0b219480c6d276ba335a","f868ef815c441198cbec499da00b9f084b421b4001e65a724a16dcdf1cb3a3d0"
"bench-20260922-6-1","normal","benchmark-c4-policy-1.0.0-local","2","false","false","7","decision.completed","1790054834083","df58dace21855f42d1bc845befbd672c9e77a70a06390f4a0bc16c14e6bd1ba5","77e459c153de47e73ca98e1950762f8cb06f2bd215df0b219480c6d276ba335a"
"bench-20260922-6-1","normal","benchmark-c4-policy-1.0.0-local","2","false","false","8","move.accepted","1790054834084","65a4937cb0672e61af1abd64f397b24007c21467eec463b0155267f49b2802fa","df58dace21855f42d1bc845befbd672c9e77a70a06390f4a0bc16c14e6bd1ba5"
"bench-20260922-6-1","normal","benchmark-c4-policy-1.0.0-local","2","false","false","9","decision.completed","1790054834085","39d89e048d9534a99a7f6692b7e255a333c81373a2fd29ca0e126af33e8f0e5b","65a4937cb0672e61af1abd64f397b24007c21467eec463b0155267f49b2802fa"
"bench-20260922-6-1","normal","benchmark-c4-policy-1.0.0-local","2","false","false","10","move.accepted","1790054834086","7f39ace68bf51f95cb9a4a4a3dc9a95c8c1c45efb2607f32418fe6081f1af8a8","39d89e048d9534a99a7f6692b7e255a333c81373a2fd29ca0e126af33e8f0e5b"
"bench-20260922-6-1","normal","benchmark-c4-policy-1.0.0-local","2","false","false","11","decision.completed","1790054834086","7f8f4bae9f3e1eca5f292469549cb53be1cc53ef04e973106252046bd599e058","7f39ace68bf51f95cb9a4a4a3dc9a95c8c1c45efb2607f32418fe6081f1af8a8"
"bench-20260922-6-1","normal","benchmark-c4-policy-1.0.0-local","2","false","false","12","move.accepted","1790054834090","e3a34a8a451ee588fce60036433e3a85e35d82ef6c8ad00fc57ae2b52257044c","7f8f4bae9f3e1eca5f292469549cb53be1cc53ef04e973106252046bd599e058"
"bench-20260922-6-1","normal","benchmark-c4-policy-1.0.0-local","2","false","false","13","decision.completed","1790054834091","f977448b36c75ccb2e86634dc828dd5182029fdb419b05b2f3eb7fc6e708ac19","e3a34a8a451ee588fce60036433e3a85e35d82ef6c8ad00fc57ae2b52257044c"
"bench-20260922-6-1","normal","benchmark-c4-policy-1.0.0-local","2","false","false","14","move.accepted","1790054834094","2bcf144d5fbf6a60137013d27311de635cd6a2f3a9854acd227d8365d32288c7","f977448b36c75ccb2e86634dc828dd5182029fdb419b05b2f3eb7fc6e708ac19"
"bench-20260922-6-1","normal","benchmark-c4-policy-1.0.0-local","2","false","false","15","decision.completed","1790054834094","7365e2d8c9e092ad436ee3305c8719b08eec4e4d778cf5b36fd901f0eb202699","2bcf144d5fbf6a60137013d27311de635cd6a2f3a9854acd227d8365d32288c7"
"bench-20260922-6-1","normal","benchmark-c4-policy-1.0.0-local","2","false","false","16","move.accepted","1790054834095","f7dd43bf370dc2927ce6c2cc587fce41ed0ee699b2a5d3484e7867d636cda0fa","7365e2d8c9e092ad436ee3305c8719b08eec4e4d778cf5b36fd901f0eb202699"
"bench-20260922-6-1","normal","benchmark-c4-policy-1.0.0-local","2","false","false","17","decision.completed","1790054834096","f2302cd890e777be6c7a89c7a783b87eb43899cce48c4e2484e5e4c5db834c45","f7dd43bf370dc2927ce6c2cc587fce41ed0ee699b2a5d3484e7867d636cda0fa"
"bench-20260922-6-1","normal","benchmark-c4-policy-1.0.0-local","2","false","false","18","move.accepted","1790054834097","14b06d5f0db1afdd35206e4a547c9d123f0934a00a13760a7d18260fbf9f5bdc","f2302cd890e777be6c7a89c7a783b87eb43899cce48c4e2484e5e4c5db834c45"
"bench-20260922-6-1","normal","benchmark-c4-policy-1.0.0-local","2","false","false","19","decision.completed","1790054834097","c70b08d36df0014595f526462c5c74b0d71add759dc56c0a27ecdfb82118ce03","14b06d5f0db1afdd35206e4a547c9d123f0934a00a13760a7d18260fbf9f5bdc"
"bench-20260922-6-1","normal","benchmark-c4-policy-1.0.0-local","2","false","false","20","move.accepted","1790054834098","7989ab61667418393d6c0db0e19b3befebaf510d3aaf4b0f1e162ff3a25957d2","c70b08d36df0014595f526462c5c74b0d71add759dc56c0a27ecdfb82118ce03"
"bench-20260922-6-1","normal","benchmark-c4-policy-1.0.0-local","2","false","false","21","decision.completed","1790054834099","3521ac77454df1dc203e2d529288cd8ed7543cde5b62cb95f5e13f5f87194450","7989ab61667418393d6c0db0e19b3befebaf510d3aaf4b0f1e162ff3a25957d2"
"bench-20260922-6-1","normal","benchmark-c4-policy-1.0.0-local","2","false","false","22","move.accepted","1790054834101","78c46e29d04443a7d3239bcd9f6097531d69a4054cfb8df7a52681b7542cd73d","3521ac77454df1dc203e2d529288cd8ed7543cde5b62cb95f5e13f5f87194450"
"bench-20260922-6-1","normal","benchmark-c4-policy-1.0.0-local","2","false","false","23","match.completed","1790054834101","93a4ad3c6424d06e95f297388ad93eedb95efd572a1bff20471c0d8b5db07bcb","78c46e29d04443a7d3239bcd9f6097531d69a4054cfb8df7a52681b7542cd73d"
"bench-20260922-6-2","normal","benchmark-c4-policy-1.0.0-local","1","false","false","1","match.started","1790054834101","02e615a2fc72af455b806c6953f67c64e0b2872d226babaa28e47b356656d474","0000000000000000000000000000000000000000000000000000000000000000"
"bench-20260922-6-2","normal","benchmark-c4-policy-1.0.0-local","1","false","false","2","move.accepted","1790054834102","2cffa619f6b60e33dd3209f1680e522d486b8e1861850df6d26d5bf09f440ac0","02e615a2fc72af455b806c6953f67c64e0b2872d226babaa28e47b356656d474"
"bench-20260922-6-2","normal","benchmark-c4-policy-1.0.0-local","1","false","false","3","decision.completed","1790054834103","f67ed1beddc93630a1a1e1b41bd57877fa6c7687bfce03d21daf36e351b62eb9","2cffa619f6b60e33dd3209f1680e522d486b8e1861850df6d26d5bf09f440ac0"
"bench-20260922-6-2","normal","benchmark-c4-policy-1.0.0-local","1","false","false","4","move.accepted","1790054834104","8a404c471d31c4bff426dcc3f39ff9504c2cb56ad00554df7e96876b8ab4068d","f67ed1beddc93630a1a1e1b41bd57877fa6c7687bfce03d21daf36e351b62eb9"
"bench-20260922-6-2","normal","benchmark-c4-policy-1.0.0-local","1","false","false","5","decision.completed","1790054834104","da45f02976b3a64aa09cd05d76610eb1c23bcc28dd891dd5d81149bcb4a141b6","8a404c471d31c4bff426dcc3f39ff9504c2cb56ad00554df7e96876b8ab4068d"
"bench-20260922-6-2","normal","benchmark-c4-policy-1.0.0-local","1","false","false","6","move.accepted","1790054834104","12778e737468d835d47669e111c066ee2170f98574ebb133205d296d58385d56","da45f02976b3a64aa09cd05d76610eb1c23bcc28dd891dd5d81149bcb4a141b6"
"bench-20260922-6-2","normal","benchmark-c4-policy-1.0.0-local","1","false","false","7","decision.completed","1790054834105","06c5a7d3f3da62afd734d7412ec290f9449d4ca62245b9884da35c06030ebdaf","12778e737468d835d47669e111c066ee2170f98574ebb133205d296d58385d56"
"bench-20260922-6-2","normal","benchmark-c4-policy-1.0.0-local","1","false","false","8","move.accepted","1790054834107","478e8fbbcacd4aca7bb358946b47c2a0b664644608a50aff3b9868309ef10957","06c5a7d3f3da62afd734d7412ec290f9449d4ca62245b9884da35c06030ebdaf"
"bench-20260922-6-2","normal","benchmark-c4-policy-1.0.0-local","1","false","false","9","decision.completed","1790054834107","3f836953f27285b7687cd567142748e09acd990f3bad641c94c9121bb741b4a7","478e8fbbcacd4aca7bb358946b47c2a0b664644608a50aff3b9868309ef10957"
"bench-20260922-6-2","normal","benchmark-c4-policy-1.0.0-local","1","false","false","10","move.accepted","1790054834108","fdb50b6426a29d727e3f21abc31db505a981b6542c42ce70025cf7beaf2aa6f0","3f836953f27285b7687cd567142748e09acd990f3bad641c94c9121bb741b4a7"
"bench-20260922-6-2","normal","benchmark-c4-policy-1.0.0-local","1","false","false","11","decision.completed","1790054834110","5ac9915c00898595e5f18ca26cf8dd2c864c104e65ecaa013cfda96ae8aa7cd7","fdb50b6426a29d727e3f21abc31db505a981b6542c42ce70025cf7beaf2aa6f0"
"bench-20260922-6-2","normal","benchmark-c4-policy-1.0.0-local","1","false","false","12","move.accepted","1790054834111","30934c51a04d2751490143936025ac3dd456ce5ea0d758a21baf265a15ea91e5","5ac9915c00898595e5f18ca26cf8dd2c864c104e65ecaa013cfda96ae8aa7cd7"
"bench-20260922-6-2","normal","benchmark-c4-policy-1.0.0-local","1","false","false","13","decision.completed","1790054834111","937ebaed379f85a1132ee370e02a3ef012dc5216299001145ce761a4153bcb1e","30934c51a04d2751490143936025ac3dd456ce5ea0d758a21baf265a15ea91e5"
"bench-20260922-6-2","normal","benchmark-c4-policy-1.0.0-local","1","false","false","14","move.accepted","1790054834112","243c235c3b2ab0900b0e4e258e9772c88e068d9a8d45de7c0f220534be9ad872","937ebaed379f85a1132ee370e02a3ef012dc5216299001145ce761a4153bcb1e"
"bench-20260922-6-2","normal","benchmark-c4-policy-1.0.0-local","1","false","false","15","decision.completed","1790054834112","cafc358f1838a56844ac3713186f2a68e53479bd7ae0e6149500a13aac5f6a33","243c235c3b2ab0900b0e4e258e9772c88e068d9a8d45de7c0f220534be9ad872"
"bench-20260922-6-2","normal","benchmark-c4-policy-1.0.0-local","1","false","false","16","move.accepted","1790054834114","a153881ef7d4278847a49196ffaaa07869f602eaf2268c1657511b6be461c929","cafc358f1838a56844ac3713186f2a68e53479bd7ae0e6149500a13aac5f6a33"
"bench-20260922-6-2","normal","benchmark-c4-policy-1.0.0-local","1","false","false","17","decision.completed","1790054834114","bd2f172d1b46f604078a1e0645ecbd384384f0cac1b851148d3bd8d608512c8a","a153881ef7d4278847a49196ffaaa07869f602eaf2268c1657511b6be461c929"
"bench-20260922-6-2","normal","benchmark-c4-policy-1.0.0-local","1","false","false","18","move.accepted","1790054834115","45667fc63da206b2b02e1af36eb170a2fcd91a8245ac1f59d03777c1d272e377","bd2f172d1b46f604078a1e0645ecbd384384f0cac1b851148d3bd8d608512c8a"
"bench-20260922-6-2","normal","benchmark-c4-policy-1.0.0-local","1","false","false","19","decision.completed","1790054834116","875e3d2251a8a731fa8db9855da15cc596818d17baa8f890a6739b9980d01491","45667fc63da206b2b02e1af36eb170a2fcd91a8245ac1f59d03777c1d272e377"
"bench-20260922-6-2","normal","benchmark-c4-policy-1.0.0-local","1","false","false","20","move.accepted","1790054834117","037e222f0bf1880f4fd6ad3111544fbfc0a9b9f4f1aad026817c1afe280c5b7c","875e3d2251a8a731fa8db9855da15cc596818d17baa8f890a6739b9980d01491"
"bench-20260922-6-2","normal","benchmark-c4-policy-1.0.0-local","1","false","false","21","decision.completed","1790054834117","bdf2c160411fd08b02053d917b9799b3eb1fc643c73f3af460628a672fa1a9a9","037e222f0bf1880f4fd6ad3111544fbfc0a9b9f4f1aad026817c1afe280c5b7c"
"bench-20260922-6-2","normal","benchmark-c4-policy-1.0.0-local","1","false","false","22","move.accepted","1790054834118","2a15ed49c42f2ffb25f7d61a2fa3f767b0206ed3668265f4b22d8f90afcc97ce","bdf2c160411fd08b02053d917b9799b3eb1fc643c73f3af460628a672fa1a9a9"
"bench-20260922-6-2","normal","benchmark-c4-policy-1.0.0-local","1","false","false","23","decision.completed","1790054834119","9707565a09e5085c96ddbe4eeac397e2a0eae02913dcb2df463f704afb90d050","2a15ed49c42f2ffb25f7d61a2fa3f767b0206ed3668265f4b22d8f90afcc97ce"
"bench-20260922-6-2","normal","benchmark-c4-policy-1.0.0-local","1","false","false","24","move.accepted","1790054834121","0c20e0481cf8ab37b29bf118c987e1e2a8477aa35ccc1c8ac98ad05184f6daad","9707565a09e5085c96ddbe4eeac397e2a0eae02913dcb2df463f704afb90d050"
"bench-20260922-6-2","normal","benchmark-c4-policy-1.0.0-local","1","false","false","25","decision.completed","1790054834121","bca90247b76c445780a1df1799ac8ba4c51c8210b61aeea55658c2eb3ff2a48d","0c20e0481cf8ab37b29bf118c987e1e2a8477aa35ccc1c8ac98ad05184f6daad"
"bench-20260922-6-2","normal","benchmark-c4-policy-1.0.0-local","1","false","false","26","move.accepted","1790054834122","3b5849e5f5c6fadcea780ce4fb52f59dcebd01e1840a4b7390a638a6da8f262b","bca90247b76c445780a1df1799ac8ba4c51c8210b61aeea55658c2eb3ff2a48d"
"bench-20260922-6-2","normal","benchmark-c4-policy-1.0.0-local","1","false","false","27","decision.completed","1790054834123","16633280c24e9132f03179b06f02fc937c9c71b160d521f965cbb8a6c91b2f88","3b5849e5f5c6fadcea780ce4fb52f59dcebd01e1840a4b7390a638a6da8f262b"
"bench-20260922-6-2","normal","benchmark-c4-policy-1.0.0-local","1","false","false","28","move.accepted","1790054834124","84eacd51a7485eccc887a87e1edaafeb9be3895a4d1edf37e85b4b28d375a2d9","16633280c24e9132f03179b06f02fc937c9c71b160d521f965cbb8a6c91b2f88"
"bench-20260922-6-2","normal","benchmark-c4-policy-1.0.0-local","1","false","false","29","match.completed","1790054834124","3e69293901dc5a829f890bccf0a989bfb1e70001ff969beb447fc8d9c06a985b","84eacd51a7485eccc887a87e1edaafeb9be3895a4d1edf37e85b4b28d375a2d9"
"bench-20260922-7-1","normal","benchmark-c4-policy-1.0.0-local","2","false","false","1","match.started","1790054834125","9ec6f148694a75b1885ff3fb686989d2f081e6bdf2da1085c7eee0bb16a1f83a","0000000000000000000000000000000000000000000000000000000000000000"
"bench-20260922-7-1","normal","benchmark-c4-policy-1.0.0-local","2","false","false","2","move.accepted","1790054834125","2af36568dd632ab12872d7b6f78cc274b98c5c6952ad73d1e8217ddfa5b3839e","9ec6f148694a75b1885ff3fb686989d2f081e6bdf2da1085c7eee0bb16a1f83a"
"bench-20260922-7-1","normal","benchmark-c4-policy-1.0.0-local","2","false","false","3","move.accepted","1790054834126","265da725f083a5832eb7c42bdb4fa31ca635b98ec75aaef12793167e8b8c03ad","2af36568dd632ab12872d7b6f78cc274b98c5c6952ad73d1e8217ddfa5b3839e"
"bench-20260922-7-1","normal","benchmark-c4-policy-1.0.0-local","2","false","false","4","decision.completed","1790054834127","6b532b920fd89868f2e86ee99ad4bc2dd39926aa5c9cf1ba9207d546ebd44f07","265da725f083a5832eb7c42bdb4fa31ca635b98ec75aaef12793167e8b8c03ad"
"bench-20260922-7-1","normal","benchmark-c4-policy-1.0.0-local","2","false","false","5","move.accepted","1790054834129","fa59c8604014ddc75cd1bd78abd30fd018827c30a2e3678cd8fcf7088a5a92f5","6b532b920fd89868f2e86ee99ad4bc2dd39926aa5c9cf1ba9207d546ebd44f07"
"bench-20260922-7-1","normal","benchmark-c4-policy-1.0.0-local","2","false","false","6","decision.completed","1790054834129","2074a62f6a60634f193102dd0312a0aef70dcfaf9778a8f1728ff99a000340ea","fa59c8604014ddc75cd1bd78abd30fd018827c30a2e3678cd8fcf7088a5a92f5"
"bench-20260922-7-1","normal","benchmark-c4-policy-1.0.0-local","2","false","false","7","move.accepted","1790054834130","b134fd806b0383705251421112e411ac01d2f1e211044f0da9a4dd3817c9f641","2074a62f6a60634f193102dd0312a0aef70dcfaf9778a8f1728ff99a000340ea"
"bench-20260922-7-1","normal","benchmark-c4-policy-1.0.0-local","2","false","false","8","decision.completed","1790054834131","943fd64d48c811190ebfae36ae3d2411d5b037107d219d9050d5194aac840066","b134fd806b0383705251421112e411ac01d2f1e211044f0da9a4dd3817c9f641"
"bench-20260922-7-1","normal","benchmark-c4-policy-1.0.0-local","2","false","false","9","move.accepted","1790054834132","0644b97b62b9c9ba6c1db9f223a515de2e157a7d7144826f2638c32f745bf821","943fd64d48c811190ebfae36ae3d2411d5b037107d219d9050d5194aac840066"
"bench-20260922-7-1","normal","benchmark-c4-policy-1.0.0-local","2","false","false","10","decision.completed","1790054834132","54220504897ec03fa3f2310ac4e65b68b1a9c0b48b5998836e4377b586209688","0644b97b62b9c9ba6c1db9f223a515de2e157a7d7144826f2638c32f745bf821"
"bench-20260922-7-1","normal","benchmark-c4-policy-1.0.0-local","2","false","false","11","move.accepted","1790054834133","c239b5f7cb84fb780af35d75b79a78da1e8474bfc31817fa191aab5f63753eb1","54220504897ec03fa3f2310ac4e65b68b1a9c0b48b5998836e4377b586209688"
"bench-20260922-7-1","normal","benchmark-c4-policy-1.0.0-local","2","false","false","12","decision.completed","1790054834133","cebe1c5be9e8fb63965bfb600bb448c27843224674bdd4c08f4cd703e99280a5","c239b5f7cb84fb780af35d75b79a78da1e8474bfc31817fa191aab5f63753eb1"
"bench-20260922-7-1","normal","benchmark-c4-policy-1.0.0-local","2","false","false","13","move.accepted","1790054834135","6f770e38783bd27e5b31f35bf68132cd301a1a91b9245fab039105d9e13bd149","cebe1c5be9e8fb63965bfb600bb448c27843224674bdd4c08f4cd703e99280a5"
"bench-20260922-7-1","normal","benchmark-c4-policy-1.0.0-local","2","false","false","14","decision.completed","1790054834135","b24554519e3443d3874945d831afdd7d9a2e21b5c2d8987ff5026ca6641e7e98","6f770e38783bd27e5b31f35bf68132cd301a1a91b9245fab039105d9e13bd149"
"bench-20260922-7-1","normal","benchmark-c4-policy-1.0.0-local","2","false","false","15","move.accepted","1790054834136","2f05202a30dda4da670722f49a21457e69af111e101043d2356f47915529e22a","b24554519e3443d3874945d831afdd7d9a2e21b5c2d8987ff5026ca6641e7e98"
"bench-20260922-7-1","normal","benchmark-c4-policy-1.0.0-local","2","false","false","16","decision.completed","1790054834137","9e04e65e64b2a87aa33241692fb7f4ce642ebbb12a567a94c3ac82bfe69d12cb","2f05202a30dda4da670722f49a21457e69af111e101043d2356f47915529e22a"
"bench-20260922-7-1","normal","benchmark-c4-policy-1.0.0-local","2","false","false","17","move.accepted","1790054834138","aa06abae1dcb43318546ee983db4a84fa1314948ae538e52f621a9dcb4694972","9e04e65e64b2a87aa33241692fb7f4ce642ebbb12a567a94c3ac82bfe69d12cb"
"bench-20260922-7-1","normal","benchmark-c4-policy-1.0.0-local","2","false","false","18","match.completed","1790054834138","f8ee52003d9f0527fde7d0395f9f0dd8fef6c215e2874bc480d639f8af90023c","aa06abae1dcb43318546ee983db4a84fa1314948ae538e52f621a9dcb4694972"
"bench-20260922-7-2","normal","benchmark-c4-policy-1.0.0-local","1","false","false","1","match.started","1790054834138","8af52797dfc09650f715aa6d81086c908ba66318559f4af4bb017fec8ff75425","0000000000000000000000000000000000000000000000000000000000000000"
"bench-20260922-7-2","normal","benchmark-c4-policy-1.0.0-local","1","false","false","2","move.accepted","1790054834139","9def24172ed121b9081ce9e60aa06bdc7d864b65448337a6164724e33b3a666c","8af52797dfc09650f715aa6d81086c908ba66318559f4af4bb017fec8ff75425"
"bench-20260922-7-2","normal","benchmark-c4-policy-1.0.0-local","1","false","false","3","move.accepted","1790054834139","972b56b50f31c4bb5317308966c988e15e6eac512a38bd2cbffe0e531f1a97c2","9def24172ed121b9081ce9e60aa06bdc7d864b65448337a6164724e33b3a666c"
"bench-20260922-7-2","normal","benchmark-c4-policy-1.0.0-local","1","false","false","4","decision.completed","1790054834140","988422543258c5347c0a8029594afd1efab9e4b21c5eb6c19cf34730b3905fb5","972b56b50f31c4bb5317308966c988e15e6eac512a38bd2cbffe0e531f1a97c2"
"bench-20260922-7-2","normal","benchmark-c4-policy-1.0.0-local","1","false","false","5","move.accepted","1790054834140","9b74151bb7f3f694db68e805128d54b91b3e429e9274c39546abc7a5ae8793f3","988422543258c5347c0a8029594afd1efab9e4b21c5eb6c19cf34730b3905fb5"
"bench-20260922-7-2","normal","benchmark-c4-policy-1.0.0-local","1","false","false","6","decision.completed","1790054834141","c638b60f4a120eda8559c3104a1096f0cf9dc134187a3700cd986880152839fd","9b74151bb7f3f694db68e805128d54b91b3e429e9274c39546abc7a5ae8793f3"
"bench-20260922-7-2","normal","benchmark-c4-policy-1.0.0-local","1","false","false","7","move.accepted","1790054834144","9ea6e908710e4285bee2cd15cd6fd6ac5b05ad5606a26faaa87a6b7a46709bf9","c638b60f4a120eda8559c3104a1096f0cf9dc134187a3700cd986880152839fd"
"bench-20260922-7-2","normal","benchmark-c4-policy-1.0.0-local","1","false","false","8","decision.completed","1790054834144","aa4cfac45be390a3d9ff1bb896c544a6bf767015ed0d172f50b4545b3d623e00","9ea6e908710e4285bee2cd15cd6fd6ac5b05ad5606a26faaa87a6b7a46709bf9"
"bench-20260922-7-2","normal","benchmark-c4-policy-1.0.0-local","1","false","false","9","move.accepted","1790054834144","f74bc3484948a947f048946a0c54b820f41647650e02b1f16d914a1f6592d0da","aa4cfac45be390a3d9ff1bb896c544a6bf767015ed0d172f50b4545b3d623e00"
"bench-20260922-7-2","normal","benchmark-c4-policy-1.0.0-local","1","false","false","10","decision.completed","1790054834145","a3f2452f6a1ccf93bbb907542b90b34a6b800fa7957a15277a3a821347b6b008","f74bc3484948a947f048946a0c54b820f41647650e02b1f16d914a1f6592d0da"
"bench-20260922-7-2","normal","benchmark-c4-policy-1.0.0-local","1","false","false","11","move.accepted","1790054834146","070489b6d2a34e2d9edeb86700d851e10d1f6776eb40df0f042bff33f630e807","a3f2452f6a1ccf93bbb907542b90b34a6b800fa7957a15277a3a821347b6b008"
"bench-20260922-7-2","normal","benchmark-c4-policy-1.0.0-local","1","false","false","12","decision.completed","1790054834146","ea7aa0e06e897fb1de5b13b47f4bb2649db9fdb4a2a09a3127d0ea7cd971b157","070489b6d2a34e2d9edeb86700d851e10d1f6776eb40df0f042bff33f630e807"
"bench-20260922-7-2","normal","benchmark-c4-policy-1.0.0-local","1","false","false","13","move.accepted","1790054834147","dc8254a4822a006e930edc3ad713b2c06b8428604224628917894d4ed87e13f0","ea7aa0e06e897fb1de5b13b47f4bb2649db9fdb4a2a09a3127d0ea7cd971b157"
"bench-20260922-7-2","normal","benchmark-c4-policy-1.0.0-local","1","false","false","14","decision.completed","1790054834148","236b39090d3146bbaaec8a29ea8e40520c38672805eee1e6a94132bcef70ea9e","dc8254a4822a006e930edc3ad713b2c06b8428604224628917894d4ed87e13f0"
"bench-20260922-7-2","normal","benchmark-c4-policy-1.0.0-local","1","false","false","15","move.accepted","1790054834149","5c35c3371bb01b4e56d530075fdd5329270084348546fa1277fca76f8ab01934","236b39090d3146bbaaec8a29ea8e40520c38672805eee1e6a94132bcef70ea9e"
"bench-20260922-7-2","normal","benchmark-c4-policy-1.0.0-local","1","false","false","16","decision.completed","1790054834150","c3d459b75fef40ae6c623c2ae5e9a84b3449b7459b87c83f574fbaa6164f7712","5c35c3371bb01b4e56d530075fdd5329270084348546fa1277fca76f8ab01934"
"bench-20260922-7-2","normal","benchmark-c4-policy-1.0.0-local","1","false","false","17","move.accepted","1790054834150","620a57b880ffa3ce3e7e4d90ef717acb2fd9c389745587345c96d31732c0ec0c","c3d459b75fef40ae6c623c2ae5e9a84b3449b7459b87c83f574fbaa6164f7712"
"bench-20260922-7-2","normal","benchmark-c4-policy-1.0.0-local","1","false","false","18","decision.completed","1790054834151","9cde205b01a1446d8b6fdf9a6d35cfd861b9c6d62260f8a22d93dc101f1c4adb","620a57b880ffa3ce3e7e4d90ef717acb2fd9c389745587345c96d31732c0ec0c"
"bench-20260922-7-2","normal","benchmark-c4-policy-1.0.0-local","1","false","false","19","move.accepted","1790054834152","fc8ce1ebb08f8282bd63769c4be6a3b447676d5b13c7a08c9af0c4b0288926de","9cde205b01a1446d8b6fdf9a6d35cfd861b9c6d62260f8a22d93dc101f1c4adb"
"bench-20260922-7-2","normal","benchmark-c4-policy-1.0.0-local","1","false","false","20","decision.completed","1790054834152","07e9eb6758e20058042eeefd9e91bd35f6d2e36efeb1fb549885ffd97dcd066e","fc8ce1ebb08f8282bd63769c4be6a3b447676d5b13c7a08c9af0c4b0288926de"
"bench-20260922-7-2","normal","benchmark-c4-policy-1.0.0-local","1","false","false","21","move.accepted","1790054834153","74e113c36f47d87627926510b607af8f631e9ce59bc29ebbc2b14fe682e32ec4","07e9eb6758e20058042eeefd9e91bd35f6d2e36efeb1fb549885ffd97dcd066e"
"bench-20260922-7-2","normal","benchmark-c4-policy-1.0.0-local","1","false","false","22","decision.completed","1790054834154","1e8ddc62705e8abb4124d655d99d5ab7541b2a8ab7f4e96643828d04bacbcee2","74e113c36f47d87627926510b607af8f631e9ce59bc29ebbc2b14fe682e32ec4"
"bench-20260922-7-2","normal","benchmark-c4-policy-1.0.0-local","1","false","false","23","move.accepted","1790054834156","d9f9ac2d1801207649fc18577a1751c3795db09dba1d6c8b40d3b75d0be0fd66","1e8ddc62705e8abb4124d655d99d5ab7541b2a8ab7f4e96643828d04bacbcee2"
"bench-20260922-7-2","normal","benchmark-c4-policy-1.0.0-local","1","false","false","24","match.completed","1790054834156","fb0cf0a7505b9fac2a643ff9c45eaf8e870dd0e4d591e706b2748d7dd6da2f6a","d9f9ac2d1801207649fc18577a1751c3795db09dba1d6c8b40d3b75d0be0fd66"
"bench-20260922-8-1","normal","benchmark-c4-policy-1.0.0-local","2","false","false","1","match.started","1790054834156","e748cc51e2138faa500ac1fc8cfa560cc558f80780ece0b884eb20535f2ece1c","0000000000000000000000000000000000000000000000000000000000000000"
"bench-20260922-8-1","normal","benchmark-c4-policy-1.0.0-local","2","false","false","2","move.accepted","1790054834157","9f72aad6d924e4f2ba1f6fc7584dcbebf9d2650c056af2ee90abbbf434d6e112","e748cc51e2138faa500ac1fc8cfa560cc558f80780ece0b884eb20535f2ece1c"
"bench-20260922-8-1","normal","benchmark-c4-policy-1.0.0-local","2","false","false","3","move.accepted","1790054834157","671f88fdc6fbd9a2380996b71d95c320cce31f251a23733825d549ad3e9495dd","9f72aad6d924e4f2ba1f6fc7584dcbebf9d2650c056af2ee90abbbf434d6e112"
"bench-20260922-8-1","normal","benchmark-c4-policy-1.0.0-local","2","false","false","4","move.accepted","1790054834159","33b7620ae51df81fe564a8ca2f754f0c9445f1c49a1339c6c16a29523793d4d1","671f88fdc6fbd9a2380996b71d95c320cce31f251a23733825d549ad3e9495dd"
"bench-20260922-8-1","normal","benchmark-c4-policy-1.0.0-local","2","false","false","5","decision.completed","1790054834159","1e2a0d4f067a6a830232a042577a8a802efc356a9c821a37e8f723ad95f39245","33b7620ae51df81fe564a8ca2f754f0c9445f1c49a1339c6c16a29523793d4d1"
"bench-20260922-8-1","normal","benchmark-c4-policy-1.0.0-local","2","false","false","6","move.accepted","1790054834160","fb34cad09cd7c3833ae5b599b457e15996ddb998e99ecf0e471c0548bf3f8bf3","1e2a0d4f067a6a830232a042577a8a802efc356a9c821a37e8f723ad95f39245"
"bench-20260922-8-1","normal","benchmark-c4-policy-1.0.0-local","2","false","false","7","decision.completed","1790054834161","4c0f9d45f19327fc1f457cc4bca54aea73f8f7af7e449ae6d69fd6afc960ff44","fb34cad09cd7c3833ae5b599b457e15996ddb998e99ecf0e471c0548bf3f8bf3"
"bench-20260922-8-1","normal","benchmark-c4-policy-1.0.0-local","2","false","false","8","move.accepted","1790054834161","2d3669cf9720bc4935e602870546ab91bbd200f1664271815f8729e0574f1aa1","4c0f9d45f19327fc1f457cc4bca54aea73f8f7af7e449ae6d69fd6afc960ff44"
"bench-20260922-8-1","normal","benchmark-c4-policy-1.0.0-local","2","false","false","9","decision.completed","1790054834162","7b87728cce5e62d7c0e016f4aadd16260927274b764fd030978727bd092d5389","2d3669cf9720bc4935e602870546ab91bbd200f1664271815f8729e0574f1aa1"
"bench-20260922-8-1","normal","benchmark-c4-policy-1.0.0-local","2","false","false","10","move.accepted","1790054834162","52e72176b3e619275df5868062812869dd90e40f5066c9e795613ca79e55bd79","7b87728cce5e62d7c0e016f4aadd16260927274b764fd030978727bd092d5389"
"bench-20260922-8-1","normal","benchmark-c4-policy-1.0.0-local","2","false","false","11","decision.completed","1790054834164","9010b2e3674dd78c3732cd0eacd10b10dc712e103e45f3f703d57ed3f4c1bf50","52e72176b3e619275df5868062812869dd90e40f5066c9e795613ca79e55bd79"
"bench-20260922-8-1","normal","benchmark-c4-policy-1.0.0-local","2","false","false","12","move.accepted","1790054834165","3aeb735136b4dce8c67413741a3eba93ed1dbe7cc7ed6c065329371ec27d378a","9010b2e3674dd78c3732cd0eacd10b10dc712e103e45f3f703d57ed3f4c1bf50"
"bench-20260922-8-1","normal","benchmark-c4-policy-1.0.0-local","2","false","false","13","match.completed","1790054834165","e711c02a4f5b212513edc15499d3b541e35f2c97b432f1ac1bc33179774a6d9e","3aeb735136b4dce8c67413741a3eba93ed1dbe7cc7ed6c065329371ec27d378a"
"bench-20260922-8-2","normal","benchmark-c4-policy-1.0.0-local","1","false","false","1","match.started","1790054834165","c07a999aa6e33f8e5b717485fcf7dc0bf8aa46cfe8247e22d3a0656da7406a53","0000000000000000000000000000000000000000000000000000000000000000"
"bench-20260922-8-2","normal","benchmark-c4-policy-1.0.0-local","1","false","false","2","move.accepted","1790054834166","24599b28825805c55c5748e995a7508199425d9199d54fd27fed4a4371ec416c","c07a999aa6e33f8e5b717485fcf7dc0bf8aa46cfe8247e22d3a0656da7406a53"
"bench-20260922-8-2","normal","benchmark-c4-policy-1.0.0-local","1","false","false","3","move.accepted","1790054834167","28e3af3377d1a164b0f150465f9a11847612f2a755e197883342aad62884e1eb","24599b28825805c55c5748e995a7508199425d9199d54fd27fed4a4371ec416c"
"bench-20260922-8-2","normal","benchmark-c4-policy-1.0.0-local","1","false","false","4","move.accepted","1790054834167","a9e2496e7bee868448d099c44cbbe09a9665d7c85b17c30a74471ccc70b9822e","28e3af3377d1a164b0f150465f9a11847612f2a755e197883342aad62884e1eb"
"bench-20260922-8-2","normal","benchmark-c4-policy-1.0.0-local","1","false","false","5","decision.completed","1790054834168","7854e3ed4ff734f43b9c0e4587924b7101372c88dc54c2f24bb635c6fe4d1201","a9e2496e7bee868448d099c44cbbe09a9665d7c85b17c30a74471ccc70b9822e"
"bench-20260922-8-2","normal","benchmark-c4-policy-1.0.0-local","1","false","false","6","move.accepted","1790054834169","8bb1190ee2ceb53378c4447081289a30b3bebf58a1d98dd1f0deccf409ce3cc3","7854e3ed4ff734f43b9c0e4587924b7101372c88dc54c2f24bb635c6fe4d1201"
"bench-20260922-8-2","normal","benchmark-c4-policy-1.0.0-local","1","false","false","7","decision.completed","1790054834170","52e8d2c575c32721a0831a7f1ff4f5612ac52ec370779fc5aafa04b5a1ebac72","8bb1190ee2ceb53378c4447081289a30b3bebf58a1d98dd1f0deccf409ce3cc3"
"bench-20260922-8-2","normal","benchmark-c4-policy-1.0.0-local","1","false","false","8","move.accepted","1790054834170","81f0d504e9a13fd036d62899d40c91625bb8773b54401bb5ef41959016f941ab","52e8d2c575c32721a0831a7f1ff4f5612ac52ec370779fc5aafa04b5a1ebac72"
"bench-20260922-8-2","normal","benchmark-c4-policy-1.0.0-local","1","false","false","9","decision.completed","1790054834171","64081c12159797a0b0db2256aed8f030967ce0499efe5d44119311392ada1330","81f0d504e9a13fd036d62899d40c91625bb8773b54401bb5ef41959016f941ab"
"bench-20260922-8-2","normal","benchmark-c4-policy-1.0.0-local","1","false","false","10","move.accepted","1790054834172","b91f70d73d94c3f96d4d84ebab5308b967b91cffa7b73b86801d1396488595d1","64081c12159797a0b0db2256aed8f030967ce0499efe5d44119311392ada1330"
"bench-20260922-8-2","normal","benchmark-c4-policy-1.0.0-local","1","false","false","11","decision.completed","1790054834173","614adf401c2b7db86962f1b89c171a77b78437c9e269109df5f14cd449149e3c","b91f70d73d94c3f96d4d84ebab5308b967b91cffa7b73b86801d1396488595d1"
"bench-20260922-8-2","normal","benchmark-c4-policy-1.0.0-local","1","false","false","12","move.accepted","1790054834173","1d826a16f622f6fe3bf3187c03c8b76384b485616f2d50a81df788fab8c16d49","614adf401c2b7db86962f1b89c171a77b78437c9e269109df5f14cd449149e3c"
"bench-20260922-8-2","normal","benchmark-c4-policy-1.0.0-local","1","false","false","13","decision.completed","1790054834174","8941e45fde0829b1bb595afeee109196556623dab9cea10414f85e5211ceaaf1","1d826a16f622f6fe3bf3187c03c8b76384b485616f2d50a81df788fab8c16d49"
"bench-20260922-8-2","normal","benchmark-c4-policy-1.0.0-local","1","false","false","14","move.accepted","1790054834176","acc6dee3c4131a4150ccbb5477bdfd4dba7d0206f9c3b171ff0286040377d2f0","8941e45fde0829b1bb595afeee109196556623dab9cea10414f85e5211ceaaf1"
"bench-20260922-8-2","normal","benchmark-c4-policy-1.0.0-local","1","false","false","15","decision.completed","1790054834176","84c6a8dc56ae55038a651925c22fc8932f2f6c85b9aaa1fea07128660cced055","acc6dee3c4131a4150ccbb5477bdfd4dba7d0206f9c3b171ff0286040377d2f0"
"bench-20260922-8-2","normal","benchmark-c4-policy-1.0.0-local","1","false","false","16","move.accepted","1790054834177","6d66b4df3a013811950e8f31185b741e8d19d53178047836f1bab0500e964728","84c6a8dc56ae55038a651925c22fc8932f2f6c85b9aaa1fea07128660cced055"
"bench-20260922-8-2","normal","benchmark-c4-policy-1.0.0-local","1","false","false","17","decision.completed","1790054834178","36e3f607bd36cc4f397d7b7cd7fdbe4e9ab95d637f42962d26686ad63d9b4fb9","6d66b4df3a013811950e8f31185b741e8d19d53178047836f1bab0500e964728"
"bench-20260922-8-2","normal","benchmark-c4-policy-1.0.0-local","1","false","false","18","move.accepted","1790054834179","d8cbee4c0c4e26da7bc02cb3416e2a53808b4aceb979a4b9d6c62c0eae5af4aa","36e3f607bd36cc4f397d7b7cd7fdbe4e9ab95d637f42962d26686ad63d9b4fb9"
"bench-20260922-8-2","normal","benchmark-c4-policy-1.0.0-local","1","false","false","19","match.completed","1790054834179","fbcb8ace550400cefc9ffda5d73a7e2ab4f16a85220a8f04ae0e39ee49b9407d","d8cbee4c0c4e26da7bc02cb3416e2a53808b4aceb979a4b9d6c62c0eae5af4aa"
"bench-20260922-9-1","normal","benchmark-c4-policy-1.0.0-local","2","false","false","1","match.started","1790054834179","6e72ec32d832eb6e938ad1ef0d514bba0090b7fd8a04772b7e9189d19fae40b9","0000000000000000000000000000000000000000000000000000000000000000"
"bench-20260922-9-1","normal","benchmark-c4-policy-1.0.0-local","2","false","false","2","move.accepted","1790054834180","ea45d95ba197a96fcbfbbd2aea3536f2fa6d53a1d9dd8b887e9d7b215a826834","6e72ec32d832eb6e938ad1ef0d514bba0090b7fd8a04772b7e9189d19fae40b9"
"bench-20260922-9-1","normal","benchmark-c4-policy-1.0.0-local","2","false","false","3","move.accepted","1790054834180","dd91f07438317958a9f9dd3ce9cba2360f6a1b1916217b7115eebf91e6c73e21","ea45d95ba197a96fcbfbbd2aea3536f2fa6d53a1d9dd8b887e9d7b215a826834"
"bench-20260922-9-1","normal","benchmark-c4-policy-1.0.0-local","2","false","false","4","move.accepted","1790054834181","8406df8dd191ff7c6d2f96754320d3202fb4083838bfc1e53644995e4469d841","dd91f07438317958a9f9dd3ce9cba2360f6a1b1916217b7115eebf91e6c73e21"
"bench-20260922-9-1","normal","benchmark-c4-policy-1.0.0-local","2","false","false","5","move.accepted","1790054834182","8ca8bd2eaaa6330b941b242bdca416dc28466494cdab18efe3fb74bd99a6d369","8406df8dd191ff7c6d2f96754320d3202fb4083838bfc1e53644995e4469d841"
"bench-20260922-9-1","normal","benchmark-c4-policy-1.0.0-local","2","false","false","6","decision.completed","1790054834183","81e62e0841f99078b89457bab66817254abc08431bad381e7b676667885ac201","8ca8bd2eaaa6330b941b242bdca416dc28466494cdab18efe3fb74bd99a6d369"
"bench-20260922-9-1","normal","benchmark-c4-policy-1.0.0-local","2","false","false","7","move.accepted","1790054834184","2dba7f8f4358d2c27b0525aa5274c09ad4ea04728ece8e9232d5015005980f65","81e62e0841f99078b89457bab66817254abc08431bad381e7b676667885ac201"
"bench-20260922-9-1","normal","benchmark-c4-policy-1.0.0-local","2","false","false","8","decision.completed","1790054834184","b61eb23542bf45b5f1cf451b8e44fa52eb2183b7c7eb93a60a37cb79aba9cacf","2dba7f8f4358d2c27b0525aa5274c09ad4ea04728ece8e9232d5015005980f65"
"bench-20260922-9-1","normal","benchmark-c4-policy-1.0.0-local","2","false","false","9","move.accepted","1790054834185","0762e3a888f5d19b34c67db5b0f576825d61cd6e07926fd88e4b681ece719d19","b61eb23542bf45b5f1cf451b8e44fa52eb2183b7c7eb93a60a37cb79aba9cacf"
"bench-20260922-9-1","normal","benchmark-c4-policy-1.0.0-local","2","false","false","10","decision.completed","1790054834186","39c77de82a49f7d0a80a353bde6f845cb9f6380d9a1f05aa4a4ed29d2fc30ef3","0762e3a888f5d19b34c67db5b0f576825d61cd6e07926fd88e4b681ece719d19"
"bench-20260922-9-1","normal","benchmark-c4-policy-1.0.0-local","2","false","false","11","move.accepted","1790054834187","aed371be65c02f661b1ff493d341493c558f6378f724fd1981b9e990a8bdb98c","39c77de82a49f7d0a80a353bde6f845cb9f6380d9a1f05aa4a4ed29d2fc30ef3"
"bench-20260922-9-1","normal","benchmark-c4-policy-1.0.0-local","2","false","false","12","match.completed","1790054834187","0a1226c153b102370a7b22fa45b39af10e749a3073836f13b8fdc7f5b87fd8b5","aed371be65c02f661b1ff493d341493c558f6378f724fd1981b9e990a8bdb98c"
"bench-20260922-9-2","normal","benchmark-c4-policy-1.0.0-local","1","false","false","1","match.started","1790054834187","2b5a4642e8694c2040f892edfb6a4e6e35ac8481843d82737353fc2c78e65ebc","0000000000000000000000000000000000000000000000000000000000000000"
"bench-20260922-9-2","normal","benchmark-c4-policy-1.0.0-local","1","false","false","2","move.accepted","1790054834188","98a56e1c7e1f15702b248e2c080f7a6511c2fbda9b2a8bdc6b7324a565009b73","2b5a4642e8694c2040f892edfb6a4e6e35ac8481843d82737353fc2c78e65ebc"
"bench-20260922-9-2","normal","benchmark-c4-policy-1.0.0-local","1","false","false","3","move.accepted","1790054834189","9caa7a0fa3648630bd41ca808a178a39761faf3cce6583e6bf378ab06ce1274d","98a56e1c7e1f15702b248e2c080f7a6511c2fbda9b2a8bdc6b7324a565009b73"
"bench-20260922-9-2","normal","benchmark-c4-policy-1.0.0-local","1","false","false","4","move.accepted","1790054834190","b1e23ca5cd69451b24ea3eb9900aa399c4aac3cb6ab307fbe3360b09a371168b","9caa7a0fa3648630bd41ca808a178a39761faf3cce6583e6bf378ab06ce1274d"
"bench-20260922-9-2","normal","benchmark-c4-policy-1.0.0-local","1","false","false","5","move.accepted","1790054834190","3e96b82959e7ea271b778eee4796f023d2a64b95cf731643dc0f6a8383fb5fff","b1e23ca5cd69451b24ea3eb9900aa399c4aac3cb6ab307fbe3360b09a371168b"
"bench-20260922-9-2","normal","benchmark-c4-policy-1.0.0-local","1","false","false","6","decision.completed","1790054834191","3666234effb09ed1efa75bfb256f4f2ca6ce52390355b1372fb0858a9915d111","3e96b82959e7ea271b778eee4796f023d2a64b95cf731643dc0f6a8383fb5fff"
"bench-20260922-9-2","normal","benchmark-c4-policy-1.0.0-local","1","false","false","7","move.accepted","1790054834191","8d1686bb1ab5ae4c5071d70632b3be0d093b5bf7135f90f799688b9f09acd390","3666234effb09ed1efa75bfb256f4f2ca6ce52390355b1372fb0858a9915d111"
"bench-20260922-9-2","normal","benchmark-c4-policy-1.0.0-local","1","false","false","8","decision.completed","1790054834192","da41ee5e6167718350ca71ab6b564a14d7356bdc85c7cd647293c539ceb9173c","8d1686bb1ab5ae4c5071d70632b3be0d093b5bf7135f90f799688b9f09acd390"
"bench-20260922-9-2","normal","benchmark-c4-policy-1.0.0-local","1","false","false","9","move.accepted","1790054834194","ec6f82038a6b78dee08fc01e4fc6f499ad8c65ad9319261d413fcbb859e0f06f","da41ee5e6167718350ca71ab6b564a14d7356bdc85c7cd647293c539ceb9173c"
"bench-20260922-9-2","normal","benchmark-c4-policy-1.0.0-local","1","false","false","10","decision.completed","1790054834194","3b5932cb299674920d3928782934f2ab8d6282f98245a7d4ff261b358308812e","ec6f82038a6b78dee08fc01e4fc6f499ad8c65ad9319261d413fcbb859e0f06f"
"bench-20260922-9-2","normal","benchmark-c4-policy-1.0.0-local","1","false","false","11","move.accepted","1790054834196","187e3dd8d3623447fb8f5d0b3dabdfd2d648e5c3c599f3139b1916e5becf9c5c","3b5932cb299674920d3928782934f2ab8d6282f98245a7d4ff261b358308812e"
"bench-20260922-9-2","normal","benchmark-c4-policy-1.0.0-local","1","false","false","12","decision.completed","1790054834197","9cd79cc80c2038daa70d0bd68f3ffe0418c2b565b9caa26bb20ed77b9a4a2ad6","187e3dd8d3623447fb8f5d0b3dabdfd2d648e5c3c599f3139b1916e5becf9c5c"
"bench-20260922-9-2","normal","benchmark-c4-policy-1.0.0-local","1","false","false","13","move.accepted","1790054834199","60cf3df09f790c7c012c1f468387abbc7c129522513c133940f580fe452fd7c4","9cd79cc80c2038daa70d0bd68f3ffe0418c2b565b9caa26bb20ed77b9a4a2ad6"
"bench-20260922-9-2","normal","benchmark-c4-policy-1.0.0-local","1","false","false","14","decision.completed","1790054834199","8b77a943f9c57c9492252725eb7da5446d00738af8e18a83146ad4ea9cc2b055","60cf3df09f790c7c012c1f468387abbc7c129522513c133940f580fe452fd7c4"
"bench-20260922-9-2","normal","benchmark-c4-policy-1.0.0-local","1","false","false","15","move.accepted","1790054834200","99f53d06c68641d01a83e4d95b30e6f87e228ff55779d31b06505b35d630c41a","8b77a943f9c57c9492252725eb7da5446d00738af8e18a83146ad4ea9cc2b055"
"bench-20260922-9-2","normal","benchmark-c4-policy-1.0.0-local","1","false","false","16","decision.completed","1790054834201","a44aa8969cd2843a6332b4be12caf65344b065687a3c69bc0751eacc404ab4f1","99f53d06c68641d01a83e4d95b30e6f87e228ff55779d31b06505b35d630c41a"
"bench-20260922-9-2","normal","benchmark-c4-policy-1.0.0-local","1","false","false","17","move.accepted","1790054834202","edb280598e2104d98d4c2891c3613d4542231160b6b13a73135c01457834d070","a44aa8969cd2843a6332b4be12caf65344b065687a3c69bc0751eacc404ab4f1"
"bench-20260922-9-2","normal","benchmark-c4-policy-1.0.0-local","1","false","false","18","decision.completed","1790054834202","d4a283ad761aaefb22484eb06a1ce15c6009b44ed31a649299e55ba973edc02b","edb280598e2104d98d4c2891c3613d4542231160b6b13a73135c01457834d070"
"bench-20260922-9-2","normal","benchmark-c4-policy-1.0.0-local","1","false","false","19","move.accepted","1790054834202","7f3982f40d3f6c9e7893ce2dcc165a85b0d8d011905429f959e7e41a112414a8","d4a283ad761aaefb22484eb06a1ce15c6009b44ed31a649299e55ba973edc02b"
"bench-20260922-9-2","normal","benchmark-c4-policy-1.0.0-local","1","false","false","20","decision.completed","1790054834204","0242e7db1176b9aa99b520f436d059d4ee2f9bcf540df0c210136c3904e06336","7f3982f40d3f6c9e7893ce2dcc165a85b0d8d011905429f959e7e41a112414a8"
"bench-20260922-9-2","normal","benchmark-c4-policy-1.0.0-local","1","false","false","21","move.accepted","1790054834209","ee5713f301db941934e205ce20bab2ac2472d9827b96880cbf9cbea0d5401f3e","0242e7db1176b9aa99b520f436d059d4ee2f9bcf540df0c210136c3904e06336"
"bench-20260922-9-2","normal","benchmark-c4-policy-1.0.0-local","1","false","false","22","decision.completed","1790054834209","57486dc9a7c515dc548a18382fee79f92dc19e55077bb61f17c2c67a7ddcf546","ee5713f301db941934e205ce20bab2ac2472d9827b96880cbf9cbea0d5401f3e"
"bench-20260922-9-2","normal","benchmark-c4-policy-1.0.0-local","1","false","false","23","move.accepted","1790054834210","44072907d02243a7a9e1b01a5e4d2e87f540e07d37b30b8dde678e996f7bf90b","57486dc9a7c515dc548a18382fee79f92dc19e55077bb61f17c2c67a7ddcf546"
"bench-20260922-9-2","normal","benchmark-c4-policy-1.0.0-local","1","false","false","24","decision.completed","1790054834211","e642e089e87cbd1eb66f12a2e9b444ea0496bde77bdcbc9d74454601cd3a53dd","44072907d02243a7a9e1b01a5e4d2e87f540e07d37b30b8dde678e996f7bf90b"
"bench-20260922-9-2","normal","benchmark-c4-policy-1.0.0-local","1","false","false","25","move.accepted","1790054834212","b695d083c8a82b574cac3a9db577b00eca484ed4906db00fd1e64ce0646f0503","e642e089e87cbd1eb66f12a2e9b444ea0496bde77bdcbc9d74454601cd3a53dd"
"bench-20260922-9-2","normal","benchmark-c4-policy-1.0.0-local","1","false","false","26","decision.completed","1790054834212","eca2b131cd4193217bd3abadb2289a8e22c34e6c7656c639923d10efdca075f5","b695d083c8a82b574cac3a9db577b00eca484ed4906db00fd1e64ce0646f0503"
"bench-20260922-9-2","normal","benchmark-c4-policy-1.0.0-local","1","false","false","27","move.accepted","1790054834213","7360dff9b2b752558e6ce4466789442b6a63c6413506563cc3bb09554b830dc3","eca2b131cd4193217bd3abadb2289a8e22c34e6c7656c639923d10efdca075f5"
"bench-20260922-9-2","normal","benchmark-c4-policy-1.0.0-local","1","false","false","28","decision.completed","1790054834214","996237fb4bbb160425537ccfa0c918f3d569ac0ae02e6458130f2c31470e5a8c","7360dff9b2b752558e6ce4466789442b6a63c6413506563cc3bb09554b830dc3"
"bench-20260922-9-2","normal","benchmark-c4-policy-1.0.0-local","1","false","false","29","move.accepted","1790054834215","1ddd322036e4e13adeec554508f988cffe4db765f369afb1166d1e5888080518","996237fb4bbb160425537ccfa0c918f3d569ac0ae02e6458130f2c31470e5a8c"
"bench-20260922-9-2","normal","benchmark-c4-policy-1.0.0-local","1","false","false","30","match.completed","1790054834216","0aaf04c7a77eb33057ab2721703db8a0d2c931d3752bb5175bd932c02b48ec17","1ddd322036e4e13adeec554508f988cffe4db765f369afb1166d1e5888080518"