"matchId","difficulty","opponentVersion","humanDisc","ranked","eligible","ply","actor","column","row","decisionId","openingMove","preStateHash","postStateHash","turnElapsedMs","metrics","utcMs"
"bench-20260922-0-1","normal","benchmark-c4-policy-1.0.0-local","2","false","false","1","jev","3","0","bench-20260922-0-1-ply-1","false","ad8a81d14e5bf81950606f727698b1c2ff606f3e3dfa5704014475a3ce6be43a","5dc6d94d13ebdf020453ed5adff1525915f4e059815ff753f98f3e1919f34391","","{""winningOptionsBefore"":[],""opponentThreatsBefore"":[],""allowedWinningReplies"":[],""immediateWinAvailable"":false,""tookImmediateWin"":false,""missedImmediateWin"":false,""safeAlternatives"":[3,2,4,1,5,0,6],""avoidableImmediateLoss"":false,""blockedThreat"":false,""playableThreatsAfter"":0,""unsupportedThreatsAfter"":0,""centerMove"":true,""legalCountBefore"":7,""openWindowsAfter"":{""self"":[62,7,0,0,0],""opponent"":[62,0,0,0,0]},""occupancyAfter"":0.023809523809523808}","1790054833777"
"bench-20260922-0-1","normal","benchmark-c4-policy-1.0.0-local","2","false","false","2","human","3","1","bench-20260922-0-1-ply-2","false","5dc6d94d13ebdf020453ed5adff1525915f4e059815ff753f98f3e1919f34391","87a514f589150cc6d5e71961693636711452acc423ae026c02bcdbe651d1fd62","","{""winningOptionsBefore"":[],""opponentThreatsBefore"":[],""allowedWinningReplies"":[],""immediateWinAvailable"":false,""tookImmediateWin"":false,""missedImmediateWin"":false,""safeAlternatives"":[3,2,4,1,5,0,6],""avoidableImmediateLoss"":false,""blockedThreat"":false,""playableThreatsAfter"":0,""unsupportedThreatsAfter"":0,""centerMove"":true,""legalCountBefore"":7,""openWindowsAfter"":{""self"":[53,9,0,0,0],""opponent"":[53,6,0,0,0]},""occupancyAfter"":0.047619047619047616}","1790054833781"
"bench-20260922-0-1","normal","benchmark-c4-policy-1.0.0-local","2","false","false","3","jev","2","0","bench-20260922-0-1-ply-3","false","87a514f589150cc6d5e71961693636711452acc423ae026c02bcdbe651d1fd62","f9187530bfb5eee96785ecc6033ac7f40c8a59e7f38fc5e3f5abe26401fc1291","","{""winningOptionsBefore"":[],""opponentThreatsBefore"":[],""allowedWinningReplies"":[],""immediateWinAvailable"":false,""tookImmediateWin"":false,""missedImmediateWin"":false,""safeAlternatives"":[3,2,4,1,5,0,6],""avoidableImmediateLoss"":false,""blockedThreat"":false,""playableThreatsAfter"":0,""unsupportedThreatsAfter"":0,""centerMove"":false,""legalCountBefore"":7,""openWindowsAfter"":{""self"":[52,4,3,0,0],""opponent"":[52,8,0,0,0]},""occupancyAfter"":0.07142857142857142}","1790054833798"
"bench-20260922-0-1","normal","benchmark-c4-policy-1.0.0-local","2","false","false","4","human","6","0","bench-20260922-0-1-ply-4","false","f9187530bfb5eee96785ecc6033ac7f40c8a59e7f38fc5e3f5abe26401fc1291","7517a78d2ecfd9dd85891d47d3dd7f19a923a5d7cf87f3ae711af47831a529dd","","{""winningOptionsBefore"":[],""opponentThreatsBefore"":[],""allowedWinningReplies"":[],""immediateWinAvailable"":false,""tookImmediateWin"":false,""missedImmediateWin"":false,""safeAlternatives"":[3,2,4,1,5,0,6],""avoidableImmediateLoss"":false,""blockedThreat"":false,""playableThreatsAfter"":0,""unsupportedThreatsAfter"":0,""centerMove"":false,""legalCountBefore"":7,""openWindowsAfter"":{""self"":[50,10,0,0,0],""opponent"":[50,3,3,0,0]},""occupancyAfter"":0.09523809523809523}","1790054833803"
"bench-20260922-0-1","normal","benchmark-c4-policy-1.0.0-local","2","false","false","5","jev","4","0","bench-20260922-0-1-ply-5","false","7517a78d2ecfd9dd85891d47d3dd7f19a923a5d7cf87f3ae711af47831a529dd","22d638f25fdad6def98457384ac907e8fb62b72b736d9ed3b17e16511603d628","","{""winningOptionsBefore"":[],""opponentThreatsBefore"":[],""allowedWinningReplies"":[],""immediateWinAvailable"":false,""tookImmediateWin"":false,""missedImmediateWin"":false,""safeAlternatives"":[3,2,4,1,5,0,6],""avoidableImmediateLoss"":false,""blockedThreat"":false,""playableThreatsAfter"":2,""unsupportedThreatsAfter"":0,""centerMove"":false,""legalCountBefore"":7,""openWindowsAfter"":{""self"":[49,4,1,2,0],""opponent"":[49,9,0,0,0]},""occupancyAfter"":0.11904761904761904}","1790054833812"
"bench-20260922-0-1","normal","benchmark-c4-policy-1.0.0-local","2","false","false","6","human","1","0","bench-20260922-0-1-ply-6","false","22d638f25fdad6def98457384ac907e8fb62b72b736d9ed3b17e16511603d628","d566f11ddc6e9d43a9d81bc2eeac2a88758600b90fbc5815a0f861add2de8a1a","","{""winningOptionsBefore"":[],""opponentThreatsBefore"":[1,5],""allowedWinningReplies"":[5],""immediateWinAvailable"":false,""tookImmediateWin"":false,""missedImmediateWin"":false,""safeAlternatives"":[],""avoidableImmediateLoss"":false,""blockedThreat"":false,""playableThreatsAfter"":0,""unsupportedThreatsAfter"":0,""centerMove"":false,""legalCountBefore"":7,""openWindowsAfter"":{""self"":[47,11,0,0,0],""opponent"":[47,4,0,1,0]},""occupancyAfter"":0.14285714285714285}","1790054833814"
"bench-20260922-0-1","normal","benchmark-c4-policy-1.0.0-local","2","false","false","7","jev","5","0","bench-20260922-0-1-ply-7","false","d566f11ddc6e9d43a9d81bc2eeac2a88758600b90fbc5815a0f861add2de8a1a","a6919ab21f52fc3e2eb53e428dd44acee98a66215ab64ff624a4514bb37d0b88","","{""winningOptionsBefore"":[5],""opponentThreatsBefore"":[],""allowedWinningReplies"":[],""immediateWinAvailable"":true,""tookImmediateWin"":true,""missedImmediateWin"":false,""safeAlternatives"":[3,2,4,1,5,0,6],""avoidableImmediateLoss"":false,""blockedThreat"":false,""playableThreatsAfter"":0,""unsupportedThreatsAfter"":0,""centerMove"":false,""legalCountBefore"":7,""openWindowsAfter"":{""self"":[45,6,0,0,1],""opponent"":[45,11,0,0,0]},""occupancyAfter"":0.16666666666666666}","1790054833818"
"bench-20260922-0-2","normal","benchmark-c4-policy-1.0.0-local","1","false","false","1","human","3","0","bench-20260922-0-2-ply-1","false","ad8a81d14e5bf81950606f727698b1c2ff606f3e3dfa5704014475a3ce6be43a","5dc6d94d13ebdf020453ed5adff1525915f4e059815ff753f98f3e1919f34391","","{""winningOptionsBefore"":[],""opponentThreatsBefore"":[],""allowedWinningReplies"":[],""immediateWinAvailable"":false,""tookImmediateWin"":false,""missedImmediateWin"":false,""safeAlternatives"":[3,2,4,1,5,0,6],""avoidableImmediateLoss"":false,""blockedThreat"":false,""playableThreatsAfter"":0,""unsupportedThreatsAfter"":0,""centerMove"":true,""legalCountBefore"":7,""openWindowsAfter"":{""self"":[62,7,0,0,0],""opponent"":[62,0,0,0,0]},""occupancyAfter"":0.023809523809523808}","1790054833824"
"bench-20260922-0-2","normal","benchmark-c4-policy-1.0.0-local","1","false","false","2","jev","3","1","bench-20260922-0-2-ply-2","false","5dc6d94d13ebdf020453ed5adff1525915f4e059815ff753f98f3e1919f34391","87a514f589150cc6d5e71961693636711452acc423ae026c02bcdbe651d1fd62","","{""winningOptionsBefore"":[],""opponentThreatsBefore"":[],""allowedWinningReplies"":[],""immediateWinAvailable"":false,""tookImmediateWin"":false,""missedImmediateWin"":false,""safeAlternatives"":[3,2,4,1,5,0,6],""avoidableImmediateLoss"":false,""blockedThreat"":false,""playableThreatsAfter"":0,""unsupportedThreatsAfter"":0,""centerMove"":true,""legalCountBefore"":7,""openWindowsAfter"":{""self"":[53,9,0,0,0],""opponent"":[53,6,0,0,0]},""occupancyAfter"":0.047619047619047616}","1790054833829"
"bench-20260922-0-2","normal","benchmark-c4-policy-1.0.0-local","1","false","false","3","human","6","0","bench-20260922-0-2-ply-3","false","87a514f589150cc6d5e71961693636711452acc423ae026c02bcdbe651d1fd62","d633e6c5a35b2f07f5e0565fc4488d0223f7c5f180ff8e1724f704d05276141a","","{""winningOptionsBefore"":[],""opponentThreatsBefore"":[],""allowedWinningReplies"":[],""immediateWinAvailable"":false,""tookImmediateWin"":false,""missedImmediateWin"":false,""safeAlternatives"":[3,2,4,1,5,0,6],""avoidableImmediateLoss"":false,""blockedThreat"":false,""playableThreatsAfter"":0,""unsupportedThreatsAfter"":0,""centerMove"":false,""legalCountBefore"":7,""openWindowsAfter"":{""self"":[51,7,1,0,0],""opponent"":[51,9,0,0,0]},""occupancyAfter"":0.07142857142857142}","1790054833830"
"bench-20260922-0-2","normal","benchmark-c4-policy-1.0.0-local","1","false","false","4","jev","4","0","bench-20260922-0-2-ply-4","false","d633e6c5a35b2f07f5e0565fc4488d0223f7c5f180ff8e1724f704d05276141a","dfb3735eacb50e36896762d1e626813015304f483567d39f4de6a03eba581999","","{""winningOptionsBefore"":[],""opponentThreatsBefore"":[],""allowedWinningReplies"":[],""immediateWinAvailable"":false,""tookImmediateWin"":false,""missedImmediateWin"":false,""safeAlternatives"":[3,2,4,1,5,0,6],""avoidableImmediateLoss"":false,""blockedThreat"":false,""playableThreatsAfter"":0,""unsupportedThreatsAfter"":0,""centerMove"":false,""legalCountBefore"":7,""openWindowsAfter"":{""self"":[50,9,1,0,0],""opponent"":[50,5,0,0,0]},""occupancyAfter"":0.09523809523809523}","1790054833833"
"bench-20260922-0-2","normal","benchmark-c4-policy-1.0.0-local","1","false","false","5","human","1","0","bench-20260922-0-2-ply-5","false","dfb3735eacb50e36896762d1e626813015304f483567d39f4de6a03eba581999","959094dab86baed15cd119149be53e73827a16d4b5ef5b1319626f9b37cf34a4","","{""winningOptionsBefore"":[],""opponentThreatsBefore"":[],""allowedWinningReplies"":[],""immediateWinAvailable"":false,""tookImmediateWin"":false,""missedImmediateWin"":false,""safeAlternatives"":[3,2,4,1,5,0,6],""avoidableImmediateLoss"":false,""blockedThreat"":false,""playableThreatsAfter"":0,""unsupportedThreatsAfter"":0,""centerMove"":false,""legalCountBefore"":7,""openWindowsAfter"":{""self"":[48,6,1,0,0],""opponent"":[48,9,1,0,0]},""occupancyAfter"":0.11904761904761904}","1790054833834"
"bench-20260922-0-2","normal","benchmark-c4-policy-1.0.0-local","1","false","false","6","jev","4","1","bench-20260922-0-2-ply-6","false","959094dab86baed15cd119149be53e73827a16d4b5ef5b1319626f9b37cf34a4","5c817f478b774d39441d17aba0815ab73690ee8e0d5e246e057ae1a90de29a70","","{""winningOptionsBefore"":[],""opponentThreatsBefore"":[],""allowedWinningReplies"":[],""immediateWinAvailable"":false,""tookImmediateWin"":false,""missedImmediateWin"":false,""safeAlternatives"":[3,2,4,1,5,0,6],""avoidableImmediateLoss"":false,""blockedThreat"":false,""playableThreatsAfter"":0,""unsupportedThreatsAfter"":0,""centerMove"":false,""legalCountBefore"":7,""openWindowsAfter"":{""self"":[45,8,5,0,0],""opponent"":[45,5,1,0,0]},""occupancyAfter"":0.14285714285714285}","1790054833837"
"bench-20260922-0-2","normal","benchmark-c4-policy-1.0.0-local","1","false","false","7","human","4","2","bench-20260922-0-2-ply-7","false","5c817f478b774d39441d17aba0815ab73690ee8e0d5e246e057ae1a90de29a70","a876a66fde555862c2a2cb0d3eb8aca15bea27e74c237d4bc45e011d37e6e44c","","{""winningOptionsBefore"":[],""opponentThreatsBefore"":[],""allowedWinningReplies"":[],""immediateWinAvailable"":false,""tookImmediateWin"":false,""missedImmediateWin"":false,""safeAlternatives"":[3,2,4,1,5,0,6],""avoidableImmediateLoss"":false,""blockedThreat"":false,""playableThreatsAfter"":0,""unsupportedThreatsAfter"":0,""centerMove"":false,""legalCountBefore"":7,""openWindowsAfter"":{""self"":[39,10,2,0,0],""opponent"":[39,5,4,0,0]},""occupancyAfter"":0.16666666666666666}","1790054833839"
"bench-20260922-0-2","normal","benchmark-c4-policy-1.0.0-local","1","false","false","8","jev","1","1","bench-20260922-0-2-ply-8","false","a876a66fde555862c2a2cb0d3eb8aca15bea27e74c237d4bc45e011d37e6e44c","7064eb3fd9a2a6a67d3924d25afe1b3e3e3e77e3867fecbba46f926f4c037d7b","","{""winningOptionsBefore"":[],""opponentThreatsBefore"":[],""allowedWinningReplies"":[],""immediateWinAvailable"":false,""tookImmediateWin"":false,""missedImmediateWin"":false,""safeAlternatives"":[3,2,4,1,5,0,6],""avoidableImmediateLoss"":false,""blockedThreat"":false,""playableThreatsAfter"":0,""unsupportedThreatsAfter"":1,""centerMove"":false,""legalCountBefore"":7,""openWindowsAfter"":{""self"":[36,7,4,1,0],""opponent"":[36,9,2,0,0]},""occupancyAfter"":0.19047619047619047}","1790054833842"
"bench-20260922-0-2","normal","benchmark-c4-policy-1.0.0-local","1","false","false","9","human","0","0","bench-20260922-0-2-ply-9","false","7064eb3fd9a2a6a67d3924d25afe1b3e3e3e77e3867fecbba46f926f4c037d7b","cb0c3de1746f4192468351f39973cdfa449e41538918cc091896f819e4d49a46","","{""winningOptionsBefore"":[],""opponentThreatsBefore"":[],""allowedWinningReplies"":[],""immediateWinAvailable"":false,""tookImmediateWin"":false,""missedImmediateWin"":false,""safeAlternatives"":[3,4,1,5,0,6],""avoidableImmediateLoss"":false,""blockedThreat"":false,""playableThreatsAfter"":1,""unsupportedThreatsAfter"":0,""centerMove"":false,""legalCountBefore"":7,""openWindowsAfter"":{""self"":[35,10,1,1,0],""opponent"":[35,6,4,1,0]},""occupancyAfter"":0.21428571428571427}","1790054833844"
"bench-20260922-0-2","normal","benchmark-c4-policy-1.0.0-local","1","false","false","10","jev","2","0","bench-20260922-0-2-ply-10","false","cb0c3de1746f4192468351f39973cdfa449e41538918cc091896f819e4d49a46","47626048275b6596f45c31f57fe2ca9d470bdf41e270cae5732a3186be3236d7","","{""winningOptionsBefore"":[],""opponentThreatsBefore"":[2],""allowedWinningReplies"":[],""immediateWinAvailable"":false,""tookImmediateWin"":false,""missedImmediateWin"":false,""safeAlternatives"":[2],""avoidableImmediateLoss"":false,""blockedThreat"":true,""playableThreatsAfter"":1,""unsupportedThreatsAfter"":0,""centerMove"":false,""legalCountBefore"":7,""openWindowsAfter"":{""self"":[34,7,4,1,0],""opponent"":[34,10,1,0,0]},""occupancyAfter"":0.23809523809523808}","1790054833852"
"bench-20260922-0-2","normal","benchmark-c4-policy-1.0.0-local","1","false","false","11","human","3","2","bench-20260922-0-2-ply-11","false","47626048275b6596f45c31f57fe2ca9d470bdf41e270cae5732a3186be3236d7","1ee60042d3ac1d3bfec8d5aa6fce8c74cac5c1f70522dfaf5ec04a1c8dd9598a","","{""winningOptionsBefore"":[],""opponentThreatsBefore"":[2],""allowedWinningReplies"":[2],""immediateWinAvailable"":false,""tookImmediateWin"":false,""missedImmediateWin"":false,""safeAlternatives"":[2],""avoidableImmediateLoss"":true,""blockedThreat"":false,""playableThreatsAfter"":0,""unsupportedThreatsAfter"":0,""centerMove"":true,""legalCountBefore"":7,""openWindowsAfter"":{""self"":[29,11,5,0,0],""opponent"":[29,4,4,1,0]},""occupancyAfter"":0.2619047619047619}","1790054833856"
"bench-20260922-0-2","normal","benchmark-c4-policy-1.0.0-local","1","false","false","12","jev","2","1","bench-20260922-0-2-ply-12","false","1ee60042d3ac1d3bfec8d5aa6fce8c74cac5c1f70522dfaf5ec04a1c8dd9598a","b181de0b4e06e2918919128cda8c8c966421ec48333914109798a7a60145a629","","{""winningOptionsBefore"":[2],""opponentThreatsBefore"":[],""allowedWinningReplies"":[],""immediateWinAvailable"":true,""tookImmediateWin"":true,""missedImmediateWin"":false,""safeAlternatives"":[3,2,4,1,5,0,6],""avoidableImmediateLoss"":false,""blockedThreat"":false,""playableThreatsAfter"":1,""unsupportedThreatsAfter"":1,""centerMove"":false,""legalCountBefore"":7,""openWindowsAfter"":{""self"":[28,4,3,2,1],""opponent"":[28,9,4,0,0]},""occupancyAfter"":0.2857142857142857}","1790054833866"
"bench-20260922-1-1","normal","benchmark-c4-policy-1.0.0-local","2","false","false","1","jev","5","0","","true","ad8a81d14e5bf81950606f727698b1c2ff606f3e3dfa5704014475a3ce6be43a","527a52edb5ebfe15dbd5ebb2f6605f9fa13253525d93bd599b08576358915e2c","","{""winningOptionsBefore"":[],""opponentThreatsBefore"":[],""allowedWinningReplies"":[],""immediateWinAvailable"":false,""tookImmediateWin"":false,""missedImmediateWin"":false,""safeAlternatives"":[3,2,4,1,5,0,6],""avoidableImmediateLoss"":false,""blockedThreat"":false,""playableThreatsAfter"":0,""unsupportedThreatsAfter"":0,""centerMove"":false,""legalCountBefore"":7,""openWindowsAfter"":{""self"":[65,4,0,0,0],""opponent"":[65,0,0,0,0]},""occupancyAfter"":0.023809523809523808}","1790054833872"
"bench-20260922-1-1","normal","benchmark-c4-policy-1.0.0-local","2","false","false","2","human","3","0","bench-20260922-1-1-ply-2","false","527a52edb5ebfe15dbd5ebb2f6605f9fa13253525d93bd599b08576358915e2c","50b0aedd0211538fc300e689373d6378204df58a209a2779e200261d08d6a08a","","{""winningOptionsBefore"":[],""opponentThreatsBefore"":[],""allowedWinningReplies"":[],""immediateWinAvailable"":false,""tookImmediateWin"":false,""missedImmediateWin"":false,""safeAlternatives"":[3,2,4,1,5,0,6],""avoidableImmediateLoss"":false,""blockedThreat"":false,""playableThreatsAfter"":0,""unsupportedThreatsAfter"":0,""centerMove"":true,""legalCountBefore"":7,""openWindowsAfter"":{""self"":[60,5,0,0,0],""opponent"":[60,2,0,0,0]},""occupancyAfter"":0.047619047619047616}","1790054833876"
"bench-20260922-1-1","normal","benchmark-c4-policy-1.0.0-local","2","false","false","3","jev","3","1","bench-20260922-1-1-ply-3","false","50b0aedd0211538fc300e689373d6378204df58a209a2779e200261d08d6a08a","e134b4f4e859b85133ccec5c0e2bef9f2d063332f32b8a20190a4d705f807f4e","","{""winningOptionsBefore"":[],""opponentThreatsBefore"":[],""allowedWinningReplies"":[],""immediateWinAvailable"":false,""tookImmediateWin"":false,""missedImmediateWin"":false,""safeAlternatives"":[3,2,4,1,5,0,6],""avoidableImmediateLoss"":false,""blockedThreat"":false,""playableThreatsAfter"":0,""unsupportedThreatsAfter"":0,""centerMove"":true,""legalCountBefore"":7,""openWindowsAfter"":{""self"":[51,11,0,0,0],""opponent"":[51,4,0,0,0]},""occupancyAfter"":0.07142857142857142}","1790054833883"
"bench-20260922-1-1","normal","benchmark-c4-policy-1.0.0-local","2","false","false","4","human","3","2","bench-20260922-1-1-ply-4","false","e134b4f4e859b85133ccec5c0e2bef9f2d063332f32b8a20190a4d705f807f4e","c7362845f805910396ed27cf9f10985189a8eb08f690c8884c084792eea568a1","","{""winningOptionsBefore"":[],""opponentThreatsBefore"":[],""allowedWinningReplies"":[],""immediateWinAvailable"":false,""tookImmediateWin"":false,""missedImmediateWin"":false,""safeAlternatives"":[3,2,4,1,5,0,6],""avoidableImmediateLoss"":false,""blockedThreat"":false,""playableThreatsAfter"":0,""unsupportedThreatsAfter"":0,""centerMove"":true,""legalCountBefore"":7,""openWindowsAfter"":{""self"":[41,14,0,0,0],""opponent"":[41,9,0,0,0]},""occupancyAfter"":0.09523809523809523}","1790054833888"
"bench-20260922-1-1","normal","benchmark-c4-policy-1.0.0-local","2","false","false","5","jev","5","1","bench-20260922-1-1-ply-5","false","c7362845f805910396ed27cf9f10985189a8eb08f690c8884c084792eea568a1","b301c283a9a003f94ee8aad14e00a3d6e9cfd3e87ca84fd2ec12b295e760dd8f","","{""winningOptionsBefore"":[],""opponentThreatsBefore"":[],""allowedWinningReplies"":[],""immediateWinAvailable"":false,""tookImmediateWin"":false,""missedImmediateWin"":false,""safeAlternatives"":[3,2,4,1,5,0,6],""avoidableImmediateLoss"":false,""blockedThreat"":false,""playableThreatsAfter"":0,""unsupportedThreatsAfter"":0,""centerMove"":false,""legalCountBefore"":7,""openWindowsAfter"":{""self"":[38,9,3,0,0],""opponent"":[38,14,0,0,0]},""occupancyAfter"":0.11904761904761904}","1790054833892"
"bench-20260922-1-1","normal","benchmark-c4-policy-1.0.0-local","2","false","false","6","human","1","0","bench-20260922-1-1-ply-6","false","b301c283a9a003f94ee8aad14e00a3d6e9cfd3e87ca84fd2ec12b295e760dd8f","a244d2809cc03690fd5b72f0892de201b61a6198ceeab060405a6d8066b771fd","","{""winningOptionsBefore"":[],""opponentThreatsBefore"":[],""allowedWinningReplies"":[],""immediateWinAvailable"":false,""tookImmediateWin"":false,""missedImmediateWin"":false,""safeAlternatives"":[3,2,4,1,5,0,6],""avoidableImmediateLoss"":false,""blockedThreat"":false,""playableThreatsAfter"":0,""unsupportedThreatsAfter"":0,""centerMove"":false,""legalCountBefore"":7,""openWindowsAfter"":{""self"":[37,12,3,0,0],""opponent"":[37,9,3,0,0]},""occupancyAfter"":0.14285714285714285}","1790054833896"
"bench-20260922-1-1","normal","benchmark-c4-policy-1.0.0-local","2","false","false","7","jev","5","2","bench-20260922-1-1-ply-7","false","a244d2809cc03690fd5b72f0892de201b61a6198ceeab060405a6d8066b771fd","f70b5127fc3b5732e68c0ad9ebd2e149b5dc6f974711aba5038b88499d490dfc","","{""winningOptionsBefore"":[],""opponentThreatsBefore"":[],""allowedWinningReplies"":[],""immediateWinAvailable"":false,""tookImmediateWin"":false,""missedImmediateWin"":false,""safeAlternatives"":[3,2,4,1,5,0,6],""avoidableImmediateLoss"":false,""blockedThreat"":false,""playableThreatsAfter"":1,""unsupportedThreatsAfter"":0,""centerMove"":false,""legalCountBefore"":7,""openWindowsAfter"":{""self"":[34,11,3,1,0],""opponent"":[34,9,3,0,0]},""occupancyAfter"":0.16666666666666666}","1790054833902"
"bench-20260922-1-1","normal","benchmark-c4-policy-1.0.0-local","2","false","false","8","human","0","0","bench-20260922-1-1-ply-8","false","f70b5127fc3b5732e68c0ad9ebd2e149b5dc6f974711aba5038b88499d490dfc","87210b5e5a5f8b748ff3f609b176c814ee6842c74ad1e9740a08564330226934","","{""winningOptionsBefore"":[],""opponentThreatsBefore"":[5],""allowedWinningReplies"":[5],""immediateWinAvailable"":false,""tookImmediateWin"":false,""missedImmediateWin"":false,""safeAlternatives"":[5],""avoidableImmediateLoss"":true,""blockedThreat"":false,""playableThreatsAfter"":1,""unsupportedThreatsAfter"":0,""centerMove"":false,""legalCountBefore"":7,""openWindowsAfter"":{""self"":[32,11,2,1,0],""opponent"":[32,11,3,1,0]},""occupancyAfter"":0.19047619047619047}","1790054833903"
"bench-20260922-1-1","normal","benchmark-c4-policy-1.0.0-local","2","false","false","9","jev","5","3","bench-20260922-1-1-ply-9","false","87210b5e5a5f8b748ff3f609b176c814ee6842c74ad1e9740a08564330226934","51079ccc8d030254924789e5288bc027e81f0618e491dfbc03e6f8320fe326c3","","{""winningOptionsBefore"":[5],""opponentThreatsBefore"":[2],""allowedWinningReplies"":[],""immediateWinAvailable"":true,""tookImmediateWin"":true,""missedImmediateWin"":false,""safeAlternatives"":[2,5],""avoidableImmediateLoss"":false,""blockedThreat"":false,""playableThreatsAfter"":1,""unsupportedThreatsAfter"":0,""centerMove"":false,""legalCountBefore"":7,""openWindowsAfter"":{""self"":[29,11,5,1,1],""opponent"":[29,11,2,1,0]},""occupancyAfter"":0.21428571428571427}","1790054833908"
"bench-20260922-1-2","normal","benchmark-c4-policy-1.0.0-local","1","false","false","1","human","5","0","","true","ad8a81d14e5bf81950606f727698b1c2ff606f3e3dfa5704014475a3ce6be43a","527a52edb5ebfe15dbd5ebb2f6605f9fa13253525d93bd599b08576358915e2c","","{""winningOptionsBefore"":[],""opponentThreatsBefore"":[],""allowedWinningReplies"":[],""immediateWinAvailable"":false,""tookImmediateWin"":false,""missedImmediateWin"":false,""safeAlternatives"":[3,2,4,1,5,0,6],""avoidableImmediateLoss"":false,""blockedThreat"":false,""playableThreatsAfter"":0,""unsupportedThreatsAfter"":0,""centerMove"":false,""legalCountBefore"":7,""openWindowsAfter"":{""self"":[65,4,0,0,0],""opponent"":[65,0,0,0,0]},""occupancyAfter"":0.023809523809523808}","1790054833910"
"bench-20260922-1-2","normal","benchmark-c4-policy-1.0.0-local","1","false","false","2","jev","3","0","bench-20260922-1-2-ply-2","false","527a52edb5ebfe15dbd5ebb2f6605f9fa13253525d93bd599b08576358915e2c","50b0aedd0211538fc300e689373d6378204df58a209a2779e200261d08d6a08a","","{""winningOptionsBefore"":[],""opponentThreatsBefore"":[],""allowedWinningReplies"":[],""immediateWinAvailable"":false,""tookImmediateWin"":false,""missedImmediateWin"":false,""safeAlternatives"":[3,2,4,1,5,0,6],""avoidableImmediateLoss"":false,""blockedThreat"":false,""playableThreatsAfter"":0,""unsupportedThreatsAfter"":0,""centerMove"":true,""legalCountBefore"":7,""openWindowsAfter"":{""self"":[60,5,0,0,0],""opponent"":[60,2,0,0,0]},""occupancyAfter"":0.047619047619047616}","1790054833913"
"bench-20260922-1-2","normal","benchmark-c4-policy-1.0.0-local","1","false","false","3","human","3","1","bench-20260922-1-2-ply-3","false","50b0aedd0211538fc300e689373d6378204df58a209a2779e200261d08d6a08a","e134b4f4e859b85133ccec5c0e2bef9f2d063332f32b8a20190a4d705f807f4e","","{""winningOptionsBefore"":[],""opponentThreatsBefore"":[],""allowedWinningReplies"":[],""immediateWinAvailable"":false,""tookImmediateWin"":false,""missedImmediateWin"":false,""safeAlternatives"":[3,2,4,1,5,0,6],""avoidableImmediateLoss"":false,""blockedThreat"":false,""playableThreatsAfter"":0,""unsupportedThreatsAfter"":0,""centerMove"":true,""legalCountBefore"":7,""openWindowsAfter"":{""self"":[51,11,0,0,0],""opponent"":[51,4,0,0,0]},""occupancyAfter"":0.07142857142857142}","1790054833914"
"bench-20260922-1-2","normal","benchmark-c4-policy-1.0.0-local","1","false","false","4","jev","2","0","bench-20260922-1-2-ply-4","false","e134b4f4e859b85133ccec5c0e2bef9f2d063332f32b8a20190a4d705f807f4e","250900f3ad112ed0f5db54eeaf83dc9eba4b79a93a7457a916beca4af6cc2a48","","{""winningOptionsBefore"":[],""opponentThreatsBefore"":[],""allowedWinningReplies"":[],""immediateWinAvailable"":false,""tookImmediateWin"":false,""missedImmediateWin"":false,""safeAlternatives"":[3,2,4,1,5,0,6],""avoidableImmediateLoss"":false,""blockedThreat"":false,""playableThreatsAfter"":0,""unsupportedThreatsAfter"":0,""centerMove"":false,""legalCountBefore"":7,""openWindowsAfter"":{""self"":[50,3,2,0,0],""opponent"":[50,10,0,0,0]},""occupancyAfter"":0.09523809523809523}","1790054833918"
"bench-20260922-1-2","normal","benchmark-c4-policy-1.0.0-local","1","false","false","5","human","3","2","bench-20260922-1-2-ply-5","false","250900f3ad112ed0f5db54eeaf83dc9eba4b79a93a7457a916beca4af6cc2a48","7c88cbce21ea28443634e860dc06d3367db9f153527235203d2dd6f87858720d","","{""winningOptionsBefore"":[],""opponentThreatsBefore"":[],""allowedWinningReplies"":[],""immediateWinAvailable"":false,""tookImmediateWin"":false,""missedImmediateWin"":false,""safeAlternatives"":[3,2,4,1,5,0,6],""avoidableImmediateLoss"":false,""blockedThreat"":false,""playableThreatsAfter"":0,""unsupportedThreatsAfter"":0,""centerMove"":true,""legalCountBefore"":7,""openWindowsAfter"":{""self"":[40,18,2,0,0],""opponent"":[40,3,2,0,0]},""occupancyAfter"":0.11904761904761904}","1790054833919"
"bench-20260922-1-2","normal","benchmark-c4-policy-1.0.0-local","1","false","false","6","jev","1","0","bench-20260922-1-2-ply-6","false","7c88cbce21ea28443634e860dc06d3367db9f153527235203d2dd6f87858720d","f999eacfdfbe71f06b6f8df951821588f62d2aeedb5bd65881dff3accdd4af67","","{""winningOptionsBefore"":[],""opponentThreatsBefore"":[],""allowedWinningReplies"":[],""immediateWinAvailable"":false,""tookImmediateWin"":false,""missedImmediateWin"":false,""safeAlternatives"":[3,2,4,1,5,0,6],""avoidableImmediateLoss"":false,""blockedThreat"":false,""playableThreatsAfter"":2,""unsupportedThreatsAfter"":0,""centerMove"":false,""legalCountBefore"":7,""openWindowsAfter"":{""self"":[39,4,0,2,0],""opponent"":[39,17,2,0,0]},""occupancyAfter"":0.14285714285714285}","1790054833922"
"bench-20260922-1-2","normal","benchmark-c4-policy-1.0.0-local","1","false","false","7","human","1","1","bench-20260922-1-2-ply-7","false","f999eacfdfbe71f06b6f8df951821588f62d2aeedb5bd65881dff3accdd4af67","69f5e52f70045e26aad2d78f16806f47572e70b2136f76c1d9071a0ae512ae8e","","{""winningOptionsBefore"":[],""opponentThreatsBefore"":[4,0],""allowedWinningReplies"":[4,0],""immediateWinAvailable"":false,""tookImmediateWin"":false,""missedImmediateWin"":false,""safeAlternatives"":[],""avoidableImmediateLoss"":false,""blockedThreat"":false,""playableThreatsAfter"":0,""unsupportedThreatsAfter"":0,""centerMove"":false,""legalCountBefore"":7,""openWindowsAfter"":{""self"":[36,18,4,0,0],""opponent"":[36,3,0,2,0]},""occupancyAfter"":0.16666666666666666}","1790054833923"
"bench-20260922-1-2","normal","benchmark-c4-policy-1.0.0-local","1","false","false","8","jev","4","0","bench-20260922-1-2-ply-8","false","69f5e52f70045e26aad2d78f16806f47572e70b2136f76c1d9071a0ae512ae8e","be791c7b2d827125ac1545a4f0ceb37d6b2a344535d6bd525712f56f5fe9b858","","{""winningOptionsBefore"":[4,0],""opponentThreatsBefore"":[],""allowedWinningReplies"":[],""immediateWinAvailable"":true,""tookImmediateWin"":true,""missedImmediateWin"":false,""safeAlternatives"":[3,2,4,1,5,0,6],""avoidableImmediateLoss"":false,""blockedThreat"":false,""playableThreatsAfter"":1,""unsupportedThreatsAfter"":0,""centerMove"":false,""legalCountBefore"":7,""openWindowsAfter"":{""self"":[35,4,0,1,1],""opponent"":[35,17,4,0,0]},""occupancyAfter"":0.19047619047619047}","1790054833926"
"bench-20260922-2-1","normal","benchmark-c4-policy-1.0.0-local","2","false","false","1","jev","3","0","","true","ad8a81d14e5bf81950606f727698b1c2ff606f3e3dfa5704014475a3ce6be43a","5dc6d94d13ebdf020453ed5adff1525915f4e059815ff753f98f3e1919f34391","","{""winningOptionsBefore"":[],""opponentThreatsBefore"":[],""allowedWinningReplies"":[],""immediateWinAvailable"":false,""tookImmediateWin"":false,""missedImmediateWin"":false,""safeAlternatives"":[3,2,4,1,5,0,6],""avoidableImmediateLoss"":false,""blockedThreat"":false,""playableThreatsAfter"":0,""unsupportedThreatsAfter"":0,""centerMove"":true,""legalCountBefore"":7,""openWindowsAfter"":{""self"":[62,7,0,0,0],""opponent"":[62,0,0,0,0]},""occupancyAfter"":0.023809523809523808}","1790054833928"
"bench-20260922-2-1","normal","benchmark-c4-policy-1.0.0-local","2","false","false","2","human","0","0","","true","5dc6d94d13ebdf020453ed5adff1525915f4e059815ff753f98f3e1919f34391","0554507bfd90c00ad9e4d6b4059abc3d04db81fcc71f3c1900053f5c9c12516d","","{""winningOptionsBefore"":[],""opponentThreatsBefore"":[],""allowedWinningReplies"":[],""immediateWinAvailable"":false,""tookImmediateWin"":false,""missedImmediateWin"":false,""safeAlternatives"":[3,2,4,1,5,0,6],""avoidableImmediateLoss"":false,""blockedThreat"":false,""playableThreatsAfter"":0,""unsupportedThreatsAfter"":0,""centerMove"":false,""legalCountBefore"":7,""openWindowsAfter"":{""self"":[60,2,0,0,0],""opponent"":[60,6,0,0,0]},""occupancyAfter"":0.047619047619047616}","1790054833930"
"bench-20260922-2-1","normal","benchmark-c4-policy-1.0.0-local","2","false","false","3","jev","4","0","bench-20260922-2-1-ply-3","false","0554507bfd90c00ad9e4d6b4059abc3d04db81fcc71f3c1900053f5c9c12516d","e92c8b26f88054e3a131936e8b96cd268785a44d3a6386387f63e2fd20e1f149","","{""winningOptionsBefore"":[],""opponentThreatsBefore"":[],""allowedWinningReplies"":[],""immediateWinAvailable"":false,""tookImmediateWin"":false,""missedImmediateWin"":false,""safeAlternatives"":[3,2,4,1,5,0,6],""avoidableImmediateLoss"":false,""blockedThreat"":false,""playableThreatsAfter"":0,""unsupportedThreatsAfter"":0,""centerMove"":false,""legalCountBefore"":7,""openWindowsAfter"":{""self"":[58,5,3,0,0],""opponent"":[58,2,0,0,0]},""occupancyAfter"":0.07142857142857142}","1790054833933"
"bench-20260922-2-1","normal","benchmark-c4-policy-1.0.0-local","2","false","false","4","human","2","0","bench-20260922-2-1-ply-4","false","e92c8b26f88054e3a131936e8b96cd268785a44d3a6386387f63e2fd20e1f149","f8b6c2c665d790ec3a5c742556e5bac667ba54115ade721acf72dd45e47d88b3","","{""winningOptionsBefore"":[],""opponentThreatsBefore"":[],""allowedWinningReplies"":[],""immediateWinAvailable"":false,""tookImmediateWin"":false,""missedImmediateWin"":false,""safeAlternatives"":[3,2,4,1,5,0,6],""avoidableImmediateLoss"":false,""blockedThreat"":false,""playableThreatsAfter"":0,""unsupportedThreatsAfter"":0,""centerMove"":false,""legalCountBefore"":7,""openWindowsAfter"":{""self"":[56,4,0,0,0],""opponent"":[56,5,1,0,0]},""occupancyAfter"":0.09523809523809523}","1790054833933"
"bench-20260922-2-1","normal","benchmark-c4-policy-1.0.0-local","2","false","false","5","jev","5","0","bench-20260922-2-1-ply-5","false","f8b6c2c665d790ec3a5c742556e5bac667ba54115ade721acf72dd45e47d88b3","b37c969fa1cdfd1e591b41d0ad6746a3e7a17bee36e74325fe741c345012a69d","","{""winningOptionsBefore"":[],""opponentThreatsBefore"":[],""allowedWinningReplies"":[],""immediateWinAvailable"":false,""tookImmediateWin"":false,""missedImmediateWin"":false,""safeAlternatives"":[3,2,4,1,5,0,6],""avoidableImmediateLoss"":false,""blockedThreat"":false,""playableThreatsAfter"":1,""unsupportedThreatsAfter"":0,""centerMove"":false,""legalCountBefore"":7,""openWindowsAfter"":{""self"":[54,7,0,1,0],""opponent"":[54,4,0,0,0]},""occupancyAfter"":0.11904761904761904}","1790054833936"
"bench-20260922-2-1","normal","benchmark-c4-policy-1.0.0-local","2","false","false","6","human","1","0","bench-20260922-2-1-ply-6","false","b37c969fa1cdfd1e591b41d0ad6746a3e7a17bee36e74325fe741c345012a69d","b19f47ebfae00fa2573d7fe089cc0fd1a6993907868b4db7a55904bd29b03952","","{""winningOptionsBefore"":[],""opponentThreatsBefore"":[6],""allowedWinningReplies"":[6],""immediateWinAvailable"":false,""tookImmediateWin"":false,""missedImmediateWin"":false,""safeAlternatives"":[6],""avoidableImmediateLoss"":true,""blockedThreat"":false,""playableThreatsAfter"":0,""unsupportedThreatsAfter"":0,""centerMove"":false,""legalCountBefore"":7,""openWindowsAfter"":{""self"":[52,6,0,0,0],""opponent"":[52,7,0,1,0]},""occupancyAfter"":0.14285714285714285}","1790054833938"
"bench-20260922-2-1","normal","benchmark-c4-policy-1.0.0-local","2","false","false","7","jev","6","0","bench-20260922-2-1-ply-7","false","b19f47ebfae00fa2573d7fe089cc0fd1a6993907868b4db7a55904bd29b03952","d37d149f9ffb696eef5a602dd6ba5f269b50e8cc71e6bd19dc1e1bb467fb55e8","","{""winningOptionsBefore"":[6],""opponentThreatsBefore"":[],""allowedWinningReplies"":[],""immediateWinAvailable"":true,""tookImmediateWin"":true,""missedImmediateWin"":false,""safeAlternatives"":[3,2,4,1,5,0,6],""avoidableImmediateLoss"":false,""blockedThreat"":false,""playableThreatsAfter"":0,""unsupportedThreatsAfter"":0,""centerMove"":false,""legalCountBefore"":7,""openWindowsAfter"":{""self"":[50,9,0,0,1],""opponent"":[50,6,0,0,0]},""occupancyAfter"":0.16666666666666666}","1790054833941"
"bench-20260922-2-2","normal","benchmark-c4-policy-1.0.0-local","1","false","false","1","human","3","0","","true","ad8a81d14e5bf81950606f727698b1c2ff606f3e3dfa5704014475a3ce6be43a","5dc6d94d13ebdf020453ed5adff1525915f4e059815ff753f98f3e1919f34391","","{""winningOptionsBefore"":[],""opponentThreatsBefore"":[],""allowedWinningReplies"":[],""immediateWinAvailable"":false,""tookImmediateWin"":false,""missedImmediateWin"":false,""safeAlternatives"":[3,2,4,1,5,0,6],""avoidableImmediateLoss"":false,""blockedThreat"":false,""playableThreatsAfter"":0,""unsupportedThreatsAfter"":0,""centerMove"":true,""legalCountBefore"":7,""openWindowsAfter"":{""self"":[62,7,0,0,0],""opponent"":[62,0,0,0,0]},""occupancyAfter"":0.023809523809523808}","1790054833943"
"bench-20260922-2-2","normal","benchmark-c4-policy-1.0.0-local","1","false","false","2","jev","0","0","","true","5dc6d94d13ebdf020453ed5adff1525915f4e059815ff753f98f3e1919f34391","0554507bfd90c00ad9e4d6b4059abc3d04db81fcc71f3c1900053f5c9c12516d","","{""winningOptionsBefore"":[],""opponentThreatsBefore"":[],""allowedWinningReplies"":[],""immediateWinAvailable"":false,""tookImmediateWin"":false,""missedImmediateWin"":false,""safeAlternatives"":[3,2,4,1,5,0,6],""avoidableImmediateLoss"":false,""blockedThreat"":false,""playableThreatsAfter"":0,""unsupportedThreatsAfter"":0,""centerMove"":false,""legalCountBefore"":7,""openWindowsAfter"":{""self"":[60,2,0,0,0],""opponent"":[60,6,0,0,0]},""occupancyAfter"":0.047619047619047616}","1790054833944"
"bench-20260922-2-2","normal","benchmark-c4-policy-1.0.0-local","1","false","false","3","human","2","0","bench-20260922-2-2-ply-3","false","0554507bfd90c00ad9e4d6b4059abc3d04db81fcc71f3c1900053f5c9c12516d","ba6418b81887785ab2cb73404ab3bde76a4617ffea6fa936211ee659dd509adf","","{""winningOptionsBefore"":[],""opponentThreatsBefore"":[],""allowedWinningReplies"":[],""immediateWinAvailable"":false,""tookImmediateWin"":false,""missedImmediateWin"":false,""safeAlternatives"":[3,2,4,1,5,0,6],""avoidableImmediateLoss"":false,""blockedThreat"":false,""playableThreatsAfter"":0,""unsupportedThreatsAfter"":0,""centerMove"":false,""legalCountBefore"":7,""openWindowsAfter"":{""self"":[58,6,2,0,0],""opponent"":[58,2,0,0,0]},""occupancyAfter"":0.07142857142857142}","1790054833945"
"bench-20260922-2-2","normal","benchmark-c4-policy-1.0.0-local","1","false","false","4","jev","4","0","bench-20260922-2-2-ply-4","false","ba6418b81887785ab2cb73404ab3bde76a4617ffea6fa936211ee659dd509adf","4ec7d1409767a2fd3c19ba50259cc79f9d048a609256fda9c228ee7dd1462982","","{""winningOptionsBefore"":[],""opponentThreatsBefore"":[],""allowedWinningReplies"":[],""immediateWinAvailable"":false,""tookImmediateWin"":false,""missedImmediateWin"":false,""safeAlternatives"":[3,2,4,1,5,0,6],""avoidableImmediateLoss"":false,""blockedThreat"":false,""playableThreatsAfter"":0,""unsupportedThreatsAfter"":0,""centerMove"":false,""legalCountBefore"":7,""openWindowsAfter"":{""self"":[56,4,0,0,0],""opponent"":[56,5,0,0,0]},""occupancyAfter"":0.09523809523809523}","1790054833948"
"bench-20260922-2-2","normal","benchmark-c4-policy-1.0.0-local","1","false","false","5","human","1","0","bench-20260922-2-2-ply-5","false","4ec7d1409767a2fd3c19ba50259cc79f9d048a609256fda9c228ee7dd1462982","d631e5e63f9753ca23e063d907bf6831ec3619e50fbafc9000a711f5a5fcd14b","","{""winningOptionsBefore"":[],""opponentThreatsBefore"":[],""allowedWinningReplies"":[],""immediateWinAvailable"":false,""tookImmediateWin"":false,""missedImmediateWin"":false,""safeAlternatives"":[3,2,4,1,5,0,6],""avoidableImmediateLoss"":false,""blockedThreat"":false,""playableThreatsAfter"":0,""unsupportedThreatsAfter"":0,""centerMove"":false,""legalCountBefore"":7,""openWindowsAfter"":{""self"":[54,7,0,0,0],""opponent"":[54,4,0,0,0]},""occupancyAfter"":0.11904761904761904}","1790054833949"
"bench-20260922-2-2","normal","benchmark-c4-policy-1.0.0-local","1","false","false","6","jev","3","1","bench-20260922-2-2-ply-6","false","d631e5e63f9753ca23e063d907bf6831ec3619e50fbafc9000a711f5a5fcd14b","d61a4cd563eacef54913b104e5f6f3b594c27890e365892ddbc0aabc2efb782f","","{""winningOptionsBefore"":[],""opponentThreatsBefore"":[],""allowedWinningReplies"":[],""immediateWinAvailable"":false,""tookImmediateWin"":false,""missedImmediateWin"":false,""safeAlternatives"":[3,2,4,1,5,0,6],""avoidableImmediateLoss"":false,""blockedThreat"":false,""playableThreatsAfter"":0,""unsupportedThreatsAfter"":0,""centerMove"":true,""legalCountBefore"":7,""openWindowsAfter"":{""self"":[47,10,1,0,0],""opponent"":[47,5,0,0,0]},""occupancyAfter"":0.14285714285714285}","1790054833951"
"bench-20260922-2-2","normal","benchmark-c4-policy-1.0.0-local","1","false","false","7","human","5","0","bench-20260922-2-2-ply-7","false","d61a4cd563eacef54913b104e5f6f3b594c27890e365892ddbc0aabc2efb782f","a75bc96fbd8993fa4a0ae4d60c54b80d9f546efd1fab485664b0ea8b38bff992","","{""winningOptionsBefore"":[],""opponentThreatsBefore"":[],""allowedWinningReplies"":[],""immediateWinAvailable"":false,""tookImmediateWin"":false,""missedImmediateWin"":false,""safeAlternatives"":[3,2,4,1,5,0,6],""avoidableImmediateLoss"":false,""blockedThreat"":false,""playableThreatsAfter"":0,""unsupportedThreatsAfter"":0,""centerMove"":false,""legalCountBefore"":7,""openWindowsAfter"":{""self"":[45,7,0,0,0],""opponent"":[45,10,1,0,0]},""occupancyAfter"":0.16666666666666666}","1790054833952"
"bench-20260922-2-2","normal","benchmark-c4-policy-1.0.0-local","1","false","false","8","jev","4","1","bench-20260922-2-2-ply-8","false","a75bc96fbd8993fa4a0ae4d60c54b80d9f546efd1fab485664b0ea8b38bff992","e4c166a3b458be588feef42186c7ebf53c316bc45067d14735d1edb0d63b71df","","{""winningOptionsBefore"":[],""opponentThreatsBefore"":[],""allowedWinningReplies"":[],""immediateWinAvailable"":false,""tookImmediateWin"":false,""missedImmediateWin"":false,""safeAlternatives"":[3,2,4,1,5,0,6],""avoidableImmediateLoss"":false,""blockedThreat"":false,""playableThreatsAfter"":0,""unsupportedThreatsAfter"":0,""centerMove"":false,""legalCountBefore"":7,""openWindowsAfter"":{""self"":[43,8,5,0,0],""opponent"":[43,5,0,0,0]},""occupancyAfter"":0.19047619047619047}","1790054833954"
"bench-20260922-2-2","normal","benchmark-c4-policy-1.0.0-local","1","false","false","9","human","2","1","bench-20260922-2-2-ply-9","false","e4c166a3b458be588feef42186c7ebf53c316bc45067d14735d1edb0d63b71df","b4f14693f8ef187599e3b902ca3c371986d0446c8633464e209f21ba73cfb585","","{""winningOptionsBefore"":[],""opponentThreatsBefore"":[],""allowedWinningReplies"":[],""immediateWinAvailable"":false,""tookImmediateWin"":false,""missedImmediateWin"":false,""safeAlternatives"":[3,2,4,1,5,0,6],""avoidableImmediateLoss"":false,""blockedThreat"":false,""playableThreatsAfter"":0,""unsupportedThreatsAfter"":0,""centerMove"":false,""legalCountBefore"":7,""openWindowsAfter"":{""self"":[41,4,3,0,0],""opponent"":[41,7,3,0,0]},""occupancyAfter"":0.21428571428571427}","1790054833955"
"bench-20260922-2-2","normal","benchmark-c4-policy-1.0.0-local","1","false","false","10","jev","4","2","bench-20260922-2-2-ply-10","false","b4f14693f8ef187599e3b902ca3c371986d0446c8633464e209f21ba73cfb585","dca75ff9ece9fb5d8524647e72f9eb97d52acb54a4bd6691e0b2e49e0a6a62db","","{""winningOptionsBefore"":[],""opponentThreatsBefore"":[],""allowedWinningReplies"":[],""immediateWinAvailable"":false,""tookImmediateWin"":false,""missedImmediateWin"":false,""safeAlternatives"":[3,2,4,1,5,0,6],""avoidableImmediateLoss"":false,""blockedThreat"":false,""playableThreatsAfter"":1,""unsupportedThreatsAfter"":0,""centerMove"":false,""legalCountBefore"":7,""openWindowsAfter"":{""self"":[34,12,4,1,0],""opponent"":[34,4,3,0,0]},""occupancyAfter"":0.23809523809523808}","1790054833957"
"bench-20260922-2-2","normal","benchmark-c4-policy-1.0.0-local","1","false","false","11","human","4","3","bench-20260922-2-2-ply-11","false","dca75ff9ece9fb5d8524647e72f9eb97d52acb54a4bd6691e0b2e49e0a6a62db","0b44eb3165cca0306d811963f1990d43abb6a7e5e92a9963f45e8b78b56ca1d8","","{""winningOptionsBefore"":[],""opponentThreatsBefore"":[4],""allowedWinningReplies"":[],""immediateWinAvailable"":false,""tookImmediateWin"":false,""missedImmediateWin"":false,""safeAlternatives"":[4],""avoidableImmediateLoss"":false,""blockedThreat"":true,""playableThreatsAfter"":1,""unsupportedThreatsAfter"":0,""centerMove"":false,""legalCountBefore"":7,""openWindowsAfter"":{""self"":[28,9,3,1,0],""opponent"":[28,11,3,0,0]},""occupancyAfter"":0.2619047619047619}","1790054833958"
"bench-20260922-2-2","normal","benchmark-c4-policy-1.0.0-local","1","false","false","12","jev","3","2","bench-20260922-2-2-ply-12","false","0b44eb3165cca0306d811963f1990d43abb6a7e5e92a9963f45e8b78b56ca1d8","0f021bcfffdf673ea28ed91d54a8f4b3e45904ed1c49e5c1e0b7f95d1e3b74f2","","{""winningOptionsBefore"":[],""opponentThreatsBefore"":[3],""allowedWinningReplies"":[],""immediateWinAvailable"":false,""tookImmediateWin"":false,""missedImmediateWin"":false,""safeAlternatives"":[3],""avoidableImmediateLoss"":false,""blockedThreat"":true,""playableThreatsAfter"":0,""unsupportedThreatsAfter"":0,""centerMove"":true,""legalCountBefore"":7,""openWindowsAfter"":{""self"":[25,9,8,0,0],""opponent"":[25,8,2,0,0]},""occupancyAfter"":0.2857142857142857}","1790054833961"
"bench-20260922-2-2","normal","benchmark-c4-policy-1.0.0-local","1","false","false","13","human","6","0","bench-20260922-2-2-ply-13","false","0f021bcfffdf673ea28ed91d54a8f4b3e45904ed1c49e5c1e0b7f95d1e3b74f2","9e044055bc1abb3152e850c59387464e05d86f88a75c5a65a2467b1efe9da2a3","","{""winningOptionsBefore"":[],""opponentThreatsBefore"":[],""allowedWinningReplies"":[],""immediateWinAvailable"":false,""tookImmediateWin"":false,""missedImmediateWin"":false,""safeAlternatives"":[3,2,4,1,5,0,6],""avoidableImmediateLoss"":false,""blockedThreat"":false,""playableThreatsAfter"":0,""unsupportedThreatsAfter"":0,""centerMove"":false,""legalCountBefore"":7,""openWindowsAfter"":{""self"":[24,9,2,0,0],""opponent"":[24,8,8,0,0]},""occupancyAfter"":0.30952380952380953}","1790054833962"
"bench-20260922-2-2","normal","benchmark-c4-policy-1.0.0-local","1","false","false","14","jev","2","2","bench-20260922-2-2-ply-14","false","9e044055bc1abb3152e850c59387464e05d86f88a75c5a65a2467b1efe9da2a3","e84278a18a470c21e67dcdcfaa2368383b03909a228b57561e25b442590c707c","","{""winningOptionsBefore"":[],""opponentThreatsBefore"":[],""allowedWinningReplies"":[],""immediateWinAvailable"":false,""tookImmediateWin"":false,""missedImmediateWin"":false,""safeAlternatives"":[3,2,4,1,5,0,6],""avoidableImmediateLoss"":false,""blockedThreat"":false,""playableThreatsAfter"":0,""unsupportedThreatsAfter"":3,""centerMove"":false,""legalCountBefore"":7,""openWindowsAfter"":{""self"":[21,8,8,3,0],""opponent"":[21,8,1,0,0]},""occupancyAfter"":0.3333333333333333}","1790054833964"
"bench-20260922-2-2","normal","benchmark-c4-policy-1.0.0-local","1","false","false","15","human","1","1","bench-20260922-2-2-ply-15","false","e84278a18a470c21e67dcdcfaa2368383b03909a228b57561e25b442590c707c","c6100d6ceadd11d6af71808ab786a0a154106c882277b8cebc616fef25ec298f","","{""winningOptionsBefore"":[],""opponentThreatsBefore"":[],""allowedWinningReplies"":[1],""immediateWinAvailable"":false,""tookImmediateWin"":false,""missedImmediateWin"":false,""safeAlternatives"":[3,2,4,0,6],""avoidableImmediateLoss"":true,""blockedThreat"":false,""playableThreatsAfter"":0,""unsupportedThreatsAfter"":0,""centerMove"":false,""legalCountBefore"":7,""openWindowsAfter"":{""self"":[20,8,2,0,0],""opponent"":[20,7,7,3,0]},""occupancyAfter"":0.35714285714285715}","1790054833965"
"bench-20260922-2-2","normal","benchmark-c4-policy-1.0.0-local","1","false","false","16","jev","1","2","bench-20260922-2-2-ply-16","false","c6100d6ceadd11d6af71808ab786a0a154106c882277b8cebc616fef25ec298f","d98e32b52d717e2116fb699952f69ca883cfc3b8be2f12ce7828d8adaea86e55","","{""winningOptionsBefore"":[1],""opponentThreatsBefore"":[],""allowedWinningReplies"":[],""immediateWinAvailable"":true,""tookImmediateWin"":true,""missedImmediateWin"":false,""safeAlternatives"":[3,2,4,1,5,0,6],""avoidableImmediateLoss"":false,""blockedThreat"":false,""playableThreatsAfter"":1,""unsupportedThreatsAfter"":2,""centerMove"":false,""legalCountBefore"":7,""openWindowsAfter"":{""self"":[17,10,6,3,1],""opponent"":[17,7,0,0,0]},""occupancyAfter"":0.38095238095238093}","1790054833969"
"bench-20260922-3-1","normal","benchmark-c4-policy-1.0.0-local","2","false","false","1","jev","1","0","","true","ad8a81d14e5bf81950606f727698b1c2ff606f3e3dfa5704014475a3ce6be43a","28a034a5c0a245d789ffbb42ec3b4a2bfa3407a3ce9c5dbfd991f4e43d7eb94c","","{""winningOptionsBefore"":[],""opponentThreatsBefore"":[],""allowedWinningReplies"":[],""immediateWinAvailable"":false,""tookImmediateWin"":false,""missedImmediateWin"":false,""safeAlternatives"":[3,2,4,1,5,0,6],""avoidableImmediateLoss"":false,""blockedThreat"":false,""playableThreatsAfter"":0,""unsupportedThreatsAfter"":0,""centerMove"":false,""legalCountBefore"":7,""openWindowsAfter"":{""self"":[65,4,0,0,0],""opponent"":[65,0,0,0,0]},""occupancyAfter"":0.023809523809523808}","1790054833970"
"bench-20260922-3-1","normal","benchmark-c4-policy-1.0.0-local","2","false","false","2","human","5","0","","true","28a034a5c0a245d789ffbb42ec3b4a2bfa3407a3ce9c5dbfd991f4e43d7eb94c","739b201564345b4f2fc86439369a6a95a9196306d5bb13c2675340ee1ca1c843","","{""winningOptionsBefore"":[],""opponentThreatsBefore"":[],""allowedWinningReplies"":[],""immediateWinAvailable"":false,""tookImmediateWin"":false,""missedImmediateWin"":false,""safeAlternatives"":[3,2,4,1,5,0,6],""avoidableImmediateLoss"":false,""blockedThreat"":false,""playableThreatsAfter"":0,""unsupportedThreatsAfter"":0,""centerMove"":false,""legalCountBefore"":7,""openWindowsAfter"":{""self"":[61,4,0,0,0],""opponent"":[61,4,0,0,0]},""occupancyAfter"":0.047619047619047616}","1790054833972"
"bench-20260922-3-1","normal","benchmark-c4-policy-1.0.0-local","2","false","false","3","jev","3","0","","true","739b201564345b4f2fc86439369a6a95a9196306d5bb13c2675340ee1ca1c843","e58c718f0202b888222dbc9c2c3c7b1205d18fb3e491a3ff87e5a340e2e36439","","{""winningOptionsBefore"":[],""opponentThreatsBefore"":[],""allowedWinningReplies"":[],""immediateWinAvailable"":false,""tookImmediateWin"":false,""missedImmediateWin"":false,""safeAlternatives"":[3,2,4,1,5,0,6],""avoidableImmediateLoss"":false,""blockedThreat"":false,""playableThreatsAfter"":0,""unsupportedThreatsAfter"":0,""centerMove"":true,""legalCountBefore"":7,""openWindowsAfter"":{""self"":[58,5,2,0,0],""opponent"":[58,2,0,0,0]},""occupancyAfter"":0.07142857142857142}","1790054833972"
"bench-20260922-3-1","normal","benchmark-c4-policy-1.0.0-local","2","false","false","4","human","2","0","bench-20260922-3-1-ply-4","false","e58c718f0202b888222dbc9c2c3c7b1205d18fb3e491a3ff87e5a340e2e36439","15f81cc9d2ed265e13409706dfcce2ba6e5bc42d529a0893ce222e6128be9e6a","","{""winningOptionsBefore"":[],""opponentThreatsBefore"":[],""allowedWinningReplies"":[],""immediateWinAvailable"":false,""tookImmediateWin"":false,""missedImmediateWin"":false,""safeAlternatives"":[3,2,4,1,5,0,6],""avoidableImmediateLoss"":false,""blockedThreat"":false,""playableThreatsAfter"":0,""unsupportedThreatsAfter"":0,""centerMove"":false,""legalCountBefore"":7,""openWindowsAfter"":{""self"":[56,4,0,0,0],""opponent"":[56,5,0,0,0]},""occupancyAfter"":0.09523809523809523}","1790054833973"
"bench-20260922-3-1","normal","benchmark-c4-policy-1.0.0-local","2","false","false","5","jev","3","1","bench-20260922-3-1-ply-5","false","15f81cc9d2ed265e13409706dfcce2ba6e5bc42d529a0893ce222e6128be9e6a","34687651b0d61c3c6936fe753f40dd057398c3db5120d4eebf3b4d0a605ed3c1","","{""winningOptionsBefore"":[],""opponentThreatsBefore"":[],""allowedWinningReplies"":[],""immediateWinAvailable"":false,""tookImmediateWin"":false,""missedImmediateWin"":false,""safeAlternatives"":[3,2,4,1,5,0,6],""avoidableImmediateLoss"":false,""blockedThreat"":false,""playableThreatsAfter"":0,""unsupportedThreatsAfter"":0,""centerMove"":true,""legalCountBefore"":7,""openWindowsAfter"":{""self"":[48,12,1,0,0],""opponent"":[48,3,0,0,0]},""occupancyAfter"":0.11904761904761904}","1790054833979"
"bench-20260922-3-1","normal","benchmark-c4-policy-1.0.0-local","2","false","false","6","human","2","1","bench-20260922-3-1-ply-6","false","34687651b0d61c3c6936fe753f40dd057398c3db5120d4eebf3b4d0a605ed3c1","e91e298cfbdcb4ab2b37981a248e883e16ef73851d6a003a54f5339371a7c5d5","","{""winningOptionsBefore"":[],""opponentThreatsBefore"":[],""allowedWinningReplies"":[],""immediateWinAvailable"":false,""tookImmediateWin"":false,""missedImmediateWin"":false,""safeAlternatives"":[3,2,4,1,5,0,6],""avoidableImmediateLoss"":false,""blockedThreat"":false,""playableThreatsAfter"":0,""unsupportedThreatsAfter"":0,""centerMove"":false,""legalCountBefore"":7,""openWindowsAfter"":{""self"":[46,4,1,0,0],""opponent"":[46,7,1,0,0]},""occupancyAfter"":0.14285714285714285}","1790054833980"
"bench-20260922-3-1","normal","benchmark-c4-policy-1.0.0-local","2","false","false","7","jev","3","2","bench-20260922-3-1-ply-7","false","e91e298cfbdcb4ab2b37981a248e883e16ef73851d6a003a54f5339371a7c5d5","9f5711eefdd6340a23590608488a0702840c244223ae423d552734a39ef36c8b","","{""winningOptionsBefore"":[],""opponentThreatsBefore"":[],""allowedWinningReplies"":[],""immediateWinAvailable"":false,""tookImmediateWin"":false,""missedImmediateWin"":false,""safeAlternatives"":[3,2,4,1,5,0,6],""avoidableImmediateLoss"":false,""blockedThreat"":false,""playableThreatsAfter"":1,""unsupportedThreatsAfter"":0,""centerMove"":true,""legalCountBefore"":7,""openWindowsAfter"":{""self"":[38,14,1,1,0],""opponent"":[38,2,1,0,0]},""occupancyAfter"":0.16666666666666666}","1790054833985"
"bench-20260922-3-1","normal","benchmark-c4-policy-1.0.0-local","2","false","false","8","human","1","1","bench-20260922-3-1-ply-8","false","9f5711eefdd6340a23590608488a0702840c244223ae423d552734a39ef36c8b","ca0d07985f80c937622565af2bc49cd27c6eae9c5b39ea8370c21478a3f72aa2","","{""winningOptionsBefore"":[],""opponentThreatsBefore"":[3],""allowedWinningReplies"":[3],""immediateWinAvailable"":false,""tookImmediateWin"":false,""missedImmediateWin"":false,""safeAlternatives"":[3],""avoidableImmediateLoss"":true,""blockedThreat"":false,""playableThreatsAfter"":0,""unsupportedThreatsAfter"":0,""centerMove"":false,""legalCountBefore"":7,""openWindowsAfter"":{""self"":[35,5,1,0,0],""opponent"":[35,13,1,1,0]},""occupancyAfter"":0.19047619047619047}","1790054833986"
"bench-20260922-3-1","normal","benchmark-c4-policy-1.0.0-local","2","false","false","9","jev","3","3","bench-20260922-3-1-ply-9","false","ca0d07985f80c937622565af2bc49cd27c6eae9c5b39ea8370c21478a3f72aa2","45b85b1709bb1d22795d7c2e3703cbbc3134ce18f3273e028ab35de6dafe0478","","{""winningOptionsBefore"":[3],""opponentThreatsBefore"":[],""allowedWinningReplies"":[],""immediateWinAvailable"":true,""tookImmediateWin"":true,""missedImmediateWin"":false,""safeAlternatives"":[3,2,4,1,5,0,6],""avoidableImmediateLoss"":false,""blockedThreat"":false,""playableThreatsAfter"":1,""unsupportedThreatsAfter"":0,""centerMove"":true,""legalCountBefore"":7,""openWindowsAfter"":{""self"":[27,20,1,1,1],""opponent"":[27,3,1,0,0]},""occupancyAfter"":0.21428571428571427}","1790054833988"
"bench-20260922-3-2","normal","benchmark-c4-policy-1.0.0-local","1","false","false","1","human","1","0","","true","ad8a81d14e5bf81950606f727698b1c2ff606f3e3dfa5704014475a3ce6be43a","28a034a5c0a245d789ffbb42ec3b4a2bfa3407a3ce9c5dbfd991f4e43d7eb94c","","{""winningOptionsBefore"":[],""opponentThreatsBefore"":[],""allowedWinningReplies"":[],""immediateWinAvailable"":false,""tookImmediateWin"":false,""missedImmediateWin"":false,""safeAlternatives"":[3,2,4,1,5,0,6],""avoidableImmediateLoss"":false,""blockedThreat"":false,""playableThreatsAfter"":0,""unsupportedThreatsAfter"":0,""centerMove"":false,""legalCountBefore"":7,""openWindowsAfter"":{""self"":[65,4,0,0,0],""opponent"":[65,0,0,0,0]},""occupancyAfter"":0.023809523809523808}","1790054833990"
"bench-20260922-3-2","normal","benchmark-c4-policy-1.0.0-local","1","false","false","2","jev","5","0","","true","28a034a5c0a245d789ffbb42ec3b4a2bfa3407a3ce9c5dbfd991f4e43d7eb94c","739b201564345b4f2fc86439369a6a95a9196306d5bb13c2675340ee1ca1c843","","{""winningOptionsBefore"":[],""opponentThreatsBefore"":[],""allowedWinningReplies"":[],""immediateWinAvailable"":false,""tookImmediateWin"":false,""missedImmediateWin"":false,""safeAlternatives"":[3,2,4,1,5,0,6],""avoidableImmediateLoss"":false,""blockedThreat"":false,""playableThreatsAfter"":0,""unsupportedThreatsAfter"":0,""centerMove"":false,""legalCountBefore"":7,""openWindowsAfter"":{""self"":[61,4,0,0,0],""opponent"":[61,4,0,0,0]},""occupancyAfter"":0.047619047619047616}","1790054833992"
"bench-20260922-3-2","normal","benchmark-c4-policy-1.0.0-local","1","false","false","3","human","3","0","","true","739b201564345b4f2fc86439369a6a95a9196306d5bb13c2675340ee1ca1c843","e58c718f0202b888222dbc9c2c3c7b1205d18fb3e491a3ff87e5a340e2e36439","","{""winningOptionsBefore"":[],""opponentThreatsBefore"":[],""allowedWinningReplies"":[],""immediateWinAvailable"":false,""tookImmediateWin"":false,""missedImmediateWin"":false,""safeAlternatives"":[3,2,4,1,5,0,6],""avoidableImmediateLoss"":false,""blockedThreat"":false,""playableThreatsAfter"":0,""unsupportedThreatsAfter"":0,""centerMove"":true,""legalCountBefore"":7,""openWindowsAfter"":{""self"":[58,5,2,0,0],""opponent"":[58,2,0,0,0]},""occupancyAfter"":0.07142857142857142}","1790054833994"
"bench-20260922-3-2","normal","benchmark-c4-policy-1.0.0-local","1","false","false","4","jev","2","0","bench-20260922-3-2-ply-4","false","e58c718f0202b888222dbc9c2c3c7b1205d18fb3e491a3ff87e5a340e2e36439","15f81cc9d2ed265e13409706dfcce2ba6e5bc42d529a0893ce222e6128be9e6a","","{""winningOptionsBefore"":[],""opponentThreatsBefore"":[],""allowedWinningReplies"":[],""immediateWinAvailable"":false,""tookImmediateWin"":false,""missedImmediateWin"":false,""safeAlternatives"":[3,2,4,1,5,0,6],""avoidableImmediateLoss"":false,""blockedThreat"":false,""playableThreatsAfter"":0,""unsupportedThreatsAfter"":0,""centerMove"":false,""legalCountBefore"":7,""openWindowsAfter"":{""self"":[56,4,0,0,0],""opponent"":[56,5,0,0,0]},""occupancyAfter"":0.09523809523809523}","1790054833997"
"bench-20260922-3-2","normal","benchmark-c4-policy-1.0.0-local","1","false","false","5","human","2","1","bench-20260922-3-2-ply-5","false","15f81cc9d2ed265e13409706dfcce2ba6e5bc42d529a0893ce222e6128be9e6a","bf4f6dcbcc5cd3b3341ed8ccd55511823799c2e4ec47c0e3e607de70d34d0b03","","{""winningOptionsBefore"":[],""opponentThreatsBefore"":[],""allowedWinningReplies"":[],""immediateWinAvailable"":false,""tookImmediateWin"":false,""missedImmediateWin"":false,""safeAlternatives"":[3,2,4,1,5,0,6],""avoidableImmediateLoss"":false,""blockedThreat"":false,""playableThreatsAfter"":0,""unsupportedThreatsAfter"":0,""centerMove"":false,""legalCountBefore"":7,""openWindowsAfter"":{""self"":[51,8,2,0,0],""opponent"":[51,3,0,0,0]},""occupancyAfter"":0.11904761904761904}","1790054833999"
"bench-20260922-3-2","normal","benchmark-c4-policy-1.0.0-local","1","false","false","6","jev","3","1","bench-20260922-3-2-ply-6","false","bf4f6dcbcc5cd3b3341ed8ccd55511823799c2e4ec47c0e3e607de70d34d0b03","e4b2cac359f7a77d493fe0ae2472bc0a78dd698b21e0768b8ca6a416e1e36a14","","{""winningOptionsBefore"":[],""opponentThreatsBefore"":[],""allowedWinningReplies"":[],""immediateWinAvailable"":false,""tookImmediateWin"":false,""missedImmediateWin"":false,""safeAlternatives"":[3,2,4,1,5,0,6],""avoidableImmediateLoss"":false,""blockedThreat"":false,""playableThreatsAfter"":0,""unsupportedThreatsAfter"":0,""centerMove"":true,""legalCountBefore"":7,""openWindowsAfter"":{""self"":[46,7,1,0,0],""opponent"":[46,4,2,0,0]},""occupancyAfter"":0.14285714285714285}","1790054834005"
"bench-20260922-3-2","normal","benchmark-c4-policy-1.0.0-local","1","false","false","7","human","2","2","bench-20260922-3-2-ply-7","false","e4b2cac359f7a77d493fe0ae2472bc0a78dd698b21e0768b8ca6a416e1e36a14","b0f829df87b7fa448f9bc57a6800d512e6bbc4427d5240900c4f8e5f4c1e2e0b","","{""winningOptionsBefore"":[],""opponentThreatsBefore"":[],""allowedWinningReplies"":[],""immediateWinAvailable"":false,""tookImmediateWin"":false,""missedImmediateWin"":false,""safeAlternatives"":[3,2,4,1,5,0,6],""avoidableImmediateLoss"":false,""blockedThreat"":false,""playableThreatsAfter"":0,""unsupportedThreatsAfter"":0,""centerMove"":false,""legalCountBefore"":7,""openWindowsAfter"":{""self"":[39,10,3,0,0],""opponent"":[39,5,1,0,0]},""occupancyAfter"":0.16666666666666666}","1790054834006"
"bench-20260922-3-2","normal","benchmark-c4-policy-1.0.0-local","1","false","false","8","jev","3","2","bench-20260922-3-2-ply-8","false","b0f829df87b7fa448f9bc57a6800d512e6bbc4427d5240900c4f8e5f4c1e2e0b","65c33dff58bea00f5731571e11e281e373171ef313ed39a9762651a05d10bf65","","{""winningOptionsBefore"":[],""opponentThreatsBefore"":[],""allowedWinningReplies"":[],""immediateWinAvailable"":false,""tookImmediateWin"":false,""missedImmediateWin"":false,""safeAlternatives"":[3,2,4,1,5,0,6],""avoidableImmediateLoss"":false,""blockedThreat"":false,""playableThreatsAfter"":0,""unsupportedThreatsAfter"":0,""centerMove"":true,""legalCountBefore"":7,""openWindowsAfter"":{""self"":[34,8,3,0,0],""opponent"":[34,6,2,0,0]},""occupancyAfter"":0.19047619047619047}","1790054834008"
"bench-20260922-3-2","normal","benchmark-c4-policy-1.0.0-local","1","false","false","9","human","1","1","bench-20260922-3-2-ply-9","false","65c33dff58bea00f5731571e11e281e373171ef313ed39a9762651a05d10bf65","67c91c5c48fccd60fcb9f3647d8c7169e212e7d91233af7bb5eec231358db9de","","{""winningOptionsBefore"":[],""opponentThreatsBefore"":[],""allowedWinningReplies"":[],""immediateWinAvailable"":false,""tookImmediateWin"":false,""missedImmediateWin"":false,""safeAlternatives"":[3,2,4,1,5,0,6],""avoidableImmediateLoss"":false,""blockedThreat"":false,""playableThreatsAfter"":0,""unsupportedThreatsAfter"":0,""centerMove"":false,""legalCountBefore"":7,""openWindowsAfter"":{""self"":[33,4,5,0,0],""opponent"":[33,8,3,0,0]},""occupancyAfter"":0.21428571428571427}","1790054834009"
"bench-20260922-3-2","normal","benchmark-c4-policy-1.0.0-local","1","false","false","10","jev","3","3","bench-20260922-3-2-ply-10","false","67c91c5c48fccd60fcb9f3647d8c7169e212e7d91233af7bb5eec231358db9de","066798a735f4c54ce4a0e3ea0d9c347beac623e8f45f0c46b089d5085d2e3452","","{""winningOptionsBefore"":[],""opponentThreatsBefore"":[],""allowedWinningReplies"":[],""immediateWinAvailable"":false,""tookImmediateWin"":false,""missedImmediateWin"":false,""safeAlternatives"":[3,2,4,1,5,0,6],""avoidableImmediateLoss"":false,""blockedThreat"":false,""playableThreatsAfter"":1,""unsupportedThreatsAfter"":0,""centerMove"":true,""legalCountBefore"":7,""openWindowsAfter"":{""self"":[26,14,3,1,0],""opponent"":[26,3,3,0,0]},""occupancyAfter"":0.23809523809523808}","1790054834011"
"bench-20260922-3-2","normal","benchmark-c4-policy-1.0.0-local","1","false","false","11","human","3","4","bench-20260922-3-2-ply-11","false","066798a735f4c54ce4a0e3ea0d9c347beac623e8f45f0c46b089d5085d2e3452","f4533e58149c08bcce97708dde69b5239163e92f402affb77822af15cc9898d3","","{""winningOptionsBefore"":[],""opponentThreatsBefore"":[3],""allowedWinningReplies"":[],""immediateWinAvailable"":false,""tookImmediateWin"":false,""missedImmediateWin"":false,""safeAlternatives"":[3],""avoidableImmediateLoss"":false,""blockedThreat"":true,""playableThreatsAfter"":0,""unsupportedThreatsAfter"":0,""centerMove"":true,""legalCountBefore"":7,""openWindowsAfter"":{""self"":[18,11,3,0,0],""opponent"":[18,14,2,0,0]},""occupancyAfter"":0.2619047619047619}","1790054834013"
"bench-20260922-3-2","normal","benchmark-c4-policy-1.0.0-local","1","false","false","12","jev","2","3","bench-20260922-3-2-ply-12","false","f4533e58149c08bcce97708dde69b5239163e92f402affb77822af15cc9898d3","cee151989bd10e88db0fa4e66ad5df404c8865ebf53d67e0ecf92ba624fc0e6f","","{""winningOptionsBefore"":[],""opponentThreatsBefore"":[],""allowedWinningReplies"":[],""immediateWinAvailable"":false,""tookImmediateWin"":false,""missedImmediateWin"":false,""safeAlternatives"":[3,2,4,1,5,0,6],""avoidableImmediateLoss"":false,""blockedThreat"":false,""playableThreatsAfter"":0,""unsupportedThreatsAfter"":1,""centerMove"":false,""legalCountBefore"":7,""openWindowsAfter"":{""self"":[18,9,6,1,0],""opponent"":[18,8,2,0,0]},""occupancyAfter"":0.2857142857142857}","1790054834015"
"bench-20260922-3-2","normal","benchmark-c4-policy-1.0.0-local","1","false","false","13","human","4","0","bench-20260922-3-2-ply-13","false","cee151989bd10e88db0fa4e66ad5df404c8865ebf53d67e0ecf92ba624fc0e6f","0f3de39072be4224cbcc70fd199623192d2bcb9067b7bd0266f3c9c6ab89724f","","{""winningOptionsBefore"":[],""opponentThreatsBefore"":[],""allowedWinningReplies"":[4],""immediateWinAvailable"":false,""tookImmediateWin"":false,""missedImmediateWin"":false,""safeAlternatives"":[3,2,1,5,0,6],""avoidableImmediateLoss"":true,""blockedThreat"":false,""playableThreatsAfter"":0,""unsupportedThreatsAfter"":0,""centerMove"":false,""legalCountBefore"":7,""openWindowsAfter"":{""self"":[17,9,2,0,0],""opponent"":[17,9,6,1,0]},""occupancyAfter"":0.30952380952380953}","1790054834016"
"bench-20260922-3-2","normal","benchmark-c4-policy-1.0.0-local","1","false","false","14","jev","4","1","bench-20260922-3-2-ply-14","false","0f3de39072be4224cbcc70fd199623192d2bcb9067b7bd0266f3c9c6ab89724f","471570d25e68e25e980fc655f53319aa79d216eb35053b6379699a955907fc62","","{""winningOptionsBefore"":[4],""opponentThreatsBefore"":[],""allowedWinningReplies"":[],""immediateWinAvailable"":true,""tookImmediateWin"":true,""missedImmediateWin"":false,""safeAlternatives"":[3,2,4,1,5,0,6],""avoidableImmediateLoss"":false,""blockedThreat"":false,""playableThreatsAfter"":0,""unsupportedThreatsAfter"":1,""centerMove"":false,""legalCountBefore"":7,""openWindowsAfter"":{""self"":[16,9,6,1,1],""opponent"":[16,7,2,0,0]},""occupancyAfter"":0.3333333333333333}","1790054834021"
"bench-20260922-4-1","normal","benchmark-c4-policy-1.0.0-local","2","false","false","1","jev","3","0","","true","ad8a81d14e5bf81950606f727698b1c2ff606f3e3dfa5704014475a3ce6be43a","5dc6d94d13ebdf020453ed5adff1525915f4e059815ff753f98f3e1919f34391","","{""winningOptionsBefore"":[],""opponentThreatsBefore"":[],""allowedWinningReplies"":[],""immediateWinAvailable"":false,""tookImmediateWin"":false,""missedImmediateWin"":false,""safeAlternatives"":[3,2,4,1,5,0,6],""avoidableImmediateLoss"":false,""blockedThreat"":false,""playableThreatsAfter"":0,""unsupportedThreatsAfter"":0,""centerMove"":true,""legalCountBefore"":7,""openWindowsAfter"":{""self"":[62,7,0,0,0],""opponent"":[62,0,0,0,0]},""occupancyAfter"":0.023809523809523808}","1790054834023"
"bench-20260922-4-1","normal","benchmark-c4-policy-1.0.0-local","2","false","false","2","human","4","0","","true","5dc6d94d13ebdf020453ed5adff1525915f4e059815ff753f98f3e1919f34391","5f23cc41043daab489632484290b16507bb3a9b4023699ce0093a6c68fc96ae9","","{""winningOptionsBefore"":[],""opponentThreatsBefore"":[],""allowedWinningReplies"":[],""immediateWinAvailable"":false,""tookImmediateWin"":false,""missedImmediateWin"":false,""safeAlternatives"":[3,2,4,1,5,0,6],""avoidableImmediateLoss"":false,""blockedThreat"":false,""playableThreatsAfter"":0,""unsupportedThreatsAfter"":0,""centerMove"":false,""legalCountBefore"":7,""openWindowsAfter"":{""self"":[60,2,0,0,0],""opponent"":[60,4,0,0,0]},""occupancyAfter"":0.047619047619047616}","1790054834023"
"bench-20260922-4-1","normal","benchmark-c4-policy-1.0.0-local","2","false","false","3","jev","6","0","","true","5f23cc41043daab489632484290b16507bb3a9b4023699ce0093a6c68fc96ae9","0c4ea1b06ef838908ddd78910f07db7c7e8f2123b8cd0fdc494430cb84141c62","","{""winningOptionsBefore"":[],""opponentThreatsBefore"":[],""allowedWinningReplies"":[],""immediateWinAvailable"":false,""tookImmediateWin"":false,""missedImmediateWin"":false,""safeAlternatives"":[3,2,4,1,5,0,6],""avoidableImmediateLoss"":false,""blockedThreat"":false,""playableThreatsAfter"":0,""unsupportedThreatsAfter"":0,""centerMove"":false,""legalCountBefore"":7,""openWindowsAfter"":{""self"":[58,6,0,0,0],""opponent"":[58,2,0,0,0]},""occupancyAfter"":0.07142857142857142}","1790054834024"
"bench-20260922-4-1","normal","benchmark-c4-policy-1.0.0-local","2","false","false","4","human","3","1","","true","0c4ea1b06ef838908ddd78910f07db7c7e8f2123b8cd0fdc494430cb84141c62","4df46205400b5e55725fe4a44d447ccb905897bccc74e6191964261670bc668a","","{""winningOptionsBefore"":[],""opponentThreatsBefore"":[],""allowedWinningReplies"":[],""immediateWinAvailable"":false,""tookImmediateWin"":false,""missedImmediateWin"":false,""safeAlternatives"":[3,2,4,1,5,0,6],""avoidableImmediateLoss"":false,""blockedThreat"":false,""playableThreatsAfter"":0,""unsupportedThreatsAfter"":0,""centerMove"":true,""legalCountBefore"":7,""openWindowsAfter"":{""self"":[50,9,1,0,0],""opponent"":[50,5,0,0,0]},""occupancyAfter"":0.09523809523809523}","1790054834024"
"bench-20260922-4-1","normal","benchmark-c4-policy-1.0.0-local","2","false","false","5","jev","3","2","bench-20260922-4-1-ply-5","false","4df46205400b5e55725fe4a44d447ccb905897bccc74e6191964261670bc668a","165d2700de9a546f5fc22905ede21d13a00bd4b2ace41dd2733650bc494727a3","","{""winningOptionsBefore"":[],""opponentThreatsBefore"":[],""allowedWinningReplies"":[],""immediateWinAvailable"":false,""tookImmediateWin"":false,""missedImmediateWin"":false,""safeAlternatives"":[3,2,4,1,5,0,6],""avoidableImmediateLoss"":false,""blockedThreat"":false,""playableThreatsAfter"":0,""unsupportedThreatsAfter"":0,""centerMove"":true,""legalCountBefore"":7,""openWindowsAfter"":{""self"":[39,16,0,0,0],""opponent"":[39,8,1,0,0]},""occupancyAfter"":0.11904761904761904}","1790054834026"
"bench-20260922-4-1","normal","benchmark-c4-policy-1.0.0-local","2","false","false","6","human","2","0","bench-20260922-4-1-ply-6","false","165d2700de9a546f5fc22905ede21d13a00bd4b2ace41dd2733650bc494727a3","5f879fefe0e9399e49bab0eb45c69158cf3944f4e27fa58dc107aac8e35b30ee","","{""winningOptionsBefore"":[],""opponentThreatsBefore"":[],""allowedWinningReplies"":[],""immediateWinAvailable"":false,""tookImmediateWin"":false,""missedImmediateWin"":false,""safeAlternatives"":[3,2,4,1,5,0,6],""avoidableImmediateLoss"":false,""blockedThreat"":false,""playableThreatsAfter"":0,""unsupportedThreatsAfter"":0,""centerMove"":false,""legalCountBefore"":7,""openWindowsAfter"":{""self"":[38,8,2,0,0],""opponent"":[38,15,0,0,0]},""occupancyAfter"":0.14285714285714285}","1790054834027"
"bench-20260922-4-1","normal","benchmark-c4-policy-1.0.0-local","2","false","false","7","jev","3","3","bench-20260922-4-1-ply-7","false","5f879fefe0e9399e49bab0eb45c69158cf3944f4e27fa58dc107aac8e35b30ee","9f85bce2e8664e47f31e45640422ed912cdcc4f1636a95309f9f74af99269b11","","{""winningOptionsBefore"":[],""opponentThreatsBefore"":[],""allowedWinningReplies"":[],""immediateWinAvailable"":false,""tookImmediateWin"":false,""missedImmediateWin"":false,""safeAlternatives"":[3,2,4,1,5,0,6],""avoidableImmediateLoss"":false,""blockedThreat"":false,""playableThreatsAfter"":0,""unsupportedThreatsAfter"":0,""centerMove"":true,""legalCountBefore"":7,""openWindowsAfter"":{""self"":[29,22,2,0,0],""opponent"":[29,8,2,0,0]},""occupancyAfter"":0.16666666666666666}","1790054834030"
"bench-20260922-4-1","normal","benchmark-c4-policy-1.0.0-local","2","false","false","8","human","5","0","bench-20260922-4-1-ply-8","false","9f85bce2e8664e47f31e45640422ed912cdcc4f1636a95309f9f74af99269b11","3264d0ff0f0afbf876e723d98087419f22c2e78c7a8835e5f82d665848c23172","","{""winningOptionsBefore"":[],""opponentThreatsBefore"":[],""allowedWinningReplies"":[],""immediateWinAvailable"":false,""tookImmediateWin"":false,""missedImmediateWin"":false,""safeAlternatives"":[3,2,4,1,5,0,6],""avoidableImmediateLoss"":false,""blockedThreat"":false,""playableThreatsAfter"":0,""unsupportedThreatsAfter"":0,""centerMove"":false,""legalCountBefore"":7,""openWindowsAfter"":{""self"":[28,9,2,0,0],""opponent"":[28,21,2,0,0]},""occupancyAfter"":0.19047619047619047}","1790054834031"
"bench-20260922-4-1","normal","benchmark-c4-policy-1.0.0-local","2","false","false","9","jev","3","4","bench-20260922-4-1-ply-9","false","3264d0ff0f0afbf876e723d98087419f22c2e78c7a8835e5f82d665848c23172","588fed7b52551f87a6412b9147e21f9c8e2a2c0e722775ad01871bc2589327c5","","{""winningOptionsBefore"":[],""opponentThreatsBefore"":[],""allowedWinningReplies"":[],""immediateWinAvailable"":false,""tookImmediateWin"":false,""missedImmediateWin"":false,""safeAlternatives"":[3,2,4,1,5,0,6],""avoidableImmediateLoss"":false,""blockedThreat"":false,""playableThreatsAfter"":1,""unsupportedThreatsAfter"":0,""centerMove"":true,""legalCountBefore"":7,""openWindowsAfter"":{""self"":[20,29,1,1,0],""opponent"":[20,9,2,0,0]},""occupancyAfter"":0.21428571428571427}","1790054834032"
"bench-20260922-4-1","normal","benchmark-c4-policy-1.0.0-local","2","false","false","10","human","4","1","bench-20260922-4-1-ply-10","false","588fed7b52551f87a6412b9147e21f9c8e2a2c0e722775ad01871bc2589327c5","58c74dd4ec322312b4bbe6d00f94e31984781126452a4b94fdc04717fec17d7e","","{""winningOptionsBefore"":[],""opponentThreatsBefore"":[3],""allowedWinningReplies"":[3],""immediateWinAvailable"":false,""tookImmediateWin"":false,""missedImmediateWin"":false,""safeAlternatives"":[3],""avoidableImmediateLoss"":true,""blockedThreat"":false,""playableThreatsAfter"":0,""unsupportedThreatsAfter"":0,""centerMove"":false,""legalCountBefore"":7,""openWindowsAfter"":{""self"":[19,6,6,0,0],""opponent"":[19,27,1,1,0]},""occupancyAfter"":0.23809523809523808}","1790054834033"
"bench-20260922-4-1","normal","benchmark-c4-policy-1.0.0-local","2","false","false","11","jev","3","5","bench-20260922-4-1-ply-11","false","58c74dd4ec322312b4bbe6d00f94e31984781126452a4b94fdc04717fec17d7e","cfe84097c2b29961e6ed6ff8375b3623be361d63d8731c642be028ac8ab7459c","","{""winningOptionsBefore"":[3],""opponentThreatsBefore"":[],""allowedWinningReplies"":[],""immediateWinAvailable"":true,""tookImmediateWin"":true,""missedImmediateWin"":false,""safeAlternatives"":[3,2,4,1,5,0,6],""avoidableImmediateLoss"":false,""blockedThreat"":false,""playableThreatsAfter"":0,""unsupportedThreatsAfter"":0,""centerMove"":true,""legalCountBefore"":7,""openWindowsAfter"":{""self"":[13,33,1,0,1],""opponent"":[13,6,6,0,0]},""occupancyAfter"":0.2619047619047619}","1790054834036"
"bench-20260922-4-2","normal","benchmark-c4-policy-1.0.0-local","1","false","false","1","human","3","0","","true","ad8a81d14e5bf81950606f727698b1c2ff606f3e3dfa5704014475a3ce6be43a","5dc6d94d13ebdf020453ed5adff1525915f4e059815ff753f98f3e1919f34391","","{""winningOptionsBefore"":[],""opponentThreatsBefore"":[],""allowedWinningReplies"":[],""immediateWinAvailable"":false,""tookImmediateWin"":false,""missedImmediateWin"":false,""safeAlternatives"":[3,2,4,1,5,0,6],""avoidableImmediateLoss"":false,""blockedThreat"":false,""playableThreatsAfter"":0,""unsupportedThreatsAfter"":0,""centerMove"":true,""legalCountBefore"":7,""openWindowsAfter"":{""self"":[62,7,0,0,0],""opponent"":[62,0,0,0,0]},""occupancyAfter"":0.023809523809523808}","1790054834038"
"bench-20260922-4-2","normal","benchmark-c4-policy-1.0.0-local","1","false","false","2","jev","4","0","","true","5dc6d94d13ebdf020453ed5adff1525915f4e059815ff753f98f3e1919f34391","5f23cc41043daab489632484290b16507bb3a9b4023699ce0093a6c68fc96ae9","","{""winningOptionsBefore"":[],""opponentThreatsBefore"":[],""allowedWinningReplies"":[],""immediateWinAvailable"":false,""tookImmediateWin"":false,""missedImmediateWin"":false,""safeAlternatives"":[3,2,4,1,5,0,6],""avoidableImmediateLoss"":false,""blockedThreat"":false,""playableThreatsAfter"":0,""unsupportedThreatsAfter"":0,""centerMove"":false,""legalCountBefore"":7,""openWindowsAfter"":{""self"":[60,2,0,0,0],""opponent"":[60,4,0,0,0]},""occupancyAfter"":0.047619047619047616}","1790054834039"
"bench-20260922-4-2","normal","benchmark-c4-policy-1.0.0-local","1","false","false","3","human","6","0","","true","5f23cc41043daab489632484290b16507bb3a9b4023699ce0093a6c68fc96ae9","0c4ea1b06ef838908ddd78910f07db7c7e8f2123b8cd0fdc494430cb84141c62","","{""winningOptionsBefore"":[],""opponentThreatsBefore"":[],""allowedWinningReplies"":[],""immediateWinAvailable"":false,""tookImmediateWin"":false,""missedImmediateWin"":false,""safeAlternatives"":[3,2,4,1,5,0,6],""avoidableImmediateLoss"":false,""blockedThreat"":false,""playableThreatsAfter"":0,""unsupportedThreatsAfter"":0,""centerMove"":false,""legalCountBefore"":7,""openWindowsAfter"":{""self"":[58,6,0,0,0],""opponent"":[58,2,0,0,0]},""occupancyAfter"":0.07142857142857142}","1790054834040"
"bench-20260922-4-2","normal","benchmark-c4-policy-1.0.0-local","1","false","false","4","jev","3","1","","true","0c4ea1b06ef838908ddd78910f07db7c7e8f2123b8cd0fdc494430cb84141c62","4df46205400b5e55725fe4a44d447ccb905897bccc74e6191964261670bc668a","","{""winningOptionsBefore"":[],""opponentThreatsBefore"":[],""allowedWinningReplies"":[],""immediateWinAvailable"":false,""tookImmediateWin"":false,""missedImmediateWin"":false,""safeAlternatives"":[3,2,4,1,5,0,6],""avoidableImmediateLoss"":false,""blockedThreat"":false,""playableThreatsAfter"":0,""unsupportedThreatsAfter"":0,""centerMove"":true,""legalCountBefore"":7,""openWindowsAfter"":{""self"":[50,9,1,0,0],""opponent"":[50,5,0,0,0]},""occupancyAfter"":0.09523809523809523}","1790054834040"
"bench-20260922-4-2","normal","benchmark-c4-policy-1.0.0-local","1","false","false","5","human","2","0","bench-20260922-4-2-ply-5","false","4df46205400b5e55725fe4a44d447ccb905897bccc74e6191964261670bc668a","7a3a2c615755f57c551e4af30c714ec5ac1d9e68ba84f24bb9c7b297bb330598","","{""winningOptionsBefore"":[],""opponentThreatsBefore"":[],""allowedWinningReplies"":[],""immediateWinAvailable"":false,""tookImmediateWin"":false,""missedImmediateWin"":false,""safeAlternatives"":[3,2,4,1,5,0,6],""avoidableImmediateLoss"":false,""blockedThreat"":false,""playableThreatsAfter"":0,""unsupportedThreatsAfter"":0,""centerMove"":false,""legalCountBefore"":7,""openWindowsAfter"":{""self"":[49,5,1,0,0],""opponent"":[49,8,1,0,0]},""occupancyAfter"":0.11904761904761904}","1790054834041"
"bench-20260922-4-2","normal","benchmark-c4-policy-1.0.0-local","1","false","false","6","jev","4","1","bench-20260922-4-2-ply-6","false","7a3a2c615755f57c551e4af30c714ec5ac1d9e68ba84f24bb9c7b297bb330598","253d62957df84fe572d37aaeb99454b5a9e1250cf98c34748225a4a7ba33e057","","{""winningOptionsBefore"":[],""opponentThreatsBefore"":[],""allowedWinningReplies"":[],""immediateWinAvailable"":false,""tookImmediateWin"":false,""missedImmediateWin"":false,""safeAlternatives"":[3,2,4,1,5,0,6],""avoidableImmediateLoss"":false,""blockedThreat"":false,""playableThreatsAfter"":0,""unsupportedThreatsAfter"":0,""centerMove"":false,""legalCountBefore"":7,""openWindowsAfter"":{""self"":[46,7,5,0,0],""opponent"":[46,4,1,0,0]},""occupancyAfter"":0.14285714285714285}","1790054834045"
"bench-20260922-4-2","normal","benchmark-c4-policy-1.0.0-local","1","false","false","7","human","5","0","bench-20260922-4-2-ply-7","false","253d62957df84fe572d37aaeb99454b5a9e1250cf98c34748225a4a7ba33e057","90f4acf311222b762d0c433ad4270ea761621a024c5a10c8bba4534ab6ddd855","","{""winningOptionsBefore"":[],""opponentThreatsBefore"":[],""allowedWinningReplies"":[],""immediateWinAvailable"":false,""tookImmediateWin"":false,""missedImmediateWin"":false,""safeAlternatives"":[3,2,4,1,5,0,6],""avoidableImmediateLoss"":false,""blockedThreat"":false,""playableThreatsAfter"":0,""unsupportedThreatsAfter"":0,""centerMove"":false,""legalCountBefore"":7,""openWindowsAfter"":{""self"":[45,5,1,0,0],""opponent"":[45,6,5,0,0]},""occupancyAfter"":0.16666666666666666}","1790054834046"
"bench-20260922-4-2","normal","benchmark-c4-policy-1.0.0-local","1","false","false","8","jev","5","1","bench-20260922-4-2-ply-8","false","90f4acf311222b762d0c433ad4270ea761621a024c5a10c8bba4534ab6ddd855","500849211fa6257e0f5f19db4d6776c10b687d759e1777db32f8adce49e50dbe","","{""winningOptionsBefore"":[],""opponentThreatsBefore"":[],""allowedWinningReplies"":[],""immediateWinAvailable"":false,""tookImmediateWin"":false,""missedImmediateWin"":false,""safeAlternatives"":[3,2,4,1,5,0,6],""avoidableImmediateLoss"":false,""blockedThreat"":false,""playableThreatsAfter"":2,""unsupportedThreatsAfter"":0,""centerMove"":false,""legalCountBefore"":7,""openWindowsAfter"":{""self"":[43,8,3,2,0],""opponent"":[43,3,1,0,0]},""occupancyAfter"":0.19047619047619047}","1790054834048"
"bench-20260922-4-2","normal","benchmark-c4-policy-1.0.0-local","1","false","false","9","human","4","2","bench-20260922-4-2-ply-9","false","500849211fa6257e0f5f19db4d6776c10b687d759e1777db32f8adce49e50dbe","0be703a2d5aa65efaf2b67619f2445c5596840d78729360a1754a265c4546cd3","","{""winningOptionsBefore"":[],""opponentThreatsBefore"":[2,6],""allowedWinningReplies"":[2,6],""immediateWinAvailable"":false,""tookImmediateWin"":false,""missedImmediateWin"":false,""safeAlternatives"":[],""avoidableImmediateLoss"":false,""blockedThreat"":false,""playableThreatsAfter"":0,""unsupportedThreatsAfter"":0,""centerMove"":false,""legalCountBefore"":7,""openWindowsAfter"":{""self"":[38,8,1,0,0],""opponent"":[38,5,2,2,0]},""occupancyAfter"":0.21428571428571427}","1790054834050"
"bench-20260922-4-2","normal","benchmark-c4-policy-1.0.0-local","1","false","false","10","jev","2","1","bench-20260922-4-2-ply-10","false","0be703a2d5aa65efaf2b67619f2445c5596840d78729360a1754a265c4546cd3","6c5f421a9428d47b7998cfb543124dfd1ee18ceb342a4b451ac482431cc6a493","","{""winningOptionsBefore"":[2,6],""opponentThreatsBefore"":[],""allowedWinningReplies"":[],""immediateWinAvailable"":true,""tookImmediateWin"":true,""missedImmediateWin"":false,""safeAlternatives"":[3,2,4,1,5,0,6],""avoidableImmediateLoss"":false,""blockedThreat"":false,""playableThreatsAfter"":1,""unsupportedThreatsAfter"":1,""centerMove"":false,""legalCountBefore"":7,""openWindowsAfter"":{""self"":[35,7,2,2,1],""opponent"":[35,6,1,0,0]},""occupancyAfter"":0.23809523809523808}","1790054834053"
"bench-20260922-5-1","normal","benchmark-c4-policy-1.0.0-local","2","false","false","1","jev","3","0","bench-20260922-5-1-ply-1","false","ad8a81d14e5bf81950606f727698b1c2ff606f3e3dfa5704014475a3ce6be43a","5dc6d94d13ebdf020453ed5adff1525915f4e059815ff753f98f3e1919f34391","","{""winningOptionsBefore"":[],""opponentThreatsBefore"":[],""allowedWinningReplies"":[],""immediateWinAvailable"":false,""tookImmediateWin"":false,""missedImmediateWin"":false,""safeAlternatives"":[3,2,4,1,5,0,6],""avoidableImmediateLoss"":false,""blockedThreat"":false,""playableThreatsAfter"":0,""unsupportedThreatsAfter"":0,""centerMove"":true,""legalCountBefore"":7,""openWindowsAfter"":{""self"":[62,7,0,0,0],""opponent"":[62,0,0,0,0]},""occupancyAfter"":0.023809523809523808}","1790054834056"
"bench-20260922-5-1","normal","benchmark-c4-policy-1.0.0-local","2","false","false","2","human","2","0","bench-20260922-5-1-ply-2","false","5dc6d94d13ebdf020453ed5adff1525915f4e059815ff753f98f3e1919f34391","53c4c99dd5f106f68cefdce136cb0aae60774d7e3cc6bb356c9b4f9f84308a48","","{""winningOptionsBefore"":[],""opponentThreatsBefore"":[],""allowedWinningReplies"":[],""immediateWinAvailable"":false,""tookImmediateWin"":false,""missedImmediateWin"":false,""safeAlternatives"":[3,2,4,1,5,0,6],""avoidableImmediateLoss"":false,""blockedThreat"":false,""playableThreatsAfter"":0,""unsupportedThreatsAfter"":0,""centerMove"":false,""legalCountBefore"":7,""openWindowsAfter"":{""self"":[60,2,0,0,0],""opponent"":[60,4,0,0,0]},""occupancyAfter"":0.047619047619047616}","1790054834056"
"bench-20260922-5-1","normal","benchmark-c4-policy-1.0.0-local","2","false","false","3","jev","3","1","bench-20260922-5-1-ply-3","false","53c4c99dd5f106f68cefdce136cb0aae60774d7e3cc6bb356c9b4f9f84308a48","7d01ad347cabe929abc9bbc254fc817fb5646a11ffacc169e2679b8f7762bd2a","","{""winningOptionsBefore"":[],""opponentThreatsBefore"":[],""allowedWinningReplies"":[],""immediateWinAvailable"":false,""tookImmediateWin"":false,""missedImmediateWin"":false,""safeAlternatives"":[3,2,4,1,5,0,6],""avoidableImmediateLoss"":false,""blockedThreat"":false,""playableThreatsAfter"":0,""unsupportedThreatsAfter"":0,""centerMove"":true,""legalCountBefore"":7,""openWindowsAfter"":{""self"":[52,11,1,0,0],""opponent"":[52,1,0,0,0]},""occupancyAfter"":0.07142857142857142}","1790054834058"
"bench-20260922-5-1","normal","benchmark-c4-policy-1.0.0-local","2","false","false","4","human","0","0","bench-20260922-5-1-ply-4","false","7d01ad347cabe929abc9bbc254fc817fb5646a11ffacc169e2679b8f7762bd2a","1c6e1b43bf146aedca0d97805cb4858c57db2188f18e5486a8cfd949f6995b07","","{""winningOptionsBefore"":[],""opponentThreatsBefore"":[],""allowedWinningReplies"":[],""immediateWinAvailable"":false,""tookImmediateWin"":false,""missedImmediateWin"":false,""safeAlternatives"":[3,2,4,1,5,0,6],""avoidableImmediateLoss"":false,""blockedThreat"":false,""playableThreatsAfter"":0,""unsupportedThreatsAfter"":0,""centerMove"":false,""legalCountBefore"":7,""openWindowsAfter"":{""self"":[50,3,0,0,0],""opponent"":[50,11,1,0,0]},""occupancyAfter"":0.09523809523809523}","1790054834059"
"bench-20260922-5-1","normal","benchmark-c4-policy-1.0.0-local","2","false","false","5","jev","3","2","bench-20260922-5-1-ply-5","false","1c6e1b43bf146aedca0d97805cb4858c57db2188f18e5486a8cfd949f6995b07","a9f143a5e8bec025972c898126f0326656ceb4bd1aa829ad9179dd68114f9858","","{""winningOptionsBefore"":[],""opponentThreatsBefore"":[],""allowedWinningReplies"":[],""immediateWinAvailable"":false,""tookImmediateWin"":false,""missedImmediateWin"":false,""safeAlternatives"":[3,2,4,1,5,0,6],""avoidableImmediateLoss"":false,""blockedThreat"":false,""playableThreatsAfter"":1,""unsupportedThreatsAfter"":0,""centerMove"":true,""legalCountBefore"":7,""openWindowsAfter"":{""self"":[39,21,1,1,0],""opponent"":[39,3,0,0,0]},""occupancyAfter"":0.11904761904761904}","1790054834062"
"bench-20260922-5-1","normal","benchmark-c4-policy-1.0.0-local","2","false","false","6","human","1","0","bench-20260922-5-1-ply-6","false","a9f143a5e8bec025972c898126f0326656ceb4bd1aa829ad9179dd68114f9858","577d29c9be077099c6c7bcd045260a80adb4ec22cd53eeeb82e1f69150ba96d5","","{""winningOptionsBefore"":[],""opponentThreatsBefore"":[3],""allowedWinningReplies"":[3],""immediateWinAvailable"":false,""tookImmediateWin"":false,""missedImmediateWin"":false,""safeAlternatives"":[3],""avoidableImmediateLoss"":true,""blockedThreat"":false,""playableThreatsAfter"":0,""unsupportedThreatsAfter"":0,""centerMove"":false,""legalCountBefore"":7,""openWindowsAfter"":{""self"":[38,4,0,0,0],""opponent"":[38,20,1,1,0]},""occupancyAfter"":0.14285714285714285}","1790054834062"
"bench-20260922-5-1","normal","benchmark-c4-policy-1.0.0-local","2","false","false","7","jev","3","3","bench-20260922-5-1-ply-7","false","577d29c9be077099c6c7bcd045260a80adb4ec22cd53eeeb82e1f69150ba96d5","50df2591d290a547f7ee3a7efbb42728770eb02d1aed18e13af507bf23f3cdc3","","{""winningOptionsBefore"":[3],""opponentThreatsBefore"":[],""allowedWinningReplies"":[],""immediateWinAvailable"":true,""tookImmediateWin"":true,""missedImmediateWin"":false,""safeAlternatives"":[3,2,4,1,5,0,6],""avoidableImmediateLoss"":false,""blockedThreat"":false,""playableThreatsAfter"":1,""unsupportedThreatsAfter"":0,""centerMove"":true,""legalCountBefore"":7,""openWindowsAfter"":{""self"":[29,28,1,1,1],""opponent"":[29,3,0,0,0]},""occupancyAfter"":0.16666666666666666}","1790054834064"
"bench-20260922-5-2","normal","benchmark-c4-policy-1.0.0-local","1","false","false","1","human","2","0","bench-20260922-5-2-ply-1","false","ad8a81d14e5bf81950606f727698b1c2ff606f3e3dfa5704014475a3ce6be43a","e4d8863ed58d5f14d51b5cedd2d7c728fc2e433d9a359a71ab66e5900d4f2ba6","","{""winningOptionsBefore"":[],""opponentThreatsBefore"":[],""allowedWinningReplies"":[],""immediateWinAvailable"":false,""tookImmediateWin"":false,""missedImmediateWin"":false,""safeAlternatives"":[3,2,4,1,5,0,6],""avoidableImmediateLoss"":false,""blockedThreat"":false,""playableThreatsAfter"":0,""unsupportedThreatsAfter"":0,""centerMove"":false,""legalCountBefore"":7,""openWindowsAfter"":{""self"":[64,5,0,0,0],""opponent"":[64,0,0,0,0]},""occupancyAfter"":0.023809523809523808}","1790054834066"
"bench-20260922-5-2","normal","benchmark-c4-policy-1.0.0-local","1","false","false","2","jev","3","0","bench-20260922-5-2-ply-2","false","e4d8863ed58d5f14d51b5cedd2d7c728fc2e433d9a359a71ab66e5900d4f2ba6","699a557b63d177bb342d6391b36d64d39a901796b4cb546bbe466144fd7e35d9","","{""winningOptionsBefore"":[],""opponentThreatsBefore"":[],""allowedWinningReplies"":[],""immediateWinAvailable"":false,""tookImmediateWin"":false,""missedImmediateWin"":false,""safeAlternatives"":[3,2,4,1,5,0,6],""avoidableImmediateLoss"":false,""blockedThreat"":false,""playableThreatsAfter"":0,""unsupportedThreatsAfter"":0,""centerMove"":true,""legalCountBefore"":7,""openWindowsAfter"":{""self"":[60,4,0,0,0],""opponent"":[60,2,0,0,0]},""occupancyAfter"":0.047619047619047616}","1790054834069"
"bench-20260922-5-2","normal","benchmark-c4-policy-1.0.0-local","1","false","false","3","human","0","0","bench-20260922-5-2-ply-3","false","699a557b63d177bb342d6391b36d64d39a901796b4cb546bbe466144fd7e35d9","3816c8975c58c9a3adf2a748ae77ffaf56cbdc8470593878058f583f0b1e9b3a","","{""winningOptionsBefore"":[],""opponentThreatsBefore"":[],""allowedWinningReplies"":[],""immediateWinAvailable"":false,""tookImmediateWin"":false,""missedImmediateWin"":false,""safeAlternatives"":[3,2,4,1,5,0,6],""avoidableImmediateLoss"":false,""blockedThreat"":false,""playableThreatsAfter"":0,""unsupportedThreatsAfter"":0,""centerMove"":false,""legalCountBefore"":7,""openWindowsAfter"":{""self"":[58,4,0,0,0],""opponent"":[58,4,0,0,0]},""occupancyAfter"":0.07142857142857142}","1790054834069"
"bench-20260922-5-2","normal","benchmark-c4-policy-1.0.0-local","1","false","false","4","jev","3","1","bench-20260922-5-2-ply-4","false","3816c8975c58c9a3adf2a748ae77ffaf56cbdc8470593878058f583f0b1e9b3a","1f36e018a12b383a87979b4ca6a287a3c57cbf72706f60e056763c7989571e2f","","{""winningOptionsBefore"":[],""opponentThreatsBefore"":[],""allowedWinningReplies"":[],""immediateWinAvailable"":false,""tookImmediateWin"":false,""missedImmediateWin"":false,""safeAlternatives"":[3,2,4,1,5,0,6],""avoidableImmediateLoss"":false,""blockedThreat"":false,""playableThreatsAfter"":0,""unsupportedThreatsAfter"":0,""centerMove"":true,""legalCountBefore"":7,""openWindowsAfter"":{""self"":[50,11,1,0,0],""opponent"":[50,3,0,0,0]},""occupancyAfter"":0.09523809523809523}","1790054834071"
"bench-20260922-5-2","normal","benchmark-c4-policy-1.0.0-local","1","false","false","5","human","1","0","bench-20260922-5-2-ply-5","false","1f36e018a12b383a87979b4ca6a287a3c57cbf72706f60e056763c7989571e2f","57b33c45e16761e8570dd66554bc5a7a5ddf8aae8f194d910d200e00921cfbac","","{""winningOptionsBefore"":[],""opponentThreatsBefore"":[],""allowedWinningReplies"":[],""immediateWinAvailable"":false,""tookImmediateWin"":false,""missedImmediateWin"":false,""safeAlternatives"":[3,2,4,1,5,0,6],""avoidableImmediateLoss"":false,""blockedThreat"":false,""playableThreatsAfter"":0,""unsupportedThreatsAfter"":0,""centerMove"":false,""legalCountBefore"":7,""openWindowsAfter"":{""self"":[48,5,0,0,0],""opponent"":[48,11,1,0,0]},""occupancyAfter"":0.11904761904761904}","1790054834072"
"bench-20260922-5-2","normal","benchmark-c4-policy-1.0.0-local","1","false","false","6","jev","3","2","bench-20260922-5-2-ply-6","false","57b33c45e16761e8570dd66554bc5a7a5ddf8aae8f194d910d200e00921cfbac","50f09fc9825503d03442cb496a411ad6901f79542faaa3b66f2bd5330a306d8e","","{""winningOptionsBefore"":[],""opponentThreatsBefore"":[],""allowedWinningReplies"":[],""immediateWinAvailable"":false,""tookImmediateWin"":false,""missedImmediateWin"":false,""safeAlternatives"":[3,2,4,1,5,0,6],""avoidableImmediateLoss"":false,""blockedThreat"":false,""playableThreatsAfter"":1,""unsupportedThreatsAfter"":0,""centerMove"":true,""legalCountBefore"":7,""openWindowsAfter"":{""self"":[38,20,1,1,0],""opponent"":[38,4,0,0,0]},""occupancyAfter"":0.14285714285714285}","1790054834075"
"bench-20260922-5-2","normal","benchmark-c4-policy-1.0.0-local","1","false","false","7","human","1","1","bench-20260922-5-2-ply-7","false","50f09fc9825503d03442cb496a411ad6901f79542faaa3b66f2bd5330a306d8e","d7895d28d8ea59f0a23112e35a632bba4c26bcf98f943d194a56095795be91ab","","{""winningOptionsBefore"":[],""opponentThreatsBefore"":[3],""allowedWinningReplies"":[3],""immediateWinAvailable"":false,""tookImmediateWin"":false,""missedImmediateWin"":false,""safeAlternatives"":[3],""avoidableImmediateLoss"":true,""blockedThreat"":false,""playableThreatsAfter"":0,""unsupportedThreatsAfter"":0,""centerMove"":false,""legalCountBefore"":7,""openWindowsAfter"":{""self"":[36,4,2,0,0],""opponent"":[36,18,1,1,0]},""occupancyAfter"":0.16666666666666666}","1790054834076"
"bench-20260922-5-2","normal","benchmark-c4-policy-1.0.0-local","1","false","false","8","jev","3","3","bench-20260922-5-2-ply-8","false","d7895d28d8ea59f0a23112e35a632bba4c26bcf98f943d194a56095795be91ab","13060bc1aba2c8f99a9c6fdca9343825e47468c95533325450f60c99e234764c","","{""winningOptionsBefore"":[3],""opponentThreatsBefore"":[],""allowedWinningReplies"":[],""immediateWinAvailable"":true,""tookImmediateWin"":true,""missedImmediateWin"":false,""safeAlternatives"":[3,2,4,1,5,0,6],""avoidableImmediateLoss"":false,""blockedThreat"":false,""playableThreatsAfter"":1,""unsupportedThreatsAfter"":0,""centerMove"":true,""legalCountBefore"":7,""openWindowsAfter"":{""self"":[28,25,1,1,1],""opponent"":[28,3,1,0,0]},""occupancyAfter"":0.19047619047619047}","1790054834078"
"bench-20260922-6-1","normal","benchmark-c4-policy-1.0.0-local","2","false","false","1","jev","3","0","","true","ad8a81d14e5bf81950606f727698b1c2ff606f3e3dfa5704014475a3ce6be43a","5dc6d94d13ebdf020453ed5adff1525915f4e059815ff753f98f3e1919f34391","","{""winningOptionsBefore"":[],""opponentThreatsBefore"":[],""allowedWinningReplies"":[],""immediateWinAvailable"":false,""tookImmediateWin"":false,""missedImmediateWin"":false,""safeAlternatives"":[3,2,4,1,5,0,6],""avoidableImmediateLoss"":false,""blockedThreat"":false,""playableThreatsAfter"":0,""unsupportedThreatsAfter"":0,""centerMove"":true,""legalCountBefore"":7,""openWindowsAfter"":{""self"":[62,7,0,0,0],""opponent"":[62,0,0,0,0]},""occupancyAfter"":0.023809523809523808}","1790054834079"
"bench-20260922-6-1","normal","benchmark-c4-policy-1.0.0-local","2","false","false","2","human","2","0","bench-20260922-6-1-ply-2","false","5dc6d94d13ebdf020453ed5adff1525915f4e059815ff753f98f3e1919f34391","53c4c99dd5f106f68cefdce136cb0aae60774d7e3cc6bb356c9b4f9f84308a48","","{""winningOptionsBefore"":[],""opponentThreatsBefore"":[],""allowedWinningReplies"":[],""immediateWinAvailable"":false,""tookImmediateWin"":false,""missedImmediateWin"":false,""safeAlternatives"":[3,2,4,1,5,0,6],""avoidableImmediateLoss"":false,""blockedThreat"":false,""playableThreatsAfter"":0,""unsupportedThreatsAfter"":0,""centerMove"":false,""legalCountBefore"":7,""openWindowsAfter"":{""self"":[60,2,0,0,0],""opponent"":[60,4,0,0,0]},""occupancyAfter"":0.047619047619047616}","1790054834080"
"bench-20260922-6-1","normal","benchmark-c4-policy-1.0.0-local","2","false","false","3","jev","3","1","bench-20260922-6-1-ply-3","false","53c4c99dd5f106f68cefdce136cb0aae60774d7e3cc6bb356c9b4f9f84308a48","7d01ad347cabe929abc9bbc254fc817fb5646a11ffacc169e2679b8f7762bd2a","","{""winningOptionsBefore"":[],""opponentThreatsBefore"":[],""allowedWinningReplies"":[],""immediateWinAvailable"":false,""tookImmediateWin"":false,""missedImmediateWin"":false,""safeAlternatives"":[3,2,4,1,5,0,6],""avoidableImmediateLoss"":false,""blockedThreat"":false,""playableThreatsAfter"":0,""unsupportedThreatsAfter"":0,""centerMove"":true,""legalCountBefore"":7,""openWindowsAfter"":{""self"":[52,11,1,0,0],""opponent"":[52,1,0,0,0]},""occupancyAfter"":0.07142857142857142}","1790054834083"
"bench-20260922-6-1","normal","benchmark-c4-policy-1.0.0-local","2","false","false","4","human","4","0","bench-20260922-6-1-ply-4","false","7d01ad347cabe929abc9bbc254fc817fb5646a11ffacc169e2679b8f7762bd2a","b3dbd40d8a26674ef7f4cfef4139ed2d9cefc8e55bb30b0f136911a4efaf6cd3","","{""winningOptionsBefore"":[],""opponentThreatsBefore"":[],""allowedWinningReplies"":[],""immediateWinAvailable"":false,""tookImmediateWin"":false,""missedImmediateWin"":false,""safeAlternatives"":[3,2,4,1,5,0,6],""avoidableImmediateLoss"":false,""blockedThreat"":false,""playableThreatsAfter"":0,""unsupportedThreatsAfter"":0,""centerMove"":false,""legalCountBefore"":7,""openWindowsAfter"":{""self"":[51,2,0,0,0],""opponent"":[51,9,1,0,0]},""occupancyAfter"":0.09523809523809523}","1790054834084"
"bench-20260922-6-1","normal","benchmark-c4-policy-1.0.0-local","2","false","false","5","jev","3","2","bench-20260922-6-1-ply-5","false","b3dbd40d8a26674ef7f4cfef4139ed2d9cefc8e55bb30b0f136911a4efaf6cd3","2c23ea5e30dee4cd38775b9c5d2770e1c4913c7944e1306b51a71c81e66956a3","","{""winningOptionsBefore"":[],""opponentThreatsBefore"":[],""allowedWinningReplies"":[],""immediateWinAvailable"":false,""tookImmediateWin"":false,""missedImmediateWin"":false,""safeAlternatives"":[3,2,4,1,5,0,6],""avoidableImmediateLoss"":false,""blockedThreat"":false,""playableThreatsAfter"":1,""unsupportedThreatsAfter"":0,""centerMove"":true,""legalCountBefore"":7,""openWindowsAfter"":{""self"":[40,19,1,1,0],""opponent"":[40,2,0,0,0]},""occupancyAfter"":0.11904761904761904}","1790054834086"
"bench-20260922-6-1","normal","benchmark-c4-policy-1.0.0-local","2","false","false","6","human","3","3","bench-20260922-6-1-ply-6","false","2c23ea5e30dee4cd38775b9c5d2770e1c4913c7944e1306b51a71c81e66956a3","5039f6cf6aab0ee14b078dc20e33f7a9df3c1df0c975718a06c182f9594f6e46","","{""winningOptionsBefore"":[],""opponentThreatsBefore"":[3],""allowedWinningReplies"":[],""immediateWinAvailable"":false,""tookImmediateWin"":false,""missedImmediateWin"":false,""safeAlternatives"":[3],""avoidableImmediateLoss"":false,""blockedThreat"":true,""playableThreatsAfter"":0,""unsupportedThreatsAfter"":0,""centerMove"":true,""legalCountBefore"":7,""openWindowsAfter"":{""self"":[30,12,0,0,0],""opponent"":[30,18,0,0,0]},""occupancyAfter"":0.14285714285714285}","1790054834090"
"bench-20260922-6-1","normal","benchmark-c4-policy-1.0.0-local","2","false","false","7","jev","2","1","bench-20260922-6-1-ply-7","false","5039f6cf6aab0ee14b078dc20e33f7a9df3c1df0c975718a06c182f9594f6e46","64635c45a6660651749bd2f4cef626b676fd4a5e19f2bccd6905ecfba8e40a5e","","{""winningOptionsBefore"":[],""opponentThreatsBefore"":[],""allowedWinningReplies"":[],""immediateWinAvailable"":false,""tookImmediateWin"":false,""missedImmediateWin"":false,""safeAlternatives"":[3,2,4,1,5,0,6],""avoidableImmediateLoss"":false,""blockedThreat"":false,""playableThreatsAfter"":0,""unsupportedThreatsAfter"":0,""centerMove"":false,""legalCountBefore"":7,""openWindowsAfter"":{""self"":[29,13,6,0,0],""opponent"":[29,11,0,0,0]},""occupancyAfter"":0.16666666666666666}","1790054834094"
"bench-20260922-6-1","normal","benchmark-c4-policy-1.0.0-local","2","false","false","8","human","5","0","bench-20260922-6-1-ply-8","false","64635c45a6660651749bd2f4cef626b676fd4a5e19f2bccd6905ecfba8e40a5e","f43c354f31534f4a3733c88b74624d420fc8ff8fde4aa8113d3ee0d7f5f27111","","{""winningOptionsBefore"":[],""opponentThreatsBefore"":[],""allowedWinningReplies"":[],""immediateWinAvailable"":false,""tookImmediateWin"":false,""missedImmediateWin"":false,""safeAlternatives"":[3,2,4,1,5,0,6],""avoidableImmediateLoss"":false,""blockedThreat"":false,""playableThreatsAfter"":0,""unsupportedThreatsAfter"":0,""centerMove"":false,""legalCountBefore"":7,""openWindowsAfter"":{""self"":[28,12,0,0,0],""opponent"":[28,12,6,0,0]},""occupancyAfter"":0.19047619047619047}","1790054834095"
"bench-20260922-6-1","normal","benchmark-c4-policy-1.0.0-local","2","false","false","9","jev","4","1","bench-20260922-6-1-ply-9","false","f43c354f31534f4a3733c88b74624d420fc8ff8fde4aa8113d3ee0d7f5f27111","729b6e0b5e7857ebb8f15fb5169c78bd74a3c03df1d32a82042ab8ac9ba3de25","","{""winningOptionsBefore"":[],""opponentThreatsBefore"":[],""allowedWinningReplies"":[],""immediateWinAvailable"":false,""tookImmediateWin"":false,""missedImmediateWin"":false,""safeAlternatives"":[3,2,4,1,5,0,6],""avoidableImmediateLoss"":false,""blockedThreat"":false,""playableThreatsAfter"":1,""unsupportedThreatsAfter"":1,""centerMove"":false,""legalCountBefore"":7,""openWindowsAfter"":{""self"":[27,10,7,2,0],""opponent"":[27,11,0,0,0]},""occupancyAfter"":0.21428571428571427}","1790054834097"
"bench-20260922-6-1","normal","benchmark-c4-policy-1.0.0-local","2","false","false","10","human","0","0","bench-20260922-6-1-ply-10","false","729b6e0b5e7857ebb8f15fb5169c78bd74a3c03df1d32a82042ab8ac9ba3de25","534f0b8808cb354d8340e3824136b935cedd25d9faa853f0865e360151b29bc9","","{""winningOptionsBefore"":[],""opponentThreatsBefore"":[5],""allowedWinningReplies"":[5],""immediateWinAvailable"":false,""tookImmediateWin"":false,""missedImmediateWin"":false,""safeAlternatives"":[5],""avoidableImmediateLoss"":true,""blockedThreat"":false,""playableThreatsAfter"":0,""unsupportedThreatsAfter"":0,""centerMove"":false,""legalCountBefore"":7,""openWindowsAfter"":{""self"":[26,11,1,0,0],""opponent"":[26,10,7,2,0]},""occupancyAfter"":0.23809523809523808}","1790054834098"
"bench-20260922-6-1","normal","benchmark-c4-policy-1.0.0-local","2","false","false","11","jev","5","1","bench-20260922-6-1-ply-11","false","534f0b8808cb354d8340e3824136b935cedd25d9faa853f0865e360151b29bc9","2e51e21a6f23818bf312d45a09d814bc55dcf2715ab9755e5c29146e128af6de","","{""winningOptionsBefore"":[5],""opponentThreatsBefore"":[],""allowedWinningReplies"":[],""immediateWinAvailable"":true,""tookImmediateWin"":true,""missedImmediateWin"":false,""safeAlternatives"":[3,2,4,1,5,0,6],""avoidableImmediateLoss"":false,""blockedThreat"":false,""playableThreatsAfter"":0,""unsupportedThreatsAfter"":2,""centerMove"":false,""legalCountBefore"":7,""openWindowsAfter"":{""self"":[25,11,6,2,1],""opponent"":[25,8,1,0,0]},""occupancyAfter"":0.2619047619047619}","1790054834101"
"bench-20260922-6-2","normal","benchmark-c4-policy-1.0.0-local","1","false","false","1","human","3","0","","true","ad8a81d14e5bf81950606f727698b1c2ff606f3e3dfa5704014475a3ce6be43a","5dc6d94d13ebdf020453ed5adff1525915f4e059815ff753f98f3e1919f34391","","{""winningOptionsBefore"":[],""opponentThreatsBefore"":[],""allowedWinningReplies"":[],""immediateWinAvailable"":false,""tookImmediateWin"":false,""missedImmediateWin"":false,""safeAlternatives"":[3,2,4,1,5,0,6],""avoidableImmediateLoss"":false,""blockedThreat"":false,""playableThreatsAfter"":0,""unsupportedThreatsAfter"":0,""centerMove"":true,""legalCountBefore"":7,""openWindowsAfter"":{""self"":[62,7,0,0,0],""opponent"":[62,0,0,0,0]},""occupancyAfter"":0.023809523809523808}","1790054834102"
"bench-20260922-6-2","normal","benchmark-c4-policy-1.0.0-local","1","false","false","2","jev","3","1","bench-20260922-6-2-ply-2","false","5dc6d94d13ebdf020453ed5adff1525915f4e059815ff753f98f3e1919f34391","87a514f589150cc6d5e71961693636711452acc423ae026c02bcdbe651d1fd62","","{""winningOptionsBefore"":[],""opponentThreatsBefore"":[],""allowedWinningReplies"":[],""immediateWinAvailable"":false,""tookImmediateWin"":false,""missedImmediateWin"":false,""safeAlternatives"":[3,2,4,1,5,0,6],""avoidableImmediateLoss"":false,""blockedThreat"":false,""playableThreatsAfter"":0,""unsupportedThreatsAfter"":0,""centerMove"":true,""legalCountBefore"":7,""openWindowsAfter"":{""self"":[53,9,0,0,0],""opponent"":[53,6,0,0,0]},""occupancyAfter"":0.047619047619047616}","1790054834104"
"bench-20260922-6-2","normal","benchmark-c4-policy-1.0.0-local","1","false","false","3","human","2","0","bench-20260922-6-2-ply-3","false","87a514f589150cc6d5e71961693636711452acc423ae026c02bcdbe651d1fd62","f9187530bfb5eee96785ecc6033ac7f40c8a59e7f38fc5e3f5abe26401fc1291","","{""winningOptionsBefore"":[],""opponentThreatsBefore"":[],""allowedWinningReplies"":[],""immediateWinAvailable"":false,""tookImmediateWin"":false,""missedImmediateWin"":false,""safeAlternatives"":[3,2,4,1,5,0,6],""avoidableImmediateLoss"":false,""blockedThreat"":false,""playableThreatsAfter"":0,""unsupportedThreatsAfter"":0,""centerMove"":false,""legalCountBefore"":7,""openWindowsAfter"":{""self"":[52,4,3,0,0],""opponent"":[52,8,0,0,0]},""occupancyAfter"":0.07142857142857142}","1790054834104"
"bench-20260922-6-2","normal","benchmark-c4-policy-1.0.0-local","1","false","false","4","jev","4","0","bench-20260922-6-2-ply-4","false","f9187530bfb5eee96785ecc6033ac7f40c8a59e7f38fc5e3f5abe26401fc1291","663222501cf2bff5d029198177e7202b5f2df2f4449d23eb8ba8da544994461d","","{""winningOptionsBefore"":[],""opponentThreatsBefore"":[],""allowedWinningReplies"":[],""immediateWinAvailable"":false,""tookImmediateWin"":false,""missedImmediateWin"":false,""safeAlternatives"":[3,2,4,1,5,0,6],""avoidableImmediateLoss"":false,""blockedThreat"":false,""playableThreatsAfter"":0,""unsupportedThreatsAfter"":0,""centerMove"":false,""legalCountBefore"":7,""openWindowsAfter"":{""self"":[51,8,1,0,0],""opponent"":[51,3,1,0,0]},""occupancyAfter"":0.09523809523809523}","1790054834107"
"bench-20260922-6-2","normal","benchmark-c4-policy-1.0.0-local","1","false","false","5","human","4","1","bench-20260922-6-2-ply-5","false","663222501cf2bff5d029198177e7202b5f2df2f4449d23eb8ba8da544994461d","af0a8653ab8e963c15bcfdafee37e87d8efa130042ea32cea3e55ee85d40a269","","{""winningOptionsBefore"":[],""opponentThreatsBefore"":[],""allowedWinningReplies"":[],""immediateWinAvailable"":false,""tookImmediateWin"":false,""missedImmediateWin"":false,""safeAlternatives"":[3,2,4,1,5,0,6],""avoidableImmediateLoss"":false,""blockedThreat"":false,""playableThreatsAfter"":0,""unsupportedThreatsAfter"":0,""centerMove"":false,""legalCountBefore"":7,""openWindowsAfter"":{""self"":[48,5,2,0,0],""opponent"":[48,4,1,0,0]},""occupancyAfter"":0.11904761904761904}","1790054834108"
"bench-20260922-6-2","normal","benchmark-c4-policy-1.0.0-local","1","false","false","6","jev","3","2","bench-20260922-6-2-ply-6","false","af0a8653ab8e963c15bcfdafee37e87d8efa130042ea32cea3e55ee85d40a269","cca0174f21dbe1cac786f2eb5667e799d8994a87ecb8d7d3afad477e1fd2716d","","{""winningOptionsBefore"":[],""opponentThreatsBefore"":[],""allowedWinningReplies"":[],""immediateWinAvailable"":false,""tookImmediateWin"":false,""missedImmediateWin"":false,""safeAlternatives"":[3,2,4,1,5,0,6],""avoidableImmediateLoss"":false,""blockedThreat"":false,""playableThreatsAfter"":0,""unsupportedThreatsAfter"":0,""centerMove"":true,""legalCountBefore"":7,""openWindowsAfter"":{""self"":[39,12,2,0,0],""opponent"":[39,3,2,0,0]},""occupancyAfter"":0.14285714285714285}","1790054834111"
"bench-20260922-6-2","normal","benchmark-c4-policy-1.0.0-local","1","false","false","7","human","3","3","bench-20260922-6-2-ply-7","false","cca0174f21dbe1cac786f2eb5667e799d8994a87ecb8d7d3afad477e1fd2716d","7b3d91c8f07498ad9a6528a3d50733c965c85ec14ef892016212078c6e1e55cf","","{""winningOptionsBefore"":[],""opponentThreatsBefore"":[],""allowedWinningReplies"":[],""immediateWinAvailable"":false,""tookImmediateWin"":false,""missedImmediateWin"":false,""safeAlternatives"":[3,2,4,1,5,0,6],""avoidableImmediateLoss"":false,""blockedThreat"":false,""playableThreatsAfter"":0,""unsupportedThreatsAfter"":0,""centerMove"":true,""legalCountBefore"":7,""openWindowsAfter"":{""self"":[29,13,2,0,0],""opponent"":[29,11,1,0,0]},""occupancyAfter"":0.16666666666666666}","1790054834112"
"bench-20260922-6-2","normal","benchmark-c4-policy-1.0.0-local","1","false","false","8","jev","4","2","bench-20260922-6-2-ply-8","false","7b3d91c8f07498ad9a6528a3d50733c965c85ec14ef892016212078c6e1e55cf","99caf39ab24d29674074f2081c1030cb34e3f11d507b5056bca9da3c09c9ac84","","{""winningOptionsBefore"":[],""opponentThreatsBefore"":[],""allowedWinningReplies"":[],""immediateWinAvailable"":false,""tookImmediateWin"":false,""missedImmediateWin"":false,""safeAlternatives"":[3,2,4,1,5,0,6],""avoidableImmediateLoss"":false,""blockedThreat"":false,""playableThreatsAfter"":0,""unsupportedThreatsAfter"":0,""centerMove"":false,""legalCountBefore"":7,""openWindowsAfter"":{""self"":[28,8,5,0,0],""opponent"":[28,9,2,0,0]},""occupancyAfter"":0.19047619047619047}","1790054834114"
"bench-20260922-6-2","normal","benchmark-c4-policy-1.0.0-local","1","false","false","9","human","5","0","bench-20260922-6-2-ply-9","false","99caf39ab24d29674074f2081c1030cb34e3f11d507b5056bca9da3c09c9ac84","3f3c59815ed525f7f21df8de6a447894371aea6210304ac310304156a3fe2513","","{""winningOptionsBefore"":[],""opponentThreatsBefore"":[],""allowedWinningReplies"":[],""immediateWinAvailable"":false,""tookImmediateWin"":false,""missedImmediateWin"":false,""safeAlternatives"":[3,2,4,1,5,0,6],""avoidableImmediateLoss"":false,""blockedThreat"":false,""playableThreatsAfter"":0,""unsupportedThreatsAfter"":0,""centerMove"":false,""legalCountBefore"":7,""openWindowsAfter"":{""self"":[27,10,2,0,0],""opponent"":[27,8,5,0,0]},""occupancyAfter"":0.21428571428571427}","1790054834115"
"bench-20260922-6-2","normal","benchmark-c4-policy-1.0.0-local","1","false","false","10","jev","4","3","bench-20260922-6-2-ply-10","false","3f3c59815ed525f7f21df8de6a447894371aea6210304ac310304156a3fe2513","1807a7b3539872ea24ddcf0d9f00a9ef504b4d618351d5e77671e3d2dd3ea390","","{""winningOptionsBefore"":[],""opponentThreatsBefore"":[],""allowedWinningReplies"":[],""immediateWinAvailable"":false,""tookImmediateWin"":false,""missedImmediateWin"":false,""safeAlternatives"":[3,2,4,1,5,0,6],""avoidableImmediateLoss"":false,""blockedThreat"":false,""playableThreatsAfter"":0,""unsupportedThreatsAfter"":0,""centerMove"":false,""legalCountBefore"":7,""openWindowsAfter"":{""self"":[25,6,9,0,0],""opponent"":[25,7,2,0,0]},""occupancyAfter"":0.23809523809523808}","1790054834117"
"bench-20260922-6-2","normal","benchmark-c4-policy-1.0.0-local","1","false","false","11","human","0","0","bench-20260922-6-2-ply-11","false","1807a7b3539872ea24ddcf0d9f00a9ef504b4d618351d5e77671e3d2dd3ea390","e487b88c149cefd953c1c71afff05a5ce3a748c35bca6176cbcb43920de1aad5","","{""winningOptionsBefore"":[],""opponentThreatsBefore"":[],""allowedWinningReplies"":[],""immediateWinAvailable"":false,""tookImmediateWin"":false,""missedImmediateWin"":false,""safeAlternatives"":[3,2,4,1,5,0,6],""avoidableImmediateLoss"":false,""blockedThreat"":false,""playableThreatsAfter"":1,""unsupportedThreatsAfter"":0,""centerMove"":false,""legalCountBefore"":7,""openWindowsAfter"":{""self"":[24,7,2,1,0],""opponent"":[24,6,9,0,0]},""occupancyAfter"":0.2619047619047619}","1790054834118"
"bench-20260922-6-2","normal","benchmark-c4-policy-1.0.0-local","1","false","false","12","jev","1","0","bench-20260922-6-2-ply-12","false","e487b88c149cefd953c1c71afff05a5ce3a748c35bca6176cbcb43920de1aad5","6b027ef71b2e79a9ba8e1b57debcea0c962e2175f841a76946717fe196b918fe","","{""winningOptionsBefore"":[],""opponentThreatsBefore"":[1],""allowedWinningReplies"":[],""immediateWinAvailable"":false,""tookImmediateWin"":false,""missedImmediateWin"":false,""safeAlternatives"":[1],""avoidableImmediateLoss"":false,""blockedThreat"":true,""playableThreatsAfter"":1,""unsupportedThreatsAfter"":0,""centerMove"":false,""legalCountBefore"":7,""openWindowsAfter"":{""self"":[23,7,8,1,0],""opponent"":[23,7,2,0,0]},""occupancyAfter"":0.2857142857142857}","1790054834121"
"bench-20260922-6-2","normal","benchmark-c4-policy-1.0.0-local","1","false","false","13","human","0","1","bench-20260922-6-2-ply-13","false","6b027ef71b2e79a9ba8e1b57debcea0c962e2175f841a76946717fe196b918fe","22f87456bc1cc6c5e2e4e201dca8f25b21965402cc2ba5ea8949c573da70a567","","{""winningOptionsBefore"":[],""opponentThreatsBefore"":[2],""allowedWinningReplies"":[2],""immediateWinAvailable"":false,""tookImmediateWin"":false,""missedImmediateWin"":false,""safeAlternatives"":[2],""avoidableImmediateLoss"":true,""blockedThreat"":false,""playableThreatsAfter"":0,""unsupportedThreatsAfter"":0,""centerMove"":false,""legalCountBefore"":7,""openWindowsAfter"":{""self"":[21,8,3,0,0],""opponent"":[21,6,8,1,0]},""occupancyAfter"":0.30952380952380953}","1790054834122"
"bench-20260922-6-2","normal","benchmark-c4-policy-1.0.0-local","1","false","false","14","jev","2","1","bench-20260922-6-2-ply-14","false","22f87456bc1cc6c5e2e4e201dca8f25b21965402cc2ba5ea8949c573da70a567","4e0acbc979bec61173e795f6629f0d083561fe082e2ba84a68944d8ccff6567b","","{""winningOptionsBefore"":[2],""opponentThreatsBefore"":[],""allowedWinningReplies"":[],""immediateWinAvailable"":true,""tookImmediateWin"":true,""missedImmediateWin"":false,""safeAlternatives"":[3,2,4,1,5,0,6],""avoidableImmediateLoss"":false,""blockedThreat"":false,""playableThreatsAfter"":0,""unsupportedThreatsAfter"":1,""centerMove"":false,""legalCountBefore"":7,""openWindowsAfter"":{""self"":[20,7,7,1,1],""opponent"":[20,6,3,0,0]},""occupancyAfter"":0.3333333333333333}","1790054834124"
"bench-20260922-7-1","normal","benchmark-c4-policy-1.0.0-local","2","false","false","1","jev","6","0","","true","ad8a81d14e5bf81950606f727698b1c2ff606f3e3dfa5704014475a3ce6be43a","97c6612db8e4be596e6408bee1313ab0afadd644638e6bb828544bcc50585dee","","{""winningOptionsBefore"":[],""opponentThreatsBefore"":[],""allowedWinningReplies"":[],""immediateWinAvailable"":false,""tookImmediateWin"":false,""missedImmediateWin"":false,""safeAlternatives"":[3,2,4,1,5,0,6],""avoidableImmediateLoss"":false,""blockedThreat"":false,""playableThreatsAfter"":0,""unsupportedThreatsAfter"":0,""centerMove"":false,""legalCountBefore"":7,""openWindowsAfter"":{""self"":[66,3,0,0,0],""opponent"":[66,0,0,0,0]},""occupancyAfter"":0.023809523809523808}","1790054834125"
"bench-20260922-7-1","normal","benchmark-c4-policy-1.0.0-local","2","false","false","2","human","5","0","","true","97c6612db8e4be596e6408bee1313ab0afadd644638e6bb828544bcc50585dee","6ced4ee66ba9515ed5f1c171d7610bff67cf1a3861bcba0ad22d6bceafd38b53","","{""winningOptionsBefore"":[],""opponentThreatsBefore"":[],""allowedWinningReplies"":[],""immediateWinAvailable"":false,""tookImmediateWin"":false,""missedImmediateWin"":false,""safeAlternatives"":[3,2,4,1,5,0,6],""avoidableImmediateLoss"":false,""blockedThreat"":false,""playableThreatsAfter"":0,""unsupportedThreatsAfter"":0,""centerMove"":false,""legalCountBefore"":7,""openWindowsAfter"":{""self"":[63,3,0,0,0],""opponent"":[63,2,0,0,0]},""occupancyAfter"":0.047619047619047616}","1790054834126"
"bench-20260922-7-1","normal","benchmark-c4-policy-1.0.0-local","2","false","false","3","jev","3","0","bench-20260922-7-1-ply-3","false","6ced4ee66ba9515ed5f1c171d7610bff67cf1a3861bcba0ad22d6bceafd38b53","8ddbfb8ee27a5e18d1bf2c0fbe220cba6baa7b92dfd5ff1888476625f59daedc","","{""winningOptionsBefore"":[],""opponentThreatsBefore"":[],""allowedWinningReplies"":[],""immediateWinAvailable"":false,""tookImmediateWin"":false,""missedImmediateWin"":false,""safeAlternatives"":[3,2,4,1,5,0,6],""avoidableImmediateLoss"":false,""blockedThreat"":false,""playableThreatsAfter"":0,""unsupportedThreatsAfter"":0,""centerMove"":true,""legalCountBefore"":7,""openWindowsAfter"":{""self"":[58,7,0,0,0],""opponent"":[58,2,0,0,0]},""occupancyAfter"":0.07142857142857142}","1790054834129"
"bench-20260922-7-1","normal","benchmark-c4-policy-1.0.0-local","2","false","false","4","human","2","0","bench-20260922-7-1-ply-4","false","8ddbfb8ee27a5e18d1bf2c0fbe220cba6baa7b92dfd5ff1888476625f59daedc","9b9b9b73c587ad5cd108796935d7355fa874604561e3bf16fd52e2e527921fa0","","{""winningOptionsBefore"":[],""opponentThreatsBefore"":[],""allowedWinningReplies"":[],""immediateWinAvailable"":false,""tookImmediateWin"":false,""missedImmediateWin"":false,""safeAlternatives"":[3,2,4,1,5,0,6],""avoidableImmediateLoss"":false,""blockedThreat"":false,""playableThreatsAfter"":0,""unsupportedThreatsAfter"":0,""centerMove"":false,""legalCountBefore"":7,""openWindowsAfter"":{""self"":[56,4,0,0,0],""opponent"":[56,5,0,0,0]},""occupancyAfter"":0.09523809523809523}","1790054834130"
"bench-20260922-7-1","normal","benchmark-c4-policy-1.0.0-local","2","false","false","5","jev","3","1","bench-20260922-7-1-ply-5","false","9b9b9b73c587ad5cd108796935d7355fa874604561e3bf16fd52e2e527921fa0","8121b4b6b2faaaaafe64433458a100a81786629cbc6947711caa5f1b163e7495","","{""winningOptionsBefore"":[],""opponentThreatsBefore"":[],""allowedWinningReplies"":[],""immediateWinAvailable"":false,""tookImmediateWin"":false,""missedImmediateWin"":false,""safeAlternatives"":[3,2,4,1,5,0,6],""avoidableImmediateLoss"":false,""blockedThreat"":false,""playableThreatsAfter"":0,""unsupportedThreatsAfter"":0,""centerMove"":true,""legalCountBefore"":7,""openWindowsAfter"":{""self"":[48,12,1,0,0],""opponent"":[48,3,0,0,0]},""occupancyAfter"":0.11904761904761904}","1790054834132"
"bench-20260922-7-1","normal","benchmark-c4-policy-1.0.0-local","2","false","false","6","human","6","1","bench-20260922-7-1-ply-6","false","8121b4b6b2faaaaafe64433458a100a81786629cbc6947711caa5f1b163e7495","d4fc3b220a80d7dfa8925b45cc42f82e692d5d2319d1e3821e453faf2d9f5460","","{""winningOptionsBefore"":[],""opponentThreatsBefore"":[],""allowedWinningReplies"":[],""immediateWinAvailable"":false,""tookImmediateWin"":false,""missedImmediateWin"":false,""safeAlternatives"":[3,2,4,1,5,0,6],""avoidableImmediateLoss"":false,""blockedThreat"":false,""playableThreatsAfter"":0,""unsupportedThreatsAfter"":0,""centerMove"":false,""legalCountBefore"":7,""openWindowsAfter"":{""self"":[46,5,0,0,0],""opponent"":[46,10,1,0,0]},""occupancyAfter"":0.14285714285714285}","1790054834133"
"bench-20260922-7-1","normal","benchmark-c4-policy-1.0.0-local","2","false","false","7","jev","3","2","bench-20260922-7-1-ply-7","false","d4fc3b220a80d7dfa8925b45cc42f82e692d5d2319d1e3821e453faf2d9f5460","090be9aba831effe6cdf4e443b0fb32216a08a41da506e655d441985e98aa000","","{""winningOptionsBefore"":[],""opponentThreatsBefore"":[],""allowedWinningReplies"":[],""immediateWinAvailable"":false,""tookImmediateWin"":false,""missedImmediateWin"":false,""safeAlternatives"":[3,2,4,1,5,0,6],""avoidableImmediateLoss"":false,""blockedThreat"":false,""playableThreatsAfter"":1,""unsupportedThreatsAfter"":0,""centerMove"":true,""legalCountBefore"":7,""openWindowsAfter"":{""self"":[36,19,1,1,0],""opponent"":[36,4,0,0,0]},""occupancyAfter"":0.16666666666666666}","1790054834135"
"bench-20260922-7-1","normal","benchmark-c4-policy-1.0.0-local","2","false","false","8","human","6","2","bench-20260922-7-1-ply-8","false","090be9aba831effe6cdf4e443b0fb32216a08a41da506e655d441985e98aa000","f12cde4316ad2663a67ac5a2f3e2f516b44149c4408266292da6b5db9aa0eb35","","{""winningOptionsBefore"":[],""opponentThreatsBefore"":[3],""allowedWinningReplies"":[3],""immediateWinAvailable"":false,""tookImmediateWin"":false,""missedImmediateWin"":false,""safeAlternatives"":[3],""avoidableImmediateLoss"":true,""blockedThreat"":false,""playableThreatsAfter"":0,""unsupportedThreatsAfter"":0,""centerMove"":false,""legalCountBefore"":7,""openWindowsAfter"":{""self"":[34,5,1,0,0],""opponent"":[34,18,1,1,0]},""occupancyAfter"":0.19047619047619047}","1790054834136"
"bench-20260922-7-1","normal","benchmark-c4-policy-1.0.0-local","2","false","false","9","jev","3","3","bench-20260922-7-1-ply-9","false","f12cde4316ad2663a67ac5a2f3e2f516b44149c4408266292da6b5db9aa0eb35","176d2b3d990cfa896fd2e724b384324cd60e2db2cf3263ec58562ee29c75c609","","{""winningOptionsBefore"":[3],""opponentThreatsBefore"":[],""allowedWinningReplies"":[],""immediateWinAvailable"":true,""tookImmediateWin"":true,""missedImmediateWin"":false,""safeAlternatives"":[3,2,4,1,5,0,6],""avoidableImmediateLoss"":false,""blockedThreat"":false,""playableThreatsAfter"":1,""unsupportedThreatsAfter"":0,""centerMove"":true,""legalCountBefore"":7,""openWindowsAfter"":{""self"":[25,25,2,1,1],""opponent"":[25,5,1,0,0]},""occupancyAfter"":0.21428571428571427}","1790054834138"
"bench-20260922-7-2","normal","benchmark-c4-policy-1.0.0-local","1","false","false","1","human","6","0","","true","ad8a81d14e5bf81950606f727698b1c2ff606f3e3dfa5704014475a3ce6be43a","97c6612db8e4be596e6408bee1313ab0afadd644638e6bb828544bcc50585dee","","{""winningOptionsBefore"":[],""opponentThreatsBefore"":[],""allowedWinningReplies"":[],""immediateWinAvailable"":false,""tookImmediateWin"":false,""missedImmediateWin"":false,""safeAlternatives"":[3,2,4,1,5,0,6],""avoidableImmediateLoss"":false,""blockedThreat"":false,""playableThreatsAfter"":0,""unsupportedThreatsAfter"":0,""centerMove"":false,""legalCountBefore"":7,""openWindowsAfter"":{""self"":[66,3,0,0,0],""opponent"":[66,0,0,0,0]},""occupancyAfter"":0.023809523809523808}","1790054834139"
"bench-20260922-7-2","normal","benchmark-c4-policy-1.0.0-local","1","false","false","2","jev","5","0","","true","97c6612db8e4be596e6408bee1313ab0afadd644638e6bb828544bcc50585dee","6ced4ee66ba9515ed5f1c171d7610bff67cf1a3861bcba0ad22d6bceafd38b53","","{""winningOptionsBefore"":[],""opponentThreatsBefore"":[],""allowedWinningReplies"":[],""immediateWinAvailable"":false,""tookImmediateWin"":false,""missedImmediateWin"":false,""safeAlternatives"":[3,2,4,1,5,0,6],""avoidableImmediateLoss"":false,""blockedThreat"":false,""playableThreatsAfter"":0,""unsupportedThreatsAfter"":0,""centerMove"":false,""legalCountBefore"":7,""openWindowsAfter"":{""self"":[63,3,0,0,0],""opponent"":[63,2,0,0,0]},""occupancyAfter"":0.047619047619047616}","1790054834139"
"bench-20260922-7-2","normal","benchmark-c4-policy-1.0.0-local","1","false","false","3","human","2","0","bench-20260922-7-2-ply-3","false","6ced4ee66ba9515ed5f1c171d7610bff67cf1a3861bcba0ad22d6bceafd38b53","0d1f64ca093987d09a77700c28a03ad9cf644e5386e814903e758db442dd9ebe","","{""winningOptionsBefore"":[],""opponentThreatsBefore"":[],""allowedWinningReplies"":[],""immediateWinAvailable"":false,""tookImmediateWin"":false,""missedImmediateWin"":false,""safeAlternatives"":[3,2,4,1,5,0,6],""avoidableImmediateLoss"":false,""blockedThreat"":false,""playableThreatsAfter"":0,""unsupportedThreatsAfter"":0,""centerMove"":false,""legalCountBefore"":7,""openWindowsAfter"":{""self"":[59,6,0,0,0],""opponent"":[59,2,0,0,0]},""occupancyAfter"":0.07142857142857142}","1790054834140"
"bench-20260922-7-2","normal","benchmark-c4-policy-1.0.0-local","1","false","false","4","jev","3","0","bench-20260922-7-2-ply-4","false","0d1f64ca093987d09a77700c28a03ad9cf644e5386e814903e758db442dd9ebe","25c2a7fb18be1a42ad84b0d44b1a38d12ec0f5ae75e728626c38f1c361c6641d","","{""winningOptionsBefore"":[],""opponentThreatsBefore"":[],""allowedWinningReplies"":[],""immediateWinAvailable"":false,""tookImmediateWin"":false,""missedImmediateWin"":false,""safeAlternatives"":[3,2,4,1,5,0,6],""avoidableImmediateLoss"":false,""blockedThreat"":false,""playableThreatsAfter"":0,""unsupportedThreatsAfter"":0,""centerMove"":true,""legalCountBefore"":7,""openWindowsAfter"":{""self"":[56,5,0,0,0],""opponent"":[56,4,0,0,0]},""occupancyAfter"":0.09523809523809523}","1790054834144"
"bench-20260922-7-2","normal","benchmark-c4-policy-1.0.0-local","1","false","false","5","human","6","1","bench-20260922-7-2-ply-5","false","25c2a7fb18be1a42ad84b0d44b1a38d12ec0f5ae75e728626c38f1c361c6641d","a98a9bc2ca5d745fa460c6452fc9a16f66a22bafadcf2fe476aefd418475321e","","{""winningOptionsBefore"":[],""opponentThreatsBefore"":[],""allowedWinningReplies"":[],""immediateWinAvailable"":false,""tookImmediateWin"":false,""missedImmediateWin"":false,""safeAlternatives"":[3,2,4,1,5,0,6],""avoidableImmediateLoss"":false,""blockedThreat"":false,""playableThreatsAfter"":0,""unsupportedThreatsAfter"":0,""centerMove"":false,""legalCountBefore"":7,""openWindowsAfter"":{""self"":[53,6,1,0,0],""opponent"":[53,5,0,0,0]},""occupancyAfter"":0.11904761904761904}","1790054834144"
"bench-20260922-7-2","normal","benchmark-c4-policy-1.0.0-local","1","false","false","6","jev","3","1","bench-20260922-7-2-ply-6","false","a98a9bc2ca5d745fa460c6452fc9a16f66a22bafadcf2fe476aefd418475321e","67b1b6e8bd4cd822f16d663686a9e9665e18ef1d272cbb0fc61fad175e214ece","","{""winningOptionsBefore"":[],""opponentThreatsBefore"":[],""allowedWinningReplies"":[],""immediateWinAvailable"":false,""tookImmediateWin"":false,""missedImmediateWin"":false,""safeAlternatives"":[3,2,4,1,5,0,6],""avoidableImmediateLoss"":false,""blockedThreat"":false,""playableThreatsAfter"":0,""unsupportedThreatsAfter"":0,""centerMove"":true,""legalCountBefore"":7,""openWindowsAfter"":{""self"":[46,11,1,0,0],""opponent"":[46,4,1,0,0]},""occupancyAfter"":0.14285714285714285}","1790054834146"
"bench-20260922-7-2","normal","benchmark-c4-policy-1.0.0-local","1","false","false","7","human","6","2","bench-20260922-7-2-ply-7","false","67b1b6e8bd4cd822f16d663686a9e9665e18ef1d272cbb0fc61fad175e214ece","becbe058a10fa67e8940c3f25fcfd1f025dee6b6e2cdb2b8f34755697b5348a8","","{""winningOptionsBefore"":[],""opponentThreatsBefore"":[],""allowedWinningReplies"":[],""immediateWinAvailable"":false,""tookImmediateWin"":false,""missedImmediateWin"":false,""safeAlternatives"":[3,2,4,1,5,0,6],""avoidableImmediateLoss"":false,""blockedThreat"":false,""playableThreatsAfter"":1,""unsupportedThreatsAfter"":0,""centerMove"":false,""legalCountBefore"":7,""openWindowsAfter"":{""self"":[43,6,1,1,0],""opponent"":[43,11,1,0,0]},""occupancyAfter"":0.16666666666666666}","1790054834147"
"bench-20260922-7-2","normal","benchmark-c4-policy-1.0.0-local","1","false","false","8","jev","6","3","bench-20260922-7-2-ply-8","false","becbe058a10fa67e8940c3f25fcfd1f025dee6b6e2cdb2b8f34755697b5348a8","16adfb3664a6c8bffca73bb0dd12b2d8b3498385a58f3d7421c5852da61d20ae","","{""winningOptionsBefore"":[],""opponentThreatsBefore"":[6],""allowedWinningReplies"":[],""immediateWinAvailable"":false,""tookImmediateWin"":false,""missedImmediateWin"":false,""safeAlternatives"":[6],""avoidableImmediateLoss"":false,""blockedThreat"":true,""playableThreatsAfter"":0,""unsupportedThreatsAfter"":0,""centerMove"":false,""legalCountBefore"":7,""openWindowsAfter"":{""self"":[42,11,2,0,0],""opponent"":[42,5,0,0,0]},""occupancyAfter"":0.19047619047619047}","1790054834149"
"bench-20260922-7-2","normal","benchmark-c4-policy-1.0.0-local","1","false","false","9","human","2","1","bench-20260922-7-2-ply-9","false","16adfb3664a6c8bffca73bb0dd12b2d8b3498385a58f3d7421c5852da61d20ae","234ffc6d3497bd41d4cd37706561a27c891b3f9273fedf8084de393097ff7e36","","{""winningOptionsBefore"":[],""opponentThreatsBefore"":[],""allowedWinningReplies"":[],""immediateWinAvailable"":false,""tookImmediateWin"":false,""missedImmediateWin"":false,""safeAlternatives"":[3,2,4,1,5,0,6],""avoidableImmediateLoss"":false,""blockedThreat"":false,""playableThreatsAfter"":0,""unsupportedThreatsAfter"":0,""centerMove"":false,""legalCountBefore"":7,""openWindowsAfter"":{""self"":[39,7,1,0,0],""opponent"":[39,7,2,0,0]},""occupancyAfter"":0.21428571428571427}","1790054834150"
"bench-20260922-7-2","normal","benchmark-c4-policy-1.0.0-local","1","false","false","10","jev","3","2","bench-20260922-7-2-ply-10","false","234ffc6d3497bd41d4cd37706561a27c891b3f9273fedf8084de393097ff7e36","16f4fd339774879db618895a255b9d3722b54d96cad5c8a2e3aa5a49b9dc01ee","","{""winningOptionsBefore"":[],""opponentThreatsBefore"":[],""allowedWinningReplies"":[],""immediateWinAvailable"":false,""tookImmediateWin"":false,""missedImmediateWin"":false,""safeAlternatives"":[3,2,4,1,5,0,6],""avoidableImmediateLoss"":false,""blockedThreat"":false,""playableThreatsAfter"":1,""unsupportedThreatsAfter"":0,""centerMove"":true,""legalCountBefore"":7,""openWindowsAfter"":{""self"":[32,12,3,1,0],""opponent"":[32,4,1,0,0]},""occupancyAfter"":0.23809523809523808}","1790054834152"
"bench-20260922-7-2","normal","benchmark-c4-policy-1.0.0-local","1","false","false","11","human","5","1","bench-20260922-7-2-ply-11","false","16f4fd339774879db618895a255b9d3722b54d96cad5c8a2e3aa5a49b9dc01ee","ddac0925221c2f8b253a8eae7b6af788fc3ba2c1ae95681c9f3129398978eace","","{""winningOptionsBefore"":[],""opponentThreatsBefore"":[3],""allowedWinningReplies"":[3],""immediateWinAvailable"":false,""tookImmediateWin"":false,""missedImmediateWin"":false,""safeAlternatives"":[3],""avoidableImmediateLoss"":true,""blockedThreat"":false,""playableThreatsAfter"":0,""unsupportedThreatsAfter"":0,""centerMove"":false,""legalCountBefore"":7,""openWindowsAfter"":{""self"":[30,5,2,0,0],""opponent"":[30,11,3,1,0]},""occupancyAfter"":0.2619047619047619}","1790054834153"
"bench-20260922-7-2","normal","benchmark-c4-policy-1.0.0-local","1","false","false","12","jev","3","3","bench-20260922-7-2-ply-12","false","ddac0925221c2f8b253a8eae7b6af788fc3ba2c1ae95681c9f3129398978eace","adae2b16bffb16a1b92a03ff771b9793c7e099e935885d43260a2c1acdf011b1","","{""winningOptionsBefore"":[3],""opponentThreatsBefore"":[],""allowedWinningReplies"":[],""immediateWinAvailable"":true,""tookImmediateWin"":true,""missedImmediateWin"":false,""safeAlternatives"":[3,2,4,1,5,0,6],""avoidableImmediateLoss"":false,""blockedThreat"":false,""playableThreatsAfter"":1,""unsupportedThreatsAfter"":0,""centerMove"":true,""legalCountBefore"":7,""openWindowsAfter"":{""self"":[23,16,4,1,1],""opponent"":[23,4,1,0,0]},""occupancyAfter"":0.2857142857142857}","1790054834156"
"bench-20260922-8-1","normal","benchmark-c4-policy-1.0.0-local","2","false","false","1","jev","5","0","","true","ad8a81d14e5bf81950606f727698b1c2ff606f3e3dfa5704014475a3ce6be43a","527a52edb5ebfe15dbd5ebb2f6605f9fa13253525d93bd599b08576358915e2c","","{""winningOptionsBefore"":[],""opponentThreatsBefore"":[],""allowedWinningReplies"":[],""immediateWinAvailable"":false,""tookImmediateWin"":false,""missedImmediateWin"":false,""safeAlternatives"":[3,2,4,1,5,0,6],""avoidableImmediateLoss"":false,""blockedThreat"":false,""playableThreatsAfter"":0,""unsupportedThreatsAfter"":0,""centerMove"":false,""legalCountBefore"":7,""openWindowsAfter"":{""self"":[65,4,0,0,0],""opponent"":[65,0,0,0,0]},""occupancyAfter"":0.023809523809523808}","1790054834157"
"bench-20260922-8-1","normal","benchmark-c4-policy-1.0.0-local","2","false","false","2","human","5","1","","true","527a52edb5ebfe15dbd5ebb2f6605f9fa13253525d93bd599b08576358915e2c","4632564c2d11eeef7f49f93718c18c91e2ea431c490f78dd8b6924b136a2be07","","{""winningOptionsBefore"":[],""opponentThreatsBefore"":[],""allowedWinningReplies"":[],""immediateWinAvailable"":false,""tookImmediateWin"":false,""missedImmediateWin"":false,""safeAlternatives"":[3,2,4,1,5,0,6],""avoidableImmediateLoss"":false,""blockedThreat"":false,""playableThreatsAfter"":0,""unsupportedThreatsAfter"":0,""centerMove"":false,""legalCountBefore"":7,""openWindowsAfter"":{""self"":[60,5,0,0,0],""opponent"":[60,3,0,0,0]},""occupancyAfter"":0.047619047619047616}","1790054834157"
"bench-20260922-8-1","normal","benchmark-c4-policy-1.0.0-local","2","false","false","3","jev","4","0","","true","4632564c2d11eeef7f49f93718c18c91e2ea431c490f78dd8b6924b136a2be07","9cbef49ad88e09c2ef57cfb73a2aadcf19a77967987a9a68f6291099c0ed88fd","","{""winningOptionsBefore"":[],""opponentThreatsBefore"":[],""allowedWinningReplies"":[],""immediateWinAvailable"":false,""tookImmediateWin"":false,""missedImmediateWin"":false,""safeAlternatives"":[3,2,4,1,5,0,6],""avoidableImmediateLoss"":false,""blockedThreat"":false,""playableThreatsAfter"":0,""unsupportedThreatsAfter"":0,""centerMove"":false,""legalCountBefore"":7,""openWindowsAfter"":{""self"":[57,4,2,0,0],""opponent"":[57,5,0,0,0]},""occupancyAfter"":0.07142857142857142}","1790054834159"
"bench-20260922-8-1","normal","benchmark-c4-policy-1.0.0-local","2","false","false","4","human","2","0","bench-20260922-8-1-ply-4","false","9cbef49ad88e09c2ef57cfb73a2aadcf19a77967987a9a68f6291099c0ed88fd","3ce66324e468c563df644ee53515dba302caaf470a65e1624084a08a67e12136","","{""winningOptionsBefore"":[],""opponentThreatsBefore"":[],""allowedWinningReplies"":[],""immediateWinAvailable"":false,""tookImmediateWin"":false,""missedImmediateWin"":false,""safeAlternatives"":[3,2,4,1,5,0,6],""avoidableImmediateLoss"":false,""blockedThreat"":false,""playableThreatsAfter"":0,""unsupportedThreatsAfter"":0,""centerMove"":false,""legalCountBefore"":7,""openWindowsAfter"":{""self"":[54,8,0,0,0],""opponent"":[54,3,1,0,0]},""occupancyAfter"":0.09523809523809523}","1790054834160"
"bench-20260922-8-1","normal","benchmark-c4-policy-1.0.0-local","2","false","false","5","jev","3","0","bench-20260922-8-1-ply-5","false","3ce66324e468c563df644ee53515dba302caaf470a65e1624084a08a67e12136","e29f35f29c6ea62e83f47730f4c13d16e7e6bd9d5522f4935fdf11a180208db5","","{""winningOptionsBefore"":[],""opponentThreatsBefore"":[],""allowedWinningReplies"":[],""immediateWinAvailable"":false,""tookImmediateWin"":false,""missedImmediateWin"":false,""safeAlternatives"":[3,2,4,1,5,0,6],""avoidableImmediateLoss"":false,""blockedThreat"":false,""playableThreatsAfter"":1,""unsupportedThreatsAfter"":0,""centerMove"":true,""legalCountBefore"":7,""openWindowsAfter"":{""self"":[51,6,0,1,0],""opponent"":[51,7,0,0,0]},""occupancyAfter"":0.11904761904761904}","1790054834161"
"bench-20260922-8-1","normal","benchmark-c4-policy-1.0.0-local","2","false","false","6","human","3","1","bench-20260922-8-1-ply-6","false","e29f35f29c6ea62e83f47730f4c13d16e7e6bd9d5522f4935fdf11a180208db5","3e320ebb575acd38d641ed98068fe5de1a6687923f0161ecccfaa544f7880587","","{""winningOptionsBefore"":[],""opponentThreatsBefore"":[6],""allowedWinningReplies"":[6],""immediateWinAvailable"":false,""tookImmediateWin"":false,""missedImmediateWin"":false,""safeAlternatives"":[6],""avoidableImmediateLoss"":true,""blockedThreat"":false,""playableThreatsAfter"":0,""unsupportedThreatsAfter"":0,""centerMove"":true,""legalCountBefore"":7,""openWindowsAfter"":{""self"":[46,9,3,0,0],""opponent"":[46,4,0,1,0]},""occupancyAfter"":0.14285714285714285}","1790054834162"
"bench-20260922-8-1","normal","benchmark-c4-policy-1.0.0-local","2","false","false","7","jev","6","0","bench-20260922-8-1-ply-7","false","3e320ebb575acd38d641ed98068fe5de1a6687923f0161ecccfaa544f7880587","cdaded19707dd95aa9d761fdc08b2f8a9de853157f95b290ce22fa2720981a90","","{""winningOptionsBefore"":[6],""opponentThreatsBefore"":[],""allowedWinningReplies"":[],""immediateWinAvailable"":true,""tookImmediateWin"":true,""missedImmediateWin"":false,""safeAlternatives"":[3,2,4,1,5,0,6],""avoidableImmediateLoss"":false,""blockedThreat"":false,""playableThreatsAfter"":0,""unsupportedThreatsAfter"":0,""centerMove"":false,""legalCountBefore"":7,""openWindowsAfter"":{""self"":[45,5,0,0,1],""opponent"":[45,8,3,0,0]},""occupancyAfter"":0.16666666666666666}","1790054834165"
"bench-20260922-8-2","normal","benchmark-c4-policy-1.0.0-local","1","false","false","1","human","5","0","","true","ad8a81d14e5bf81950606f727698b1c2ff606f3e3dfa5704014475a3ce6be43a","527a52edb5ebfe15dbd5ebb2f6605f9fa13253525d93bd599b08576358915e2c","","{""winningOptionsBefore"":[],""opponentThreatsBefore"":[],""allowedWinningReplies"":[],""immediateWinAvailable"":false,""tookImmediateWin"":false,""missedImmediateWin"":false,""safeAlternatives"":[3,2,4,1,5,0,6],""avoidableImmediateLoss"":false,""blockedThreat"":false,""playableThreatsAfter"":0,""unsupportedThreatsAfter"":0,""centerMove"":false,""legalCountBefore"":7,""openWindowsAfter"":{""self"":[65,4,0,0,0],""opponent"":[65,0,0,0,0]},""occupancyAfter"":0.023809523809523808}","1790054834166"
"bench-20260922-8-2","normal","benchmark-c4-policy-1.0.0-local","1","false","false","2","jev","5","1","","true","527a52edb5ebfe15dbd5ebb2f6605f9fa13253525d93bd599b08576358915e2c","4632564c2d11eeef7f49f93718c18c91e2ea431c490f78dd8b6924b136a2be07","","{""winningOptionsBefore"":[],""opponentThreatsBefore"":[],""allowedWinningReplies"":[],""immediateWinAvailable"":false,""tookImmediateWin"":false,""missedImmediateWin"":false,""safeAlternatives"":[3,2,4,1,5,0,6],""avoidableImmediateLoss"":false,""blockedThreat"":false,""playableThreatsAfter"":0,""unsupportedThreatsAfter"":0,""centerMove"":false,""legalCountBefore"":7,""openWindowsAfter"":{""self"":[60,5,0,0,0],""opponent"":[60,3,0,0,0]},""occupancyAfter"":0.047619047619047616}","1790054834167"
"bench-20260922-8-2","normal","benchmark-c4-policy-1.0.0-local","1","false","false","3","human","4","0","","true","4632564c2d11eeef7f49f93718c18c91e2ea431c490f78dd8b6924b136a2be07","9cbef49ad88e09c2ef57cfb73a2aadcf19a77967987a9a68f6291099c0ed88fd","","{""winningOptionsBefore"":[],""opponentThreatsBefore"":[],""allowedWinningReplies"":[],""immediateWinAvailable"":false,""tookImmediateWin"":false,""missedImmediateWin"":false,""safeAlternatives"":[3,2,4,1,5,0,6],""avoidableImmediateLoss"":false,""blockedThreat"":false,""playableThreatsAfter"":0,""unsupportedThreatsAfter"":0,""centerMove"":false,""legalCountBefore"":7,""openWindowsAfter"":{""self"":[57,4,2,0,0],""opponent"":[57,5,0,0,0]},""occupancyAfter"":0.07142857142857142}","1790054834167"
"bench-20260922-8-2","normal","benchmark-c4-policy-1.0.0-local","1","false","false","4","jev","3","0","bench-20260922-8-2-ply-4","false","9cbef49ad88e09c2ef57cfb73a2aadcf19a77967987a9a68f6291099c0ed88fd","087e506fedc9421be345cbb3c845588d730d5d947acf737322df9eccf3255b29","","{""winningOptionsBefore"":[],""opponentThreatsBefore"":[],""allowedWinningReplies"":[],""immediateWinAvailable"":false,""tookImmediateWin"":false,""missedImmediateWin"":false,""safeAlternatives"":[3,2,4,1,5,0,6],""avoidableImmediateLoss"":false,""blockedThreat"":false,""playableThreatsAfter"":0,""unsupportedThreatsAfter"":0,""centerMove"":true,""legalCountBefore"":7,""openWindowsAfter"":{""self"":[53,9,0,0,0],""opponent"":[53,3,0,0,0]},""occupancyAfter"":0.09523809523809523}","1790054834169"
"bench-20260922-8-2","normal","benchmark-c4-policy-1.0.0-local","1","false","false","5","human","2","0","bench-20260922-8-2-ply-5","false","087e506fedc9421be345cbb3c845588d730d5d947acf737322df9eccf3255b29","8efcc3dca1ffa16cc52b2a704794d6c45061189bb933bf8fbc520139256de9d4","","{""winningOptionsBefore"":[],""opponentThreatsBefore"":[],""allowedWinningReplies"":[],""immediateWinAvailable"":false,""tookImmediateWin"":false,""missedImmediateWin"":false,""safeAlternatives"":[3,2,4,1,5,0,6],""avoidableImmediateLoss"":false,""blockedThreat"":false,""playableThreatsAfter"":0,""unsupportedThreatsAfter"":0,""centerMove"":false,""legalCountBefore"":7,""openWindowsAfter"":{""self"":[51,5,0,0,0],""opponent"":[51,8,0,0,0]},""occupancyAfter"":0.11904761904761904}","1790054834170"
"bench-20260922-8-2","normal","benchmark-c4-policy-1.0.0-local","1","false","false","6","jev","3","1","bench-20260922-8-2-ply-6","false","8efcc3dca1ffa16cc52b2a704794d6c45061189bb933bf8fbc520139256de9d4","80da24b2c257826904f869a4821e622ab188758db5b052ce30b77cffeecb0729","","{""winningOptionsBefore"":[],""opponentThreatsBefore"":[],""allowedWinningReplies"":[],""immediateWinAvailable"":false,""tookImmediateWin"":false,""missedImmediateWin"":false,""safeAlternatives"":[3,2,4,1,5,0,6],""avoidableImmediateLoss"":false,""blockedThreat"":false,""playableThreatsAfter"":0,""unsupportedThreatsAfter"":0,""centerMove"":true,""legalCountBefore"":7,""openWindowsAfter"":{""self"":[46,10,3,0,0],""opponent"":[46,3,0,0,0]},""occupancyAfter"":0.14285714285714285}","1790054834172"
"bench-20260922-8-2","normal","benchmark-c4-policy-1.0.0-local","1","false","false","7","human","3","2","bench-20260922-8-2-ply-7","false","80da24b2c257826904f869a4821e622ab188758db5b052ce30b77cffeecb0729","1ae545397e0eaf16bd3ebea89e1d5fc9c5b767c90b75b11e8c62b354c591470c","","{""winningOptionsBefore"":[],""opponentThreatsBefore"":[],""allowedWinningReplies"":[],""immediateWinAvailable"":false,""tookImmediateWin"":false,""missedImmediateWin"":false,""safeAlternatives"":[3,2,4,1,5,0,6],""avoidableImmediateLoss"":false,""blockedThreat"":false,""playableThreatsAfter"":0,""unsupportedThreatsAfter"":0,""centerMove"":true,""legalCountBefore"":7,""openWindowsAfter"":{""self"":[36,12,1,0,0],""opponent"":[36,9,2,0,0]},""occupancyAfter"":0.16666666666666666}","1790054834173"
"bench-20260922-8-2","normal","benchmark-c4-policy-1.0.0-local","1","false","false","8","jev","4","1","bench-20260922-8-2-ply-8","false","1ae545397e0eaf16bd3ebea89e1d5fc9c5b767c90b75b11e8c62b354c591470c","e157a076987dedafa63a0c485c4a246288a9cb6aba69a53b20be3cf10301383c","","{""winningOptionsBefore"":[],""opponentThreatsBefore"":[],""allowedWinningReplies"":[],""immediateWinAvailable"":false,""tookImmediateWin"":false,""missedImmediateWin"":false,""safeAlternatives"":[3,2,4,1,5,0,6],""avoidableImmediateLoss"":false,""blockedThreat"":false,""playableThreatsAfter"":1,""unsupportedThreatsAfter"":1,""centerMove"":false,""legalCountBefore"":7,""openWindowsAfter"":{""self"":[35,8,2,2,0],""opponent"":[35,10,0,0,0]},""occupancyAfter"":0.19047619047619047}","1790054834176"
"bench-20260922-8-2","normal","benchmark-c4-policy-1.0.0-local","1","false","false","9","human","6","0","bench-20260922-8-2-ply-9","false","e157a076987dedafa63a0c485c4a246288a9cb6aba69a53b20be3cf10301383c","c968317e98c674d2d73132331c191ffd4c6be419f736bb53f74bab4b1c1587e0","","{""winningOptionsBefore"":[],""opponentThreatsBefore"":[2],""allowedWinningReplies"":[2,6],""immediateWinAvailable"":false,""tookImmediateWin"":false,""missedImmediateWin"":false,""safeAlternatives"":[2],""avoidableImmediateLoss"":true,""blockedThreat"":false,""playableThreatsAfter"":0,""unsupportedThreatsAfter"":0,""centerMove"":false,""legalCountBefore"":7,""openWindowsAfter"":{""self"":[34,11,0,0,0],""opponent"":[34,7,2,2,0]},""occupancyAfter"":0.21428571428571427}","1790054834177"
"bench-20260922-8-2","normal","benchmark-c4-policy-1.0.0-local","1","false","false","10","jev","2","1","bench-20260922-8-2-ply-10","false","c968317e98c674d2d73132331c191ffd4c6be419f736bb53f74bab4b1c1587e0","d38c318037dab991237babf84f4be5cb49f58f98a4478b9b54d3df33b849cdac","","{""winningOptionsBefore"":[2,6],""opponentThreatsBefore"":[],""allowedWinningReplies"":[],""immediateWinAvailable"":true,""tookImmediateWin"":true,""missedImmediateWin"":false,""safeAlternatives"":[3,2,4,1,5,0,6],""avoidableImmediateLoss"":false,""blockedThreat"":false,""playableThreatsAfter"":1,""unsupportedThreatsAfter"":1,""centerMove"":false,""legalCountBefore"":7,""openWindowsAfter"":{""self"":[33,6,3,2,1],""opponent"":[33,8,0,0,0]},""occupancyAfter"":0.23809523809523808}","1790054834179"
"bench-20260922-9-1","normal","benchmark-c4-policy-1.0.0-local","2","false","false","1","jev","3","0","","true","ad8a81d14e5bf81950606f727698b1c2ff606f3e3dfa5704014475a3ce6be43a","5dc6d94d13ebdf020453ed5adff1525915f4e059815ff753f98f3e1919f34391","","{""winningOptionsBefore"":[],""opponentThreatsBefore"":[],""allowedWinningReplies"":[],""immediateWinAvailable"":false,""tookImmediateWin"":false,""missedImmediateWin"":false,""safeAlternatives"":[3,2,4,1,5,0,6],""avoidableImmediateLoss"":false,""blockedThreat"":false,""playableThreatsAfter"":0,""unsupportedThreatsAfter"":0,""centerMove"":true,""legalCountBefore"":7,""openWindowsAfter"":{""self"":[62,7,0,0,0],""opponent"":[62,0,0,0,0]},""occupancyAfter"":0.023809523809523808}","1790054834180"
"bench-20260922-9-1","normal","benchmark-c4-policy-1.0.0-local","2","false","false","2","human","6","0","","true","5dc6d94d13ebdf020453ed5adff1525915f4e059815ff753f98f3e1919f34391","40d11f8bb915050aef9d5002e06a4099e31e3f304d702a785b439554ec2119db","","{""winningOptionsBefore"":[],""opponentThreatsBefore"":[],""allowedWinningReplies"":[],""immediateWinAvailable"":false,""tookImmediateWin"":false,""missedImmediateWin"":false,""safeAlternatives"":[3,2,4,1,5,0,6],""avoidableImmediateLoss"":false,""blockedThreat"":false,""playableThreatsAfter"":0,""unsupportedThreatsAfter"":0,""centerMove"":false,""legalCountBefore"":7,""openWindowsAfter"":{""self"":[60,2,0,0,0],""opponent"":[60,6,0,0,0]},""occupancyAfter"":0.047619047619047616}","1790054834180"
"bench-20260922-9-1","normal","benchmark-c4-policy-1.0.0-local","2","false","false","3","jev","1","0","","true","40d11f8bb915050aef9d5002e06a4099e31e3f304d702a785b439554ec2119db","dd600c0042fbf7eba1bab7a5b96ac98cd8b8f6fc17e9161da30ca4035b900b6e","","{""winningOptionsBefore"":[],""opponentThreatsBefore"":[],""allowedWinningReplies"":[],""immediateWinAvailable"":false,""tookImmediateWin"":false,""missedImmediateWin"":false,""safeAlternatives"":[3,2,4,1,5,0,6],""avoidableImmediateLoss"":false,""blockedThreat"":false,""playableThreatsAfter"":0,""unsupportedThreatsAfter"":0,""centerMove"":false,""legalCountBefore"":7,""openWindowsAfter"":{""self"":[58,6,2,0,0],""opponent"":[58,2,0,0,0]},""occupancyAfter"":0.07142857142857142}","1790054834181"
"bench-20260922-9-1","normal","benchmark-c4-policy-1.0.0-local","2","false","false","4","human","1","1","","true","dd600c0042fbf7eba1bab7a5b96ac98cd8b8f6fc17e9161da30ca4035b900b6e","9508fa87e074f2d73cf9813aa43749bf4e46c47afd45a68a7b03d2676009f655","","{""winningOptionsBefore"":[],""opponentThreatsBefore"":[],""allowedWinningReplies"":[],""immediateWinAvailable"":false,""tookImmediateWin"":false,""missedImmediateWin"":false,""safeAlternatives"":[3,2,4,1,5,0,6],""avoidableImmediateLoss"":false,""blockedThreat"":false,""playableThreatsAfter"":0,""unsupportedThreatsAfter"":0,""centerMove"":false,""legalCountBefore"":7,""openWindowsAfter"":{""self"":[53,7,0,0,0],""opponent"":[53,5,2,0,0]},""occupancyAfter"":0.09523809523809523}","1790054834182"
"bench-20260922-9-1","normal","benchmark-c4-policy-1.0.0-local","2","false","false","5","jev","2","0","bench-20260922-9-1-ply-5","false","9508fa87e074f2d73cf9813aa43749bf4e46c47afd45a68a7b03d2676009f655","4f16c18bcc82ecfb7c1348ac5da9dd0593f84e29f49ea15bb905939d6acb9889","","{""winningOptionsBefore"":[],""opponentThreatsBefore"":[],""allowedWinningReplies"":[],""immediateWinAvailable"":false,""tookImmediateWin"":false,""missedImmediateWin"":false,""safeAlternatives"":[3,2,4,1,5,0,6],""avoidableImmediateLoss"":false,""blockedThreat"":false,""playableThreatsAfter"":2,""unsupportedThreatsAfter"":0,""centerMove"":false,""legalCountBefore"":7,""openWindowsAfter"":{""self"":[51,6,1,2,0],""opponent"":[51,7,0,0,0]},""occupancyAfter"":0.11904761904761904}","1790054834184"
"bench-20260922-9-1","normal","benchmark-c4-policy-1.0.0-local","2","false","false","6","human","2","1","bench-20260922-9-1-ply-6","false","4f16c18bcc82ecfb7c1348ac5da9dd0593f84e29f49ea15bb905939d6acb9889","3445c5c9ca013e74653b3fa6c58c6c70368c563064e6f53257568baad04fa45c","","{""winningOptionsBefore"":[],""opponentThreatsBefore"":[4,0],""allowedWinningReplies"":[4,0],""immediateWinAvailable"":false,""tookImmediateWin"":false,""missedImmediateWin"":false,""safeAlternatives"":[],""avoidableImmediateLoss"":false,""blockedThreat"":false,""playableThreatsAfter"":0,""unsupportedThreatsAfter"":0,""centerMove"":false,""legalCountBefore"":7,""openWindowsAfter"":{""self"":[48,8,2,0,0],""opponent"":[48,3,1,2,0]},""occupancyAfter"":0.14285714285714285}","1790054834185"
"bench-20260922-9-1","normal","benchmark-c4-policy-1.0.0-local","2","false","false","7","jev","4","0","bench-20260922-9-1-ply-7","false","3445c5c9ca013e74653b3fa6c58c6c70368c563064e6f53257568baad04fa45c","ece61bdfd7556a3010c12bda32c2c966e4a7e564721a73e8ad6f7481883c4341","","{""winningOptionsBefore"":[4,0],""opponentThreatsBefore"":[],""allowedWinningReplies"":[],""immediateWinAvailable"":true,""tookImmediateWin"":true,""missedImmediateWin"":false,""safeAlternatives"":[3,2,4,1,5,0,6],""avoidableImmediateLoss"":false,""blockedThreat"":false,""playableThreatsAfter"":2,""unsupportedThreatsAfter"":0,""centerMove"":false,""legalCountBefore"":7,""openWindowsAfter"":{""self"":[46,5,0,2,1],""opponent"":[46,8,2,0,0]},""occupancyAfter"":0.16666666666666666}","1790054834187"
"bench-20260922-9-2","normal","benchmark-c4-policy-1.0.0-local","1","false","false","1","human","3","0","","true","ad8a81d14e5bf81950606f727698b1c2ff606f3e3dfa5704014475a3ce6be43a","5dc6d94d13ebdf020453ed5adff1525915f4e059815ff753f98f3e1919f34391","","{""winningOptionsBefore"":[],""opponentThreatsBefore"":[],""allowedWinningReplies"":[],""immediateWinAvailable"":false,""tookImmediateWin"":false,""missedImmediateWin"":false,""safeAlternatives"":[3,2,4,1,5,0,6],""avoidableImmediateLoss"":false,""blockedThreat"":false,""playableThreatsAfter"":0,""unsupportedThreatsAfter"":0,""centerMove"":true,""legalCountBefore"":7,""openWindowsAfter"":{""self"":[62,7,0,0,0],""opponent"":[62,0,0,0,0]},""occupancyAfter"":0.023809523809523808}","1790054834188"
"bench-20260922-9-2","normal","benchmark-c4-policy-1.0.0-local","1","false","false","2","jev","6","0","","true","5dc6d94d13ebdf020453ed5adff1525915f4e059815ff753f98f3e1919f34391","40d11f8bb915050aef9d5002e06a4099e31e3f304d702a785b439554ec2119db","","{""winningOptionsBefore"":[],""opponentThreatsBefore"":[],""allowedWinningReplies"":[],""immediateWinAvailable"":false,""tookImmediateWin"":false,""missedImmediateWin"":false,""safeAlternatives"":[3,2,4,1,5,0,6],""avoidableImmediateLoss"":false,""blockedThreat"":false,""playableThreatsAfter"":0,""unsupportedThreatsAfter"":0,""centerMove"":false,""legalCountBefore"":7,""openWindowsAfter"":{""self"":[60,2,0,0,0],""opponent"":[60,6,0,0,0]},""occupancyAfter"":0.047619047619047616}","1790054834189"
"bench-20260922-9-2","normal","benchmark-c4-policy-1.0.0-local","1","false","false","3","human","1","0","","true","40d11f8bb915050aef9d5002e06a4099e31e3f304d702a785b439554ec2119db","dd600c0042fbf7eba1bab7a5b96ac98cd8b8f6fc17e9161da30ca4035b900b6e","","{""winningOptionsBefore"":[],""opponentThreatsBefore"":[],""allowedWinningReplies"":[],""immediateWinAvailable"":false,""tookImmediateWin"":false,""missedImmediateWin"":false,""safeAlternatives"":[3,2,4,1,5,0,6],""avoidableImmediateLoss"":false,""blockedThreat"":false,""playableThreatsAfter"":0,""unsupportedThreatsAfter"":0,""centerMove"":false,""legalCountBefore"":7,""openWindowsAfter"":{""self"":[58,6,2,0,0],""opponent"":[58,2,0,0,0]},""occupancyAfter"":0.07142857142857142}","1790054834190"
"bench-20260922-9-2","normal","benchmark-c4-policy-1.0.0-local","1","false","false","4","jev","1","1","","true","dd600c0042fbf7eba1bab7a5b96ac98cd8b8f6fc17e9161da30ca4035b900b6e","9508fa87e074f2d73cf9813aa43749bf4e46c47afd45a68a7b03d2676009f655","","{""winningOptionsBefore"":[],""opponentThreatsBefore"":[],""allowedWinningReplies"":[],""immediateWinAvailable"":false,""tookImmediateWin"":false,""missedImmediateWin"":false,""safeAlternatives"":[3,2,4,1,5,0,6],""avoidableImmediateLoss"":false,""blockedThreat"":false,""playableThreatsAfter"":0,""unsupportedThreatsAfter"":0,""centerMove"":false,""legalCountBefore"":7,""openWindowsAfter"":{""self"":[53,7,0,0,0],""opponent"":[53,5,2,0,0]},""occupancyAfter"":0.09523809523809523}","1790054834190"
"bench-20260922-9-2","normal","benchmark-c4-policy-1.0.0-local","1","false","false","5","human","2","0","bench-20260922-9-2-ply-5","false","9508fa87e074f2d73cf9813aa43749bf4e46c47afd45a68a7b03d2676009f655","4f16c18bcc82ecfb7c1348ac5da9dd0593f84e29f49ea15bb905939d6acb9889","","{""winningOptionsBefore"":[],""opponentThreatsBefore"":[],""allowedWinningReplies"":[],""immediateWinAvailable"":false,""tookImmediateWin"":false,""missedImmediateWin"":false,""safeAlternatives"":[3,2,4,1,5,0,6],""avoidableImmediateLoss"":false,""blockedThreat"":false,""playableThreatsAfter"":2,""unsupportedThreatsAfter"":0,""centerMove"":false,""legalCountBefore"":7,""openWindowsAfter"":{""self"":[51,6,1,2,0],""opponent"":[51,7,0,0,0]},""occupancyAfter"":0.11904761904761904}","1790054834191"
"bench-20260922-9-2","normal","benchmark-c4-policy-1.0.0-local","1","false","false","6","jev","4","0","bench-20260922-9-2-ply-6","false","4f16c18bcc82ecfb7c1348ac5da9dd0593f84e29f49ea15bb905939d6acb9889","f4602c85ee6d60b5367c5f7900b3bc8256bcd4e66709f71cf57f46b3444b0233","","{""winningOptionsBefore"":[],""opponentThreatsBefore"":[4,0],""allowedWinningReplies"":[0],""immediateWinAvailable"":false,""tookImmediateWin"":false,""missedImmediateWin"":false,""safeAlternatives"":[],""avoidableImmediateLoss"":false,""blockedThreat"":false,""playableThreatsAfter"":0,""unsupportedThreatsAfter"":0,""centerMove"":false,""legalCountBefore"":7,""openWindowsAfter"":{""self"":[49,9,0,0,0],""opponent"":[49,6,0,1,0]},""occupancyAfter"":0.14285714285714285}","1790054834194"
"bench-20260922-9-2","normal","benchmark-c4-policy-1.0.0-local","1","false","false","7","human","5","0","bench-20260922-9-2-ply-7","false","f4602c85ee6d60b5367c5f7900b3bc8256bcd4e66709f71cf57f46b3444b0233","92763bd7d086311fb5d8491b68ea53bf7160caece719b6194779a6f9f339f57a","","{""winningOptionsBefore"":[0],""opponentThreatsBefore"":[],""allowedWinningReplies"":[],""immediateWinAvailable"":true,""tookImmediateWin"":false,""missedImmediateWin"":true,""safeAlternatives"":[3,2,4,1,5,0,6],""avoidableImmediateLoss"":false,""blockedThreat"":false,""playableThreatsAfter"":1,""unsupportedThreatsAfter"":0,""centerMove"":false,""legalCountBefore"":7,""openWindowsAfter"":{""self"":[47,8,0,1,0],""opponent"":[47,9,0,0,0]},""occupancyAfter"":0.16666666666666666}","1790054834196"
"bench-20260922-9-2","normal","benchmark-c4-policy-1.0.0-local","1","false","false","8","jev","0","0","bench-20260922-9-2-ply-8","false","92763bd7d086311fb5d8491b68ea53bf7160caece719b6194779a6f9f339f57a","29d69ea2fcb60c915faa9b6f5428e25719954d22a3f034d4f32ac5e1c88a7963","","{""winningOptionsBefore"":[],""opponentThreatsBefore"":[0],""allowedWinningReplies"":[],""immediateWinAvailable"":false,""tookImmediateWin"":false,""missedImmediateWin"":false,""safeAlternatives"":[0],""avoidableImmediateLoss"":false,""blockedThreat"":true,""playableThreatsAfter"":0,""unsupportedThreatsAfter"":0,""centerMove"":false,""legalCountBefore"":7,""openWindowsAfter"":{""self"":[46,9,1,0,0],""opponent"":[46,8,0,0,0]},""occupancyAfter"":0.19047619047619047}","1790054834199"
"bench-20260922-9-2","normal","benchmark-c4-policy-1.0.0-local","1","false","false","9","human","3","1","bench-20260922-9-2-ply-9","false","29d69ea2fcb60c915faa9b6f5428e25719954d22a3f034d4f32ac5e1c88a7963","2a408d2b059780e4a0e19ddcd7c0567f08d7bce451fb2bf5b685caefcbb5bc95","","{""winningOptionsBefore"":[],""opponentThreatsBefore"":[],""allowedWinningReplies"":[],""immediateWinAvailable"":false,""tookImmediateWin"":false,""missedImmediateWin"":false,""safeAlternatives"":[3,2,4,1,5,0,6],""avoidableImmediateLoss"":false,""blockedThreat"":false,""playableThreatsAfter"":0,""unsupportedThreatsAfter"":0,""centerMove"":true,""legalCountBefore"":7,""openWindowsAfter"":{""self"":[41,11,2,0,0],""opponent"":[41,6,1,0,0]},""occupancyAfter"":0.21428571428571427}","1790054834200"
"bench-20260922-9-2","normal","benchmark-c4-policy-1.0.0-local","1","false","false","10","jev","3","2","bench-20260922-9-2-ply-10","false","2a408d2b059780e4a0e19ddcd7c0567f08d7bce451fb2bf5b685caefcbb5bc95","1e670bdb06869b56f28cbff73fcbb35c068483ea50d92ce901508e3613eec0e8","","{""winningOptionsBefore"":[],""opponentThreatsBefore"":[],""allowedWinningReplies"":[],""immediateWinAvailable"":false,""tookImmediateWin"":false,""missedImmediateWin"":false,""safeAlternatives"":[3,2,4,1,5,0,6],""avoidableImmediateLoss"":false,""blockedThreat"":false,""playableThreatsAfter"":0,""unsupportedThreatsAfter"":0,""centerMove"":true,""legalCountBefore"":7,""openWindowsAfter"":{""self"":[32,15,1,0,0],""opponent"":[32,8,1,0,0]},""occupancyAfter"":0.23809523809523808}","1790054834202"
"bench-20260922-9-2","normal","benchmark-c4-policy-1.0.0-local","1","false","false","11","human","0","1","bench-20260922-9-2-ply-11","false","1e670bdb06869b56f28cbff73fcbb35c068483ea50d92ce901508e3613eec0e8","f2a4361157949c27d1d1e78a4216ef886239b9caca2a0b26a61a3631d4373b08","","{""winningOptionsBefore"":[],""opponentThreatsBefore"":[],""allowedWinningReplies"":[],""immediateWinAvailable"":false,""tookImmediateWin"":false,""missedImmediateWin"":false,""safeAlternatives"":[3,2,4,1,5,0,6],""avoidableImmediateLoss"":false,""blockedThreat"":false,""playableThreatsAfter"":0,""unsupportedThreatsAfter"":0,""centerMove"":false,""legalCountBefore"":7,""openWindowsAfter"":{""self"":[30,10,1,0,0],""opponent"":[30,14,1,0,0]},""occupancyAfter"":0.2619047619047619}","1790054834202"
"bench-20260922-9-2","normal","benchmark-c4-policy-1.0.0-local","1","false","false","12","jev","3","3","bench-20260922-9-2-ply-12","false","f2a4361157949c27d1d1e78a4216ef886239b9caca2a0b26a61a3631d4373b08","08ca52027d75c9e77850e266a34cda192638b683088900b541cbd921f8a80d79","","{""winningOptionsBefore"":[],""opponentThreatsBefore"":[],""allowedWinningReplies"":[],""immediateWinAvailable"":false,""tookImmediateWin"":false,""missedImmediateWin"":false,""safeAlternatives"":[3,2,4,1,5,0,6],""avoidableImmediateLoss"":false,""blockedThreat"":false,""playableThreatsAfter"":0,""unsupportedThreatsAfter"":1,""centerMove"":true,""legalCountBefore"":7,""openWindowsAfter"":{""self"":[23,18,3,1,0],""opponent"":[23,10,1,0,0]},""occupancyAfter"":0.2857142857142857}","1790054834209"
"bench-20260922-9-2","normal","benchmark-c4-policy-1.0.0-local","1","false","false","13","human","6","1","bench-20260922-9-2-ply-13","false","08ca52027d75c9e77850e266a34cda192638b683088900b541cbd921f8a80d79","5344fcc0a5298a2a0247c85cd7a9ab5d29891993a52f1d23582a0aefadda72fd","","{""winningOptionsBefore"":[],""opponentThreatsBefore"":[],""allowedWinningReplies"":[],""immediateWinAvailable"":false,""tookImmediateWin"":false,""missedImmediateWin"":false,""safeAlternatives"":[3,4,1,5,0,6],""avoidableImmediateLoss"":false,""blockedThreat"":false,""playableThreatsAfter"":0,""unsupportedThreatsAfter"":0,""centerMove"":false,""legalCountBefore"":7,""openWindowsAfter"":{""self"":[21,11,2,0,0],""opponent"":[21,17,3,1,0]},""occupancyAfter"":0.30952380952380953}","1790054834210"
"bench-20260922-9-2","normal","benchmark-c4-policy-1.0.0-local","1","false","false","14","jev","3","4","bench-20260922-9-2-ply-14","false","5344fcc0a5298a2a0247c85cd7a9ab5d29891993a52f1d23582a0aefadda72fd","a36dc19fde9ab6c12c3c8ba575a650f6a62cd6215ed4019fb684eb00cdddd923","","{""winningOptionsBefore"":[],""opponentThreatsBefore"":[],""allowedWinningReplies"":[],""immediateWinAvailable"":false,""tookImmediateWin"":false,""missedImmediateWin"":false,""safeAlternatives"":[3,2,4,1,5,0,6],""avoidableImmediateLoss"":false,""blockedThreat"":false,""playableThreatsAfter"":1,""unsupportedThreatsAfter"":1,""centerMove"":true,""legalCountBefore"":7,""openWindowsAfter"":{""self"":[15,23,2,2,0],""opponent"":[15,9,2,0,0]},""occupancyAfter"":0.3333333333333333}","1790054834212"
"bench-20260922-9-2","normal","benchmark-c4-policy-1.0.0-local","1","false","false","15","human","4","1","bench-20260922-9-2-ply-15","false","a36dc19fde9ab6c12c3c8ba575a650f6a62cd6215ed4019fb684eb00cdddd923","529dddc83f900d3aeeb8b0c09f6cf0200ad6aca2b42d78a045df9a2474e537c1","","{""winningOptionsBefore"":[],""opponentThreatsBefore"":[3],""allowedWinningReplies"":[3],""immediateWinAvailable"":false,""tookImmediateWin"":false,""missedImmediateWin"":false,""safeAlternatives"":[3],""avoidableImmediateLoss"":true,""blockedThreat"":false,""playableThreatsAfter"":1,""unsupportedThreatsAfter"":0,""centerMove"":false,""legalCountBefore"":7,""openWindowsAfter"":{""self"":[14,8,3,1,0],""opponent"":[14,21,2,2,0]},""occupancyAfter"":0.35714285714285715}","1790054834213"
"bench-20260922-9-2","normal","benchmark-c4-policy-1.0.0-local","1","false","false","16","jev","3","5","bench-20260922-9-2-ply-16","false","529dddc83f900d3aeeb8b0c09f6cf0200ad6aca2b42d78a045df9a2474e537c1","f768486b1b8bb6d1639d1fe9c2b81bf7f1d634a6cfd1f64414c406dd589bff4f","","{""winningOptionsBefore"":[3],""opponentThreatsBefore"":[5],""allowedWinningReplies"":[],""immediateWinAvailable"":true,""tookImmediateWin"":true,""missedImmediateWin"":false,""safeAlternatives"":[3,5],""avoidableImmediateLoss"":false,""blockedThreat"":false,""playableThreatsAfter"":0,""unsupportedThreatsAfter"":1,""centerMove"":true,""legalCountBefore"":7,""openWindowsAfter"":{""self"":[8,27,2,1,1],""opponent"":[8,8,3,1,0]},""occupancyAfter"":0.38095238095238093}","1790054834215"